id,sales
3000888,15.743545821851455
3000889,12.9290773096252
3000890,39.06813101282256
3000891,2164.4304678064773
3000892,12.9290773096252
3000893,381.14125270963785
3000894,22.218137658828994
3000895,827.7291085488994
3000896,800.0618357274482
3000897,206.75615946019454
3000898,216.62210159191838
3000899,125.49824914946149
3000900,2609.2083815101623
3000901,0.0
3000902,12.9290773096252
3000903,61.55378894084549
3000904,0.0
3000905,12.9290773096252
3000906,218.16299785372652
3000907,20.694411518637594
3000908,120.83207661664582
3000909,0.0
3000910,193.85368898073816
3000911,13.647652670923605
3000912,316.8819517227999
3000913,340.93639327780244
3000914,13.647652670923605
3000915,20.694411518637594
3000916,275.5348856950486
3000917,120.60490942264235
3000918,3715.833381177755
3000919,1.207418551631406
3000920,0.0
3000921,3.6052962748532877
3000922,0.7908277626270319
3000923,15.505433857587605
3000924,994.1925370538256
3000925,0.7908277626270319
3000926,246.7326013783017
3000927,0.0
3000928,194.6778199134787
3000929,161.8712584210343
3000930,163.41368082910307
3000931,50.75403734965113
3000932,52.127723854196745
3000933,1917.967775319469
3000934,0.0
3000935,0.7908277626270319
3000936,24.591777202638355
3000937,0.0
3000938,0.7908277626270319
3000939,204.77881725951454
3000940,8.556161971639426
3000941,0.0
3000942,0.0
3000943,36.47708111169487
3000944,1.5094031239254377
3000945,73.30801314700136
3000946,108.65281014116951
3000947,1.5094031239254377
3000948,8.556161971639426
3000949,98.56822119843076
3000950,30.435275417876085
3000951,598.5912850833734
3000952,0.0
3000953,0.0
3000954,3.400393913719199
3000955,0.5859254014929434
3000956,19.815822550603286
3000957,3832.5574879716573
3000958,0.5859254014929434
3000959,498.8607309499623
3000960,8.403716656964662
3000961,1149.8983874893788
3000962,1381.1867775104713
3000963,374.6108992089278
3000964,155.85897902049166
3000965,97.61332355308497
3000966,6045.325810538377
3000967,0.5100658699059295
3000968,0.5859254014929434
3000969,0.0
3000970,0.0
3000971,0.5859254014929434
3000972,192.59570823303213
3000973,3.400393913719199
3000974,113.17984473018566
3000975,0.0
3000976,122.83156296270951
3000977,1.3045007627913492
3000978,210.03911016487118
3000979,383.34130580306686
3000980,1.3045007627913492
3000981,23.32305365251949
3000982,211.8015707003689
3000983,47.51083531350275
3000984,1707.3702857520275
3000985,0.0
3000986,0.0
3000987,15.301716049553818
3000988,12.487247537327562
3000989,8.921072720333257
3000990,1996.4033315075274
3000991,12.487247537327562
3000992,254.54221328540945
3000993,3.262862990068129
3000994,664.8462435927311
3000995,493.01002311294656
3000996,143.4639697034033
3000997,77.26919515183579
3000998,85.91083282305965
3000999,2975.0073391987053
3001000,3.306885833636386
3001001,12.487247537327562
3001002,18.7259914266823
3001003,0.0
3001004,12.487247537327562
3001005,203.92936837358903
3001006,14.583140688255412
3001007,0.0
3001008,0.0
3001009,31.605484110089776
3001010,12.487247537327562
3001011,119.99365852152798
3001012,198.07215573131123
3001013,12.487247537327562
3001014,14.583140688255412
3001015,116.77106593297401
3001016,3.992008496943697
3001017,678.7757883796462
3001018,0.0
3001019,2.544287628769723
3001020,15.301716049553818
3001021,12.487247537327562
3001022,8.921072720333257
3001023,1862.1118647585206
3001024,12.487247537327562
3001025,278.1025780111883
3001026,3.262862990068129
3001027,537.8682951587185
3001028,515.6580210426903
3001029,207.37974842146426
3001030,77.26919515183579
3001031,117.55077162377538
3001032,2885.2944390850184
3001033,3.306885833636386
3001034,12.487247537327562
3001035,18.7259914266823
3001036,0.0
3001037,12.487247537327562
3001038,236.28576576174362
3001039,14.583140688255412
3001040,13.884484460884835
3001041,0.0
3001042,83.63417869260036
3001043,12.487247537327562
3001044,119.36026513638305
3001045,198.70668215089674
3001046,12.487247537327562
3001047,14.583140688255412
3001048,127.05568197796691
3001049,3.992008496943697
3001050,608.8106343273189
3001051,31.586783762922096
3001052,2.544287628769723
3001053,5.119979915046031
3001054,3.024086764118181
3001055,0.0
3001056,1636.95831704724
3001057,3.024086764118181
3001058,252.47558536323024
3001059,0.0
3001060,598.6897702714923
3001061,171.1090357444691
3001062,76.07712532361279
3001063,63.1981464706426
3001064,63.57190761680056
3001065,2916.077625893327
3001066,0.0
3001067,3.024086764118181
3001068,0.0
3001069,0.0
3001070,3.024086764118181
3001071,189.15742503157247
3001072,5.119979915046031
3001073,0.0
3001074,0.0
3001075,54.804509420525335
3001076,3.024086764118181
3001077,117.94377994312032
3001078,97.8525008813047
3001079,3.024086764118181
3001080,5.119979915046031
3001081,123.60100654009852
3001082,0.0
3001083,2407.699266711946
3001084,0.0
3001085,0.0
3001086,11.827492963150064
3001087,9.731599812222214
3001088,30.43431045550801
3001089,1900.7361649544991
3001090,9.731599812222214
3001091,224.5638303566054
3001092,2.294269215875431
3001093,785.6989242520278
3001094,577.5464945881511
3001095,90.82409430259463
3001096,71.58180660505002
3001097,66.16154485531536
3001098,2932.887612958847
3001099,2.3382920594436882
3001100,9.731599812222214
3001101,42.026283112769704
3001102,24.475942945966665
3001103,9.731599812222214
3001104,250.48973769885245
3001105,12.54606832444847
3001106,125.44878491078694
3001107,5.561830561643319
3001108,0.0
3001109,9.731599812222214
3001110,102.3398458618762
3001111,111.8356441207001
3001112,9.731599812222214
3001113,11.827492963150064
3001114,110.03526270346023
3001115,0.0
3001116,1402.4666142731023
3001117,75.09026978039168
3001118,2.294269215875431
3001119,13.230477141822007
3001120,10.416008629595751
3001121,0.0
3001122,1751.7957493129472
3001123,10.416008629595751
3001124,228.53019270234552
3001125,1.191624082336375
3001126,482.7351564535436
3001127,549.7446746512115
3001128,23.844346642048208
3001129,52.31376117709249
3001130,52.68752232325039
3001131,2303.6713964153996
3001132,4.715243528958638
3001133,10.416008629595751
3001134,0.0
3001135,0.0
3001136,10.416008629595751
3001137,185.6968786090832
3001138,13.230477141822007
3001139,3.81465988657078
3001140,0.0
3001141,18.711564287109184
3001142,10.416008629595751
3001143,95.38607844698885
3001144,79.48597976964243
3001145,10.416008629595751
3001146,13.230477141822007
3001147,90.41083509876995
3001148,0.0
3001149,1760.7022235320912
3001150,0.0
3001151,1.191624082336375
3001152,10.962703841878806
3001153,8.14823532965255
3001154,62.22509843642115
3001155,2669.7451885930386
3001156,8.14823532965255
3001157,450.0196146945738
3001158,15.966026585124212
3001159,1098.2202639248405
3001160,948.2323812106978
3001161,456.24399244001114
3001162,233.5658342329879
3001163,233.93959537914537
3001164,4051.702626178393
3001165,25.198176015356694
3001166,8.14823532965255
3001167,79.39166870009814
3001168,25.164878171337193
3001169,8.14823532965255
3001170,468.4992333211484
3001171,14.442300444932812
3001172,214.42554423095876
3001173,0.0
3001174,135.60671531347063
3001175,8.866810690950956
3001176,180.11056958952045
3001177,364.8869636613227
3001178,8.866810690950956
3001179,14.442300444932812
3001180,205.3707776409499
3001181,73.03930227647254
3001182,2034.6977627053727
3001183,48.47651971805578
3001184,25.154153171788437
3001185,1.1570058458731864
3001186,0.0
3001187,112.03281090084508
3001188,1725.0206558489367
3001189,0.0
3001190,20.60510747874349
3001191,0.0
3001192,224.75664272742182
3001193,683.7764548592145
3001194,0.0
3001195,0.0
3001196,0.0
3001197,1931.579211385944
3001198,0.0
3001199,0.0
3001200,109.72764537629484
3001201,22.401412163350074
3001202,0.0
3001203,267.1277863511155
3001204,6.107871542659325
3001205,123.92296791703441
3001206,35.17965088670087
3001207,0.0
3001208,0.0
3001209,0.0
3001210,0.0
3001211,0.0
3001212,6.107871542659325
3001213,0.0
3001214,0.0
3001215,1918.910562836141
3001216,62.8180161183073
3001217,0.0
3001218,12.54606832444847
3001219,9.731599812222214
3001220,30.43431045550801
3001221,2073.2961648383643
3001222,9.731599812222214
3001223,244.7098160315427
3001224,2.294269215875431
3001225,770.8811169761218
3001226,606.064372083621
3001227,81.21725915138836
3001228,65.78778370915774
3001229,66.16154485531536
3001230,3338.921549521759
3001231,2.3382920594436882
3001232,9.731599812222214
3001233,42.026283112769704
3001234,24.475942945966665
3001235,9.731599812222214
3001236,210.12048426492356
3001237,12.54606832444847
3001238,115.8419497595807
3001239,28.309279573866377
3001240,2.5490068254173934
3001241,9.731599812222214
3001242,102.97323924702113
3001243,154.56951353490828
3001244,9.731599812222214
3001245,11.827492963150064
3001246,110.03526270346023
3001247,0.0
3001248,1411.7133203322635
3001249,65.48343462918541
3001250,2.294269215875431
3001251,13.070440949099634
3001252,10.255972436873378
3001253,36.39502614007074
3001254,2773.398452095221
3001255,10.255972436873378
3001256,357.7215790377799
3001257,19.545032786077172
3001258,1053.924820474306
3001259,955.4458995032502
3001260,151.1417610797757
3001261,211.17827028778967
3001262,112.30435143558176
3001263,4283.265554748824
3001264,0.0
3001265,10.255972436873378
3001266,58.88068406809367
3001267,0.0
3001268,10.255972436873378
3001269,195.3767175670137
3001270,18.021306645885772
3001271,98.04579632993295
3001272,0.0
3001273,171.06740869402515
3001274,10.974547798171784
3001275,292.0272070966794
3001276,326.34074567944816
3001277,10.974547798171784
3001278,18.021306645885772
3001279,330.1734600776916
3001280,107.41101170876263
3001281,3620.9260462975194
3001282,0.0
3001283,0.0
3001284,11.639697507795233
3001285,8.825228995568978
3001286,28.89930148468403
3001287,2987.5306701321165
3001288,8.825228995568978
3001289,437.8574660414928
3001290,14.855966300128046
3001291,821.4723061357286
3001292,578.7829076679384
3001293,324.9958847927969
3001294,145.6760761832226
3001295,104.30413639692628
3001296,4647.995708963907
3001297,0.0
3001298,8.825228995568978
3001299,31.100254976934707
3001300,0.0
3001301,8.825228995568978
3001302,249.16232665879716
3001303,15.11929411084924
3001304,33.85556308071898
3001305,0.0
3001306,126.40122713563787
3001307,9.543804356867383
3001308,165.3555821536407
3001309,311.48879447780723
3001310,9.543804356867383
3001311,15.11929411084924
3001312,178.7913588917199
3001313,31.37433918596406
3001314,2730.9259191890865
3001315,5.58822633296586
3001316,0.0
3001317,7.978179433348885
3001318,5.163710921122629
3001319,24.146719703231554
3001320,2579.783731028585
3001321,5.163710921122629
3001322,384.0698619668168
3001323,7.714851622627691
3001324,762.7250961932809
3001325,638.1109501382148
3001326,210.26872696645756
3001327,78.62151600313564
3001328,37.6697517785758
3001329,3579.2893316683085
3001330,11.238471069249954
3001331,5.163710921122629
3001332,27.066248556780636
3001333,0.0
3001334,5.163710921122629
3001335,227.46198443201823
3001336,7.978179433348885
3001337,75.82247248653817
3001338,0.0
3001339,242.52646852279167
3001340,5.163710921122629
3001341,82.4502143608114
3001342,284.79750136198226
3001343,5.163710921122629
3001344,0.0
3001345,95.88599109889049
3001346,0.0
3001347,841.3318912173957
3001348,66.83301469045182
3001349,7.714851622627691
3001350,6.276655769960712
3001351,4.180762619032862
3001352,19.98475547432298
3001353,1407.956080310292
3001354,4.180762619032862
3001355,228.58719388874536
3001356,11.224963275183711
3001357,424.87740816723596
3001358,148.00319526559034
3001359,0.0
3001360,41.8299777502242
3001361,83.81138579314063
3001362,2307.659763425073
3001363,6.057350802807775
3001364,4.180762619032862
3001365,34.24957106245057
3001366,0.0
3001367,4.180762619032862
3001368,174.2005554184168
3001369,6.276655769960712
3001370,0.0
3001371,0.0
3001372,75.67414003382032
3001373,4.180762619032862
3001374,59.76198391435082
3001375,16.286821393300272
3001376,4.180762619032862
3001377,6.276655769960712
3001378,65.41921051132908
3001379,0.0
3001380,2278.270857281177
3001381,57.434205419952946
3001382,6.013327959239518
3001383,0.0
3001384,0.0
3001385,7.498095064738948
3001386,1650.634797775633
3001387,0.0
3001388,208.8435298449792
3001389,3.264157223772372
3001390,703.8345279863079
3001391,612.1588197902969
3001392,126.14883695244222
3001393,156.5725278943522
3001394,65.44867545189555
3001395,2342.4349625869145
3001396,0.0
3001397,0.0
3001398,24.501400711711142
3001399,0.0
3001400,0.0
3001401,194.57572410724165
3001402,1.7404310835808587
3001403,65.55633086710179
3001404,0.0
3001405,58.461375942980965
3001406,0.0
3001407,222.71379651695665
3001408,113.49116704044658
3001409,0.0
3001410,0.0
3001411,215.01202538400977
3001412,60.08204911160402
3001413,2573.761022750742
3001414,23.983467608511887
3001415,0.0
3001416,17.330955324387673
3001417,15.235062173459823
3001418,23.2618793304689
3001419,3172.584852531692
3001420,15.235062173459823
3001421,608.5614187382721
3001422,19.573256825877536
3001423,1562.7933595775773
3001424,1477.3696974420538
3001425,694.9989580856102
3001426,236.18422080191385
3001427,172.92773094833618
3001428,4004.352409642775
3001429,0.0
3001430,15.235062173459823
3001431,40.98376033873939
3001432,0.0
3001433,15.235062173459823
3001434,308.9307749441592
3001435,17.330955324387673
3001436,394.09569779517824
3001437,0.0
3001438,379.5665185613183
3001439,15.235062173459823
3001440,326.68380430660727
3001441,658.9220521810809
3001442,15.95363753475823
3001443,18.04953068568608
3001444,345.7460913418497
3001445,154.30322702729458
3001446,5894.679062992369
3001447,89.82542058384462
3001448,0.0
3001449,4.400170851679775
3001450,2.304277700751925
3001451,0.0
3001452,2106.6271290611667
3001453,2.304277700751925
3001454,181.94749416671752
3001455,0.0
3001456,778.6307603260605
3001457,620.6989798466284
3001458,99.03684525202169
3001459,100.05569417056017
3001460,8.93184172810328
3001461,2184.9287155506127
3001462,0.0
3001463,2.304277700751925
3001464,5.43256679820405
3001465,0.0
3001466,2.304277700751925
3001467,179.2571749016209
3001468,4.400170851679775
3001469,122.40849039173193
3001470,0.0
3001471,49.62477479938161
3001472,3.0228530620503307
3001473,135.797092759859
3001474,186.69723003716527
3001475,2.304277700751925
3001476,5.118746212978181
3001477,132.99715597936128
3001478,0.0
3001479,3916.61927692844
3001480,4.618854185529756
3001481,0.0
3001482,18.222122962363017
3001483,16.126229811435167
3001484,7.360548819338078
3001485,1255.232668376153
3001486,16.126229811435167
3001487,102.3893052634819
3001488,6.9018452641757335
3001489,338.68949205397087
3001490,421.1759233792936
3001491,111.37218166868362
3001492,53.53275758074244
3001493,0.0
3001494,1786.2330698884448
3001495,9.021493766224353
3001496,16.126229811435167
3001497,11.51985062793159
3001498,0.0
3001499,16.126229811435167
3001500,37.28794614820487
3001501,18.222122962363017
3001502,0.0
3001503,0.0
3001504,26.739517684171005
3001505,16.126229811435167
3001506,111.60057194293114
3001507,50.15958440325835
3001508,16.844805172733572
3001509,18.940698323661422
3001510,90.99643811727503
3001511,21.644438803097273
3001512,4239.108135835414
3001513,0.0
3001514,8.771839480020276
3001515,0.0
3001516,0.0
3001517,1.1046729324844478
3001518,2585.354494261815
3001519,0.0
3001520,412.93514311276454
3001521,0.0
3001522,1098.3880902986434
3001523,1161.8301188733844
3001524,285.95378016435467
3001525,220.51271328814354
3001526,114.23010835798542
3001527,3657.195998084799
3001528,0.0
3001529,0.0
3001530,18.826553940754934
3001531,23.370944603504597
3001532,0.0
3001533,169.90186056344513
3001534,0.0
3001535,179.71854708454092
3001536,12.6599540094752
3001537,217.40720440660866
3001538,0.0
3001539,261.6477780089352
3001540,425.91357208631996
3001541,0.0
3001542,0.0
3001543,275.0502252647736
3001544,94.80727421810695
3001545,3966.829335020385
3001546,3.4209884714782675
3001547,0.0
3001548,25.83511304962002
3001549,23.73921989869217
3001550,36.614734678034154
3001551,2879.8130668391586
3001552,23.73921989869217
3001553,399.1306317090366
3001554,28.07741455110994
3001555,1007.9341896894205
3001556,1037.9870927706434
3001557,318.0370764130046
3001558,111.72152855537522
3001559,105.97155912192832
3001560,3938.9895944910913
3001561,28.121437394678196
3001562,23.73921989869217
3001563,41.321317482495886
3001564,0.0
3001565,23.73921989869217
3001566,420.3940210204944
3001567,25.83511304962002
3001568,18.489137047506915
3001569,36.40340761617267
3001570,61.302327414347246
3001571,23.73921989869217
3001572,148.2932323193402
3001573,281.17587769778345
3001574,24.457795259990576
3001575,26.553688410918426
3001576,162.36240244256427
3001577,23.131349864541164
3001578,2980.092471628199
3001579,23.144432756081073
3001580,28.07741455110994
3001581,6.092128413613068
3001582,3.996235262685218
3001583,53.1706361739175
3001584,2447.3137053313226
3001585,3.996235262685218
3001586,426.63257712352424
3001587,6.547375964190223
3001588,809.4220326150986
3001589,903.524430987831
3001590,360.2560362621279
3001591,150.01703167557167
3001592,159.52193180269091
3001593,3570.3311070918803
3001594,6.59139880775848
3001595,3.996235262685218
3001596,56.09016502746658
3001597,0.0
3001598,3.996235262685218
3001599,269.20799553163636
3001600,6.092128413613068
3001601,0.0
3001602,36.34692332028584
3001603,245.30302568883798
3001604,3.996235262685218
3001605,139.87763386257413
3001606,320.94335333043995
3001607,4.714810623983624
3001608,6.810703774911474
3001609,153.31341060065333
3001610,22.98868096219047
3001611,1910.5098319258898
3001612,0.0
3001613,6.547375964190223
3001614,39.39462407386981
3001615,33.55200794996313
3001616,51.39344570750495
3001617,7635.558249864341
3001618,33.55200794996313
3001619,1005.0043949605298
3001620,44.39794681711527
3001621,1914.6456157355542
3001622,2312.4700899224854
3001623,558.6923232123322
3001624,619.8109202620085
3001625,328.7091614393635
3001626,7206.4513735677765
3001627,0.0
3001628,33.55200794996313
3001629,61.400023111743565
3001630,0.0
3001631,33.55200794996313
3001632,601.698519459728
3001633,42.87422067692381
3001634,368.4821527219905
3001635,0.0
3001636,622.0823582261751
3001637,35.72812002316823
3001638,1007.6383952475129
3001639,525.0163024621802
3001640,35.72812002316823
3001641,42.87422067692381
3001642,926.9717972876564
3001643,318.1676681253108
3001644,9983.598530376317
3001645,312.2729498951649
3001646,0.0
3001647,0.0
3001648,0.0
3001649,0.0
3001650,1262.9965298706109
3001651,0.0
3001652,177.04065850185108
3001653,0.0
3001654,281.02956212496343
3001655,108.85228239630052
3001656,0.0
3001657,0.0
3001658,0.0
3001659,1888.7812408597297
3001660,0.0
3001661,0.0
3001662,0.0
3001663,0.0
3001664,0.0
3001665,228.08567759572912
3001666,0.0
3001667,0.0
3001668,0.0
3001669,0.0
3001670,0.0
3001671,43.26529488731711
3001672,68.60785222038481
3001673,0.0
3001674,0.0
3001675,60.59583768687679
3001676,0.0
3001677,2667.1387965899803
3001678,0.0
3001679,0.0
3001680,21.111181056765588
3001681,18.296712544539332
3001682,29.628163465680586
3001683,2746.800869507575
3001684,18.296712544539332
3001685,417.0966063006183
3001686,22.634907196957045
3001687,1107.2950710244054
3001688,860.3377190739704
3001689,274.15016350904057
3001690,136.21844868558165
3001691,80.0118149004557
3001692,3843.3764408963534
3001693,22.6789300405253
3001694,18.296712544539332
3001695,34.33474627014232
3001696,0.18864748891814997
3001697,18.296712544539332
3001698,282.4756582661906
3001699,20.392605695467182
3001700,66.89480846206555
3001701,66.2217656807016
3001702,128.77599685516745
3001703,18.296712544539332
3001704,178.10189873525783
3001705,292.72661064337785
3001706,18.296712544539332
3001707,21.111181056765588
3001708,155.68172482920252
3001709,0.0
3001710,3860.6757772394153
3001711,48.178134914224245
3001712,21.91633183565864
3001713,0.0836212328313195
3001714,0.0
3001715,1.7843618876109986
3001716,1268.0463280841655
3001717,0.0
3001718,182.59572643344995
3001719,0.0
3001720,215.73019804351094
3001721,353.4707227198384
3001722,0.0
3001723,0.0
3001724,6.048033847558543
3001725,1863.573890508606
3001726,0.0
3001727,0.0
3001728,6.106928312909361
3001729,0.0
3001730,0.0
3001731,113.29439993693018
3001732,0.0836212328313195
3001733,0.0
3001734,0.0
3001735,35.295643857249104
3001736,0.0
3001737,18.671756100394475
3001738,45.95427581724533
3001739,0.0
3001740,0.8021965941297253
3001741,36.002298899954155
3001742,7.052960572251493
3001743,2727.7734032348076
3001744,0.0
3001745,0.0
3001746,14.705663170555283
3001747,11.891194658329027
3001748,15.150445665548375
3001749,2216.803706044078
3001750,11.891194658329027
3001751,345.8099754787446
3001752,16.22938931074674
3001753,1007.3384832413918
3001754,753.6562074966193
3001755,150.21199364733073
3001756,83.14934167434848
3001757,84.1564962056508
3001758,3423.9379800994434
3001759,16.273412154314997
3001760,11.891194658329027
3001761,40.14079165291798
3001762,99.7223901084381
3001763,11.891194658329027
3001764,387.628193642479
3001765,13.987087809256877
3001766,237.13129468590841
3001767,128.07446435750714
3001768,139.31050524962777
3001769,11.891194658329027
3001770,132.35596731499706
3001771,238.70250412834105
3001772,11.891194658329027
3001773,14.705663170555283
3001774,138.6465872971202
3001775,0.0
3001776,1929.0406573790037
3001777,140.47181603418423
3001778,15.510813949448334
3001779,7.972475740439563
3001780,5.876582589511713
3001781,20.61789594867622
3001782,2721.126112497954
3001783,5.876582589511713
3001784,346.6089468053419
3001785,10.214777241929426
3001786,870.5350167587784
3001787,898.0646421668605
3001788,182.681186390676
3001789,97.11821694377528
3001790,42.0682138674253
3001791,3736.6882577141473
3001792,10.258800085497683
3001793,5.876582589511713
3001794,27.40172579049147
3001795,9.12367321071838
3001796,5.876582589511713
3001797,257.45877014425054
3001798,7.972475740439563
3001799,34.84924878619648
3001800,12.765228247213429
3001801,108.19947757671676
3001802,5.876582589511713
3001803,131.82412212791755
3001804,233.27297014287126
3001805,6.595157950810119
3001806,8.691051101737969
3001807,145.89329225114162
3001808,0.0
3001809,2820.3184216101185
3001810,23.963029962559574
3001811,10.214777241929426
3001812,12.30806929901695
3001813,10.2121761480891
3001814,14.008809953796572
3001815,1518.202512149182
3001816,10.2121761480891
3001817,141.46567638054157
3001818,0.9877916008297234
3001819,582.5423634199944
3001820,450.47118717330846
3001821,0.0
3001822,0.0
3001823,0.0
3001824,2148.725088069309
3001825,1.0318144443979804
3001826,10.2121761480891
3001827,14.904088921313075
3001828,0.0
3001829,10.2121761480891
3001830,86.75971898315856
3001831,12.30806929901695
3001832,31.76924669796722
3001833,0.0
3001834,19.077258519998566
3001835,10.2121761480891
3001836,24.601788935648074
3001837,35.3468327614475
3001838,10.930751509387505
3001839,13.026644660315355
3001840,30.892408917771263
3001841,0.0
3001842,1460.5639566847187
3001843,0.0
3001844,0.9877916008297234
3001845,21.023351859159334
3001846,18.927458708231484
3001847,9.725999926294776
3001848,2450.2374593244845
3001849,18.927458708231484
3001850,399.4073490184403
3001851,9.70307416097205
3001852,801.6543545041345
3001853,492.2800459922114
3001854,396.85438260099033
3001855,85.59914166748808
3001856,79.21577884889655
3001857,3686.617022583306
3001858,9.747097004540308
3001859,18.927458708231484
3001860,1.0531832717452971
3001861,0.0
3001862,18.927458708231484
3001863,328.6632246780969
3001864,21.023351859159334
3001865,0.0
3001866,0.0
3001867,44.556184884891024
3001868,18.927458708231484
3001869,145.50891975024078
3001870,279.68497130088906
3001871,19.64603406952989
3001872,21.74192722045774
3001873,147.27138028573862
3001874,0.0
3001875,4014.9244055797603
3001876,10.963856421743742
3001877,9.70307416097205
3001878,1.46002882283193
3001879,0.0
3001880,3.262515029591441
3001881,2610.5724123220157
3001882,0.0
3001883,448.27552074197234
3001884,2.9837549630233866
3001885,1087.423194998521
3001886,955.6436893148948
3001887,321.0522613202203
3001888,201.0354510886447
3001889,152.36838776648491
3001890,3804.726479882572
3001891,0.0
3001892,0.0
3001893,20.98439603786204
3001894,0.0
3001895,0.0
3001896,309.7125211272181
3001897,4.939625425885936
3001898,188.1802342211995
3001899,0.0
3001900,287.6791339083098
3001901,0.0
3001902,287.0392632562906
3001903,353.77548583641493
3001904,0.0
3001905,1.46002882283193
3001906,296.772769585693
3001907,127.230167782704
3001908,4224.558566291146
3001909,79.99693907897358
3001910,0.0
3001911,6.354799002485549
3001912,3.5403304902592936
3001913,23.027080967737334
3001914,2118.659720890206
3001915,3.5403304902592936
3001916,302.67607230581353
3001917,11.358121745731012
3001918,1058.219725561942
3001919,784.6325507928085
3001920,51.19572198523758
3001921,103.40367687388388
3001922,55.939332893152255
3001923,3008.3744992042175
3001924,0.0
3001925,3.5403304902592936
3001926,49.65149292128041
3001927,1.743129921190075
3001928,3.5403304902592936
3001929,196.6854205864838
3001930,9.834395605539555
3001931,113.47100274651484
3001932,26.353000165136393
3001933,147.07438498582653
3001934,4.258905851557699
3001935,217.3521816994914
3001936,201.670071368537
3001937,4.258905851557699
3001938,4.155053330595877
3001939,224.63903105178852
3001940,56.29914859022779
3001941,3919.065825265535
3001942,25.696651460992655
3001943,0.0
3001944,0.0
3001945,0.0
3001946,12.767870480584918
3001947,2694.705157255847
3001948,0.0
3001949,473.410585918588
3001950,0.5635314480703641
3001951,884.3481813877926
3001952,1206.1834076309233
3001953,230.69054807958764
3001954,123.18058261532471
3001955,66.97394883019899
3001956,4197.805720055303
3001957,0.0
3001958,0.0
3001959,19.551700322400166
3001960,0.0
3001961,0.0
3001962,309.13054879016727
3001963,2.5194019109329133
3001964,29.040792334246248
3001965,0.0
3001966,1.4878370388356643
3001967,0.0
3001968,159.75055188493153
3001969,320.92526148747623
3001970,0.0
3001971,0.0
3001972,142.64385875894553
3001973,10.301221533280852
3001974,2093.270703888528
3001975,2.6431042182446163
3001976,4.04312805112437
3001977,15.095725290465737
3001978,12.28125677823948
3001979,32.95173543559957
3001980,2727.7447441139366
3001981,12.28125677823948
3001982,357.75307058591665
3001983,20.099048033711256
3001984,1026.6720505787393
3001985,914.5006837589486
3001986,185.1686514393958
3001987,238.45355798218904
3001988,147.32970553973243
3001989,3251.51884433476
3001990,0.0
3001991,12.28125677823948
3001992,49.955041082571654
3001993,0.0
3001994,12.28125677823948
3001995,153.3580786226246
3001996,18.575321893519742
3001997,61.63538706794162
3001998,0.0
3001999,212.62927130089744
3002000,12.999832139537887
3002001,301.97303439582765
3002002,293.07547147640804
3002003,12.999832139537887
3002004,18.575321893519742
3002005,319.3035771953873
3002006,155.0448202171415
3002007,4267.019666743827
3002008,0.0
3002009,0.0
3002010,13.584927882018633
3002011,11.489034731090783
3002012,14.74828573831013
3002013,2541.3228946411086
3002014,11.489034731090783
3002015,347.22712156740545
3002016,15.827229383508495
3002017,1218.4131511056216
3002018,966.1832503581591
3002019,187.3214033958188
3002020,87.535670853527
3002021,88.54282538482937
3002022,4357.149967039779
3002023,19.350848830130758
3002024,11.489034731090783
3002025,34.89385814130503
3002026,101.58065695921931
3002027,11.489034731090783
3002028,359.82378574451326
3002029,14.303503243317039
3002030,231.2041777044634
3002031,111.35668859939375
3002032,129.30151017118325
3002033,12.207610092389189
3002034,137.3756898793205
3002035,242.9630365234131
3002036,12.207610092389189
3002037,14.303503243317039
3002038,142.39952309115384
3002039,10.701441111821566
3002040,2131.9310424304717
3002041,143.42982641894105
3002042,15.827229383508495
3002043,0.0
3002044,0.0
3002045,11.853324415132022
3002046,2194.5874279823684
3002047,0.0
3002048,297.99609845386516
3002049,0.0
3002050,969.623692876188
3002051,937.3756068517393
3002052,28.815831752263364
3002053,147.00315674345293
3002054,55.87930430099624
3002055,3114.8641234671054
3002056,0.0
3002057,0.0
3002058,37.119064692619986
3002059,0.9090550364539354
3002060,0.0
3002061,183.55713452242517
3002062,0.0
3002063,113.3097221456573
3002064,0.0
3002065,145.72128298688924
3002066,0.0
3002067,220.93598439255098
3002068,211.5181043610137
3002069,0.0
3002070,0.0
3002071,185.10023066513045
3002072,58.93763037234328
3002073,3714.438952952319
3002074,23.401432353435325
3002075,0.0
3002076,11.95459904509579
3002077,9.140130532869534
3002078,18.866805718886383
3002079,2484.952247136614
3002080,9.140130532869534
3002081,567.9989238565438
3002082,11.691271234374597
3002083,895.1780492187418
3002084,866.459077416901
3002085,431.7415620236867
3002086,200.3164317188399
3002087,198.79474845430335
3002088,3105.710925113488
3002089,40.26999176217447
3002090,9.140130532869534
3002091,34.80163277624433
3002092,0.0
3002093,9.140130532869534
3002094,449.50887920720487
3002095,15.434195648149796
3002096,180.6336339903116
3002097,0.0
3002098,326.0089196718941
3002099,9.85870589416794
3002100,188.58082679528061
3002101,475.9544132017514
3002102,9.85870589416794
3002103,11.95459904509579
3002104,201.983274051119
3002105,70.63290114269074
3002106,3356.2181879074524
3002107,127.03515617519616
3002108,16.24393709127355
3002109,9.818103469799382
3002110,7.0036349575731265
3002111,16.469287298891857
3002112,3080.8490713028737
3002113,7.0036349575731265
3002114,429.1093972669388
3002115,0.0
3002116,1057.3569620377061
3002117,964.0819953188175
3002118,420.61427967524776
3002119,90.8696771911795
3002120,83.3296836638118
3002121,3911.7486704841817
3002122,0.0
3002123,7.0036349575731265
3002124,9.40034485458915
3002125,0.0
3002126,7.0036349575731265
3002127,323.7163836589634
3002128,9.099528108500976
3002129,62.802594599838585
3002130,0.0
3002131,98.51794513417224
3002132,7.0036349575731265
3002133,134.61892582067802
3002134,318.96033662375936
3002135,7.0036349575731265
3002136,9.099528108500976
3002137,136.38138635617585
3002138,0.0
3002139,2111.3270293484634
3002140,24.06919388428014
3002141,0.0
3002142,197.14373465947213
3002143,7.39534438417968
3002144,14.596338689210143
3002145,8958.154230654261
3002146,7.39534438417968
3002147,1120.0211370458178
3002148,18.241283251331822
3002149,2378.4360849072373
3002150,2293.628090550187
3002151,757.3992484113718
3002152,656.8464982090989
3002153,388.8637036302394
3002154,9044.726141709269
3002155,24.056996383163494
3002156,7.39534438417968
3002157,14.677940671489807
3002158,0.0
3002159,7.39534438417968
3002160,686.2597515584891
3002161,0.0
3002162,299.1081844722428
3002163,134.57722039079366
3002164,718.7003120282959
3002165,9.571456457384784
3002166,1072.7614917635283
3002167,791.7276238509621
3002168,9.571456457384784
3002169,16.717557111140366
3002170,992.0948938036713
3002171,331.10307966253686
3002172,13474.468162424426
3002173,244.71801522832558
3002174,26.726969273468967
3002175,8.569506612137047
3002176,6.269990856447066
3002177,23.776836951484995
3002178,8143.634866505149
3002179,6.269990856447066
3002180,1106.8836872366933
3002181,17.11592972359921
3002182,2102.7048195990656
3002183,2325.5814114531013
3002184,596.08056095401
3002185,601.7426701618756
3002186,333.7598755830161
3002187,9149.452022024296
3002188,0.0
3002189,6.269990856447066
3002190,30.10476993724717
3002191,0.0
3002192,6.269990856447066
3002193,691.9885236871482
3002194,277.658716670055
3002195,272.09614296174317
3002196,0.0
3002197,663.0408978491125
3002198,8.44610292965217
3002199,987.5496498825335
3002200,713.9895130087218
3002201,8.44610292965217
3002202,18.374218286406233
3002203,908.2878487821374
3002204,247.29603464100302
3002205,8329.315543534987
3002206,232.577805916685
3002207,0.0
3002208,23.178573846629035
3002209,23.90720570261948
3002210,63.18419785453102
3002211,5062.670558647455
3002212,23.90720570261948
3002213,638.4432320788071
3002214,33.19626605182333
3002215,1751.7047606061385
3002216,1443.1536431571624
3002217,515.8086567206251
3002218,163.31954941934447
3002219,128.9662318213051
3002220,6760.680382100274
3002221,0.0
3002222,23.90720570261948
3002223,82.12003511630428
3002224,0.0
3002225,23.90720570261948
3002226,484.7762136780244
3002227,75.85657092436793
3002228,18.944871876204104
3002229,0.0
3002230,256.2891681486979
3002231,24.625781063917884
3002232,649.2356596613339
3002233,625.9299906131359
3002234,24.625781063917884
3002235,63.65455375675481
3002236,569.9738585609381
3002237,91.8578964196912
3002238,5046.604640428521
3002239,0.0
3002240,0.0
3002241,162.4636840296435
3002242,4.823201564957742
3002243,47.305600947244784
3002244,7013.493242732778
3002245,4.823201564957742
3002246,848.5177157366527
3002247,17.140409525842017
3002248,1896.5000740741664
3002249,1710.407266254236
3002250,185.72947699207896
3002251,409.33390672694367
3002252,141.35111214808353
3002253,8517.034813034566
3002254,0.0
3002255,4.823201564957742
3002256,61.077119400083234
3002257,0.0
3002258,4.823201564957742
3002259,660.1783467621376
3002260,324.55060641920153
3002261,114.26074019577825
3002262,0.0
3002263,442.5165718539013
3002264,6.999313638162846
3002265,893.5021464504636
3002266,387.4007472446645
3002267,6.999313638162846
3002268,15.61668338565056
3002269,746.9785774648458
3002270,102.49490622800079
3002271,7599.290329676159
3002272,203.77386107320774
3002273,0.0
3002274,12.003784299283495
3002275,10.674369175235881
3002276,49.951361327147424
3002277,4763.512974570278
3002278,10.674369175235881
3002279,589.7203993995919
3002280,19.963429524439732
3002281,1838.532737744333
3002282,1342.5234993490344
3002283,486.0770018322283
3002284,133.17230167861638
3002285,98.8189840805772
3002286,6543.848270049132
3002287,0.0
3002288,10.674369175235881
3002289,73.73197217329539
3002290,0.0
3002291,10.674369175235881
3002292,465.17033906853237
3002293,108.18242053030755
3002294,6.127628201151595
3002295,0.0
3002296,265.2996103163908
3002297,11.392944536534287
3002298,619.088411920606
3002299,549.9860890432858
3002300,11.392944536534287
3002301,67.95087102640986
3002302,470.816972416519
3002303,61.710648678963196
3002304,4655.710416819808
3002305,0.0
3002306,0.0
3002307,40.94173761434217
3002308,39.61232249029456
3002309,49.51468601873887
3002310,5983.314514614433
3002311,39.61232249029456
3002312,852.3171974465376
3002313,47.43011374576628
3002314,2001.1051774656785
3002315,1854.4587627955177
3002316,749.1299014051999
3002317,269.2090550656393
3002318,234.85573746759982
3002319,7201.859682472499
3002320,0.0
3002321,39.61232249029456
3002322,54.534969263714004
3002323,14.545807104278708
3002324,39.61232249029456
3002325,552.683539887695
3002326,38.12753488420259
3002327,121.81700197514357
3002328,0.0
3002329,500.44192408996946
3002330,40.330897851592965
3002331,669.0166817508884
3002332,813.7815280196061
3002333,40.330897851592965
3002334,45.90638760557482
3002335,589.7548806504926
3002336,162.39254349017767
3002337,10809.354064110985
3002338,61.472473591908454
3002339,0.0
3002340,5.474349330436951
3002341,2.659880818210695
3002342,19.996332330408677
3002343,1914.1661963004033
3002344,2.659880818210695
3002345,261.3782389752946
3002346,6.998075470628407
3002347,699.1521925282075
3002348,602.1174281149645
3002349,18.788313419486883
3002350,144.03097605044152
3002351,45.15705719823387
3002352,2986.690656028194
3002353,0.0
3002354,2.659880818210695
3002355,39.795460376032736
3002356,1.5082036825132832
3002357,2.659880818210695
3002358,179.229581337238
3002359,5.474349330436951
3002360,92.32595206736227
3002361,0.0
3002362,126.33087419960404
3002363,2.659880818210695
3002364,196.9617067911183
3002365,201.490586028237
3002366,2.659880818210695
3002367,5.474349330436951
3002368,210.2620325665928
3002369,47.58198988443593
3002370,3267.5949861685244
3002371,28.793506839554425
3002372,0.0
3002373,24.012591292658954
3002374,21.198122780432698
3002375,49.00298958477288
3002376,3922.5536414187995
3002377,21.198122780432698
3002378,466.5044037535339
3002379,30.48718312963655
3002380,1549.3250013579961
3002381,1024.2575898672671
3002382,263.8877109810409
3002383,0.0
3002384,0.0
3002385,5242.9055672905615
3002386,0.0
3002387,21.198122780432698
3002388,74.64569847762351
3002389,12.75572343358391
3002390,21.198122780432698
3002391,456.05988538533086
3002392,60.62734452832598
3002393,0.0
3002394,0.0
3002395,125.027886163104
3002396,21.916698141731104
3002397,362.53984823862226
3002398,376.1249215874811
3002399,21.916698141731104
3002400,24.012591292658954
3002401,362.1036795525631
3002402,0.0
3002403,3980.542890254071
3002404,0.0
3002405,0.0
3002406,16.833017790215877
3002407,14.737124639288027
3002408,43.8015549163714
3002409,3870.2689324110447
3002410,14.737124639288027
3002411,590.015742414981
3002412,19.07531929170574
3002413,1922.445700763398
3002414,1416.1948838578903
3002415,536.3313645797947
3002416,299.32239682930145
3002417,118.07112451598616
3002418,4297.658695855048
3002419,0.0
3002420,14.737124639288027
3002421,67.91770127746275
3002422,57.989873083556176
3002423,14.737124639288027
3002424,514.3704044843308
3002425,16.833017790215877
3002426,193.94942556648624
3002427,35.55950349891219
3002428,195.10817471543848
3002429,14.737124639288027
3002430,651.0722732944133
3002431,631.6393845314606
3002432,15.455700000586432
3002433,17.551593151514282
3002434,511.72806650724544
3002435,84.35276880243367
3002436,10153.33629513784
3002437,132.97522075835954
3002438,0.0
3002439,61.71199447722523
3002440,58.89752596499898
3002441,0.0
3002442,2796.05251403959
3002443,58.89752596499898
3002444,843.9876385463916
3002445,49.6731414177396
3002446,1661.9057430978448
3002447,1369.1874187090043
3002448,968.1968789399659
3002449,90.84056870951218
3002450,70.51448500500754
3002451,6077.740025471061
3002452,60.98163997919073
3002453,58.89752596499898
3002454,0.0
3002455,150.56890131864745
3002456,58.89752596499898
3002457,585.054625885398
3002458,60.99341911592683
3002459,135.55976479980248
3002460,141.44613702728623
3002461,463.06194597758554
3002462,58.89752596499898
3002463,129.5745047963104
3002464,1023.072187018671
3002465,58.89752596499898
3002466,60.99341911592683
3002467,136.63652825274934
3002468,0.0
3002469,9427.051169737158
3002470,279.2569625425208
3002471,58.87668945715046
3002472,18.300553936922995
3002473,15.48608542469674
3002474,43.400832449763186
3002475,2023.6630072025193
3002476,15.48608542469674
3002477,449.7399517090541
3002478,18.037226126201745
3002479,1073.8426203331474
3002480,1041.6390999388943
3002481,353.31094453597694
3002482,252.11212646550973
3002483,251.7931625424015
3002484,3236.02367195818
3002485,23.2916503226171
3002486,15.48608542469674
3002487,55.908372049339164
3002488,0.0
3002489,15.48608542469674
3002490,299.02620127844745
3002491,17.58197857562459
3002492,0.0
3002493,0.0
3002494,227.55400101452403
3002495,15.48608542469674
3002496,325.1508729328166
3002497,401.8883093679623
3002498,15.48608542469674
3002499,17.58197857562459
3002500,268.10027367839854
3002501,137.95262011139863
3002502,3233.901708745674
3002503,87.82109447827452
3002504,17.175863236563714
3002505,12.514296443807439
3002506,9.699827931581183
3002507,0.0
3002508,1991.262010233296
3002509,9.699827931581183
3002510,214.87282042367005
3002511,0.47544338432180666
3002512,748.6263433201128
3002513,629.7003538533002
3002514,55.22910346704555
3002515,36.71063383198987
3002516,86.86808101554305
3002517,2845.1256055861163
3002518,0.5194662278900637
3002519,9.699827931581183
3002520,0.0
3002521,0.0
3002522,9.699827931581183
3002523,192.745114764209
3002524,11.795721082509033
3002525,0.0
3002526,0.0
3002527,33.42180597136769
3002528,9.699827931581183
3002529,91.45626730446747
3002530,160.26775664324083
3002531,9.699827931581183
3002532,11.795721082509033
3002533,97.11349390144562
3002534,0.0
3002535,1849.8126638927413
3002536,0.0
3002537,0.0
3002538,11.801317518868018
3002539,8.986849006641762
3002540,35.125902709839124
3002541,2740.787822400978
3002542,8.986849006641762
3002543,350.2359315589998
3002544,18.275909355845556
3002545,1124.511137989483
3002546,914.513218632019
3002547,220.89843246064706
3002548,166.50506403222315
3002549,118.4073266663465
3002550,4280.889232703933
3002551,0.0
3002552,8.986849006641762
3002553,0.0
3002554,0.0
3002555,8.986849006641762
3002556,192.62666190084457
3002557,16.752183215654156
3002558,95.29574066376381
3002559,0.0
3002560,176.11921736403295
3002561,9.705424367940168
3002562,317.5410956494358
3002563,302.0979527309958
3002564,9.705424367940168
3002565,16.752183215654156
3002566,341.9362750878602
3002567,113.51398693952731
3002568,3767.926969116047
3002569,0.0
3002570,0.0
3002571,7.756141838436577
3002572,4.941673326210321
3002573,19.577703853376477
3002574,4300.068071707525
3002575,4.941673326210321
3002576,515.59529685424
3002577,12.759464581682039
3002578,1302.056799486113
3002579,1444.1297883300779
3002580,318.3867510067158
3002581,327.87756675457126
3002582,122.35069948869429
3002583,3689.476099803329
3002584,0.0
3002585,4.941673326210321
3002586,36.581009500348614
3002587,0.0
3002588,4.941673326210321
3002589,390.37341838800654
3002590,11.235738441490582
3002591,0.0
3002592,0.0
3002593,272.8609927937968
3002594,5.660248687508727
3002595,553.2756143707014
3002596,339.652826335464
3002597,5.660248687508727
3002598,11.235738441490582
3002599,472.6090164108445
3002600,113.55707669311053
3002601,7337.868338953578
3002602,0.0
3002603,0.0
3002604,22.860170915797767
3002605,20.04570240357151
3002606,34.68173293073767
3002607,4689.957891524761
3002608,20.04570240357151
3002609,634.5764175385136
3002610,27.86349365904323
3002611,1513.5696756024188
3002612,1564.309757121082
3002613,417.427396932749
3002614,239.15280419309056
3002615,181.68052235126544
3002616,4630.789038237702
3002617,0.0
3002618,20.04570240357151
3002619,44.95010886900121
3002620,0.0
3002621,20.04570240357151
3002622,473.13731819930535
3002623,26.339767518851772
3002624,0.0
3002625,0.0
3002626,345.7926817926666
3002627,20.764277764869917
3002628,628.7281496970643
3002629,491.2436035876328
3002630,20.764277764869917
3002631,26.339767518851772
3002632,548.0615517372074
3002633,172.88689955568162
3002634,6453.975944435718
3002635,0.0
3002636,0.0
3002637,0.0
3002638,0.0
3002639,14.998104279565098
3002640,3543.294355087409
3002641,0.0
3002642,427.4721329080852
3002643,3.585998385926473
3002644,955.9596445317744
3002645,1318.940303222526
3002646,390.86767723183203
3002647,167.64093357832982
3002648,109.39527811092304
3002649,5899.913368678613
3002650,0.0
3002651,0.0
3002652,23.83088530710313
3002653,0.0
3002654,0.0
3002655,213.32148883313604
3002656,2.0622722457350164
3002657,4.750988411183243
3002658,0.0
3002659,16.89636626438204
3002660,0.0
3002661,210.14774852012803
3002662,363.7358957170859
3002663,0.0
3002664,2.0622722457350164
3002665,223.58352525820717
3002666,22.813474335084436
3002667,1727.0315164708686
3002668,0.0
3002669,0.0
3002670,18.6921787636374
3002671,15.877710251411145
3002672,25.898571204715665
3002673,2034.1880784621874
3002674,15.877710251411145
3002675,400.09452502525687
3002676,25.166770600615052
3002677,827.7233001063989
3002678,578.6766753617518
3002679,138.9575812647523
3002680,203.47512449372957
3002681,123.64833903866091
3002682,2095.2411434479964
3002683,0.0
3002684,15.877710251411145
3002685,26.329784444192967
3002686,64.45839903906318
3002687,15.877710251411145
3002688,207.41409641090297
3002689,23.64304446042354
3002690,23.64304446042354
3002691,18.6921787636374
3002692,70.17429135747511
3002693,16.59628561270955
3002694,284.32406130261927
3002695,220.5156982047732
3002696,16.59628561270955
3002697,23.64304446042354
3002698,223.56608195287586
3002699,88.04701900246192
3002700,1865.6956081574763
3002701,16.59628561270955
3002702,0.0
3002703,4.7436815186219405
3002704,1.9292130063956847
3002705,0.0
3002706,896.1236417617333
3002707,1.9292130063956847
3002708,157.93058048321166
3002709,0.0
3002710,471.29557295317943
3002711,278.1093000291997
3002712,218.0289100521144
3002713,55.91476593749064
3002714,0.0
3002715,1879.3797201974533
3002716,0.0
3002717,1.9292130063956847
3002718,0.0
3002719,0.0
3002720,1.9292130063956847
3002721,123.38419658869259
3002722,9.694547215408079
3002723,9.694547215408079
3002724,4.7436815186219405
3002725,26.73588070584043
3002726,2.6477883676940905
3002727,187.47212615644435
3002728,136.73601056843165
3002729,2.6477883676940905
3002730,9.694547215408079
3002731,103.72894978627048
3002732,35.596004005715656
3002733,103.47254847950046
3002734,2.6477883676940905
3002735,0.0
3002736,3.6409517485021183
3002737,0.8264832362758625
3002738,17.421608824800046
3002739,3793.438316576453
3002740,0.8264832362758625
3002741,437.03813897047405
3002742,8.64427449174758
3002743,1307.3593033121456
3002744,882.3871030743206
3002745,313.377508025498
3002746,160.1218801993452
3002747,85.91459367824149
3002748,6068.479219506017
3002749,0.7506237046888486
3002750,0.8264832362758625
3002751,31.588247097766953
3002752,24.000364984981275
3002753,0.8264832362758625
3002754,186.05801943355254
3002755,3.6409517485021183
3002756,3.6409517485021183
3002757,7.120548351556124
3002758,0.0
3002759,1.5450585975742683
3002760,433.49848594943774
3002761,317.27077415423054
3002762,1.5450585975742683
3002763,7.120548351556124
3002764,179.5851563429661
3002765,51.77373649235648
3002766,988.6968716353726
3002767,0.0
3002768,0.0
3002769,16.44010129332247
3002770,13.625632781096215
3002771,13.625632781096215
3002772,1805.8380668830087
3002773,13.625632781096215
3002774,248.18446501305937
3002775,4.4012482338368955
3002776,877.9925026356459
3002777,535.9800136911402
3002778,164.52291435259042
3002779,82.42992373967536
3002780,58.035704540955976
3002781,2607.0326421690015
3002782,4.4452710774051525
3002783,13.625632781096215
3002784,10.678392390905856
3002785,3.2963651986341347
3002786,13.625632781096215
3002787,182.85583608623784
3002788,15.721525932024065
3002789,15.721525932024065
3002790,0.0
3002791,0.0
3002792,13.625632781096215
3002793,196.1821691664932
3002794,114.59849532036858
3002795,13.625632781096215
3002796,15.721525932024065
3002797,132.2164105658064
3002798,9.152737084783269
3002799,34.60623797471504
3002800,2.4190119694507644
3002801,3.6826728725384896
3002802,16.44010129332247
3002803,13.625632781096215
3002804,13.625632781096215
3002805,1662.9358851745449
3002806,13.625632781096215
3002807,303.2768483283737
3002808,4.4012482338368955
3002809,725.6881261195701
3002810,382.5850756470766
3002811,261.37910992560404
3002812,82.42992373967536
3002813,89.67564334167184
3002814,2411.3805750403403
3002815,4.4452710774051525
3002816,13.625632781096215
3002817,3.503652658907299
3002818,10.471104930632691
3002819,13.625632781096215
3002820,167.18081189731996
3002821,15.721525932024065
3002822,15.721525932024065
3002823,16.44010129332247
3002824,0.0
3002825,13.625632781096215
3002826,210.0129375678915
3002827,137.9709816603955
3002828,13.625632781096215
3002829,15.721525932024065
3002830,132.2164105658064
3002831,9.152737084783269
3002832,34.60623797471504
3002833,0.0
3002834,3.6826728725384896
3002835,6.25836515881474
3002836,4.16247200788689
3002837,0.0
3002838,1590.0995728048845
3002839,4.16247200788689
3002840,271.6106970012576
3002841,0.0
3002842,819.8952857639241
3002843,405.2453800693008
3002844,92.95165265669789
3002845,68.35887505848217
3002846,68.73263620464013
3002847,2547.7383471629078
3002848,0.0
3002849,4.16247200788689
3002850,0.0
3002851,0.0
3002852,4.16247200788689
3002853,196.5369150056819
3002854,6.25836515881474
3002855,6.25836515881474
3002856,6.976940520113146
3002857,30.456095673315247
3002858,4.16247200788689
3002859,143.41736376589049
3002860,151.27200799790432
3002861,4.16247200788689
3002862,6.25836515881474
3002863,128.76173512793795
3002864,0.0
3002865,248.54537112438445
3002866,0.0
3002867,0.0
3002868,12.965878206918717
3002869,10.869985055990867
3002870,10.282575579947832
3002871,1726.3076920188337
3002872,10.869985055990867
3002873,252.27607428883914
3002874,3.4326544596441977
3002875,962.754934778954
3002876,335.5444160348719
3002877,75.77944770756045
3002878,70.31511891185238
3002879,71.32227344315493
3002880,3098.200059146091
3002881,3.4766773032124547
3002882,2.6421295852966864
3002883,26.803944344994704
3002884,9.502511156439994
3002885,10.869985055990867
3002886,225.41264366887526
3002887,13.684453568217123
3002888,12.965878206918717
3002889,13.684453568217123
3002890,0.0
3002891,10.869985055990867
3002892,146.35780387237375
3002893,154.04142829689485
3002894,10.869985055990867
3002895,12.965878206918717
3002896,115.19599129129963
3002897,0.0
3002898,149.95847646861264
3002899,28.66717475270002
3002900,3.4326544596441977
3002901,14.368862385590717
3002902,11.55439387336446
3002903,11.55439387336446
3002904,1592.144972720572
3002905,11.55439387336446
3002906,215.59235141947812
3002907,2.3300093261050847
3002908,616.4609016991911
3002909,265.07185098833503
3002910,66.45473817812581
3002911,57.47448976493206
3002912,37.42548984182696
3002913,2056.137835056449
3002914,5.8536287727273475
3002915,11.55439387336446
3002916,7.135884389441912
3002917,6.928596929168748
3002918,11.55439387336446
3002919,180.10936311999126
3002920,14.368862385590717
3002921,13.650287024292311
3002922,14.368862385590717
3002923,0.0
3002924,11.55439387336446
3002925,114.57768959298755
3002926,40.422057122080275
3002927,11.55439387336446
3002928,14.368862385590717
3002929,117.8773498343879
3002930,0.0
3002931,160.1712743400521
3002932,11.55439387336446
3002933,2.3300093261050847
3002934,12.101089085647459
3002935,9.286620573421203
3002936,42.07336356086097
3002937,2544.865937739345
3002938,9.286620573421203
3002939,423.4725550799867
3002940,17.104411828892978
3002941,1091.1485459368314
3002942,691.2977277366961
3002943,364.9770279116736
3002944,238.72656282082738
3002945,107.22969969170848
3002946,3680.699706354118
3002947,26.336561259125347
3002948,9.286620573421203
3002949,18.4306902891758
3002950,63.96204247204997
3002951,9.286620573421203
3002952,325.2121736456139
3002953,15.580685688701465
3002954,15.580685688701465
3002955,12.101089085647459
3002956,156.35866431224932
3002957,10.005195934719609
3002958,474.3347411423678
3002959,312.7953214935648
3002960,10.005195934719609
3002961,15.580685688701465
3002962,278.2284336019657
3002963,78.20003086431223
3002964,533.9149154774941
3002965,55.72303768553866
3002966,26.29253841555709
3002967,1.3975636806561056
3002968,0.0
3002969,11.42102531310195
3002970,1823.534898198432
3002971,0.0
3002972,15.519795007786684
3002973,0.0
3002974,240.56338764842354
3002975,467.65165594245406
3002976,0.0
3002977,0.0
3002978,0.0
3002979,1694.3787675378267
3002980,0.0
3002981,0.0
3002982,8.201166563747222
3002983,14.001233052768384
3002984,0.0
3002985,201.09847819840914
3002986,6.348429377442244
3002987,6.348429377442244
3002988,82.76417324399546
3002989,0.0
3002990,0.0
3002991,0.0
3002992,0.0
3002993,0.0
3002994,6.348429377442244
3002995,0.0
3002996,0.0
3002997,594.9381895905167
3002998,77.56422038222274
3002999,0.0
3003000,13.684453568217123
3003001,10.869985055990867
3003002,10.282575579947832
3003003,2122.5483966648762
3003004,10.869985055990867
3003005,228.2701945636674
3003006,3.4326544596441977
3003007,929.6714357909544
3003008,365.7564592517056
3003009,78.23630378600592
3003010,70.94851229699725
3003011,32.747408741383026
3003012,2894.04050558076
3003013,3.4766773032124547
3003014,10.869985055990867
3003015,9.709798616713158
3003016,9.502511156439994
3003017,10.869985055990867
3003018,171.4683195492758
3003019,13.684453568217123
3003020,12.965878206918717
3003021,13.684453568217123
3003022,0.0
3003023,10.869985055990867
3003024,126.0476312736287
3003025,142.74042742432462
3003026,10.869985055990867
3003027,12.965878206918717
3003028,115.19599129129963
3003029,0.0
3003030,228.60293672673717
3003031,28.66717475270002
3003032,3.4326544596441977
3003033,16.01907389088558
3003034,13.204605378659323
3003035,39.3436590818568
3003036,2347.6555349952087
3003037,13.204605378659323
3003038,325.01297677908826
3003039,22.49366572786323
3003040,810.1676045771753
3003041,732.7253017345208
3003042,115.74621970761231
3003043,198.03129318960086
3003044,110.45444132478119
3003045,3477.9692599671243
3003046,0.0
3003047,13.204605378659323
3003048,23.656679571441146
3003049,50.59649752420347
3003050,13.204605378659323
3003051,213.03411772034664
3003052,20.969939587671718
3003053,20.969939587671718
3003054,16.01907389088558
3003055,92.18286556419548
3003056,13.92318073995773
3003057,278.88022999849056
3003058,212.4072124597458
3003059,13.92318073995773
3003060,20.969939587671718
3003061,297.6155696575109
3003062,74.8531212885822
3003063,1827.2739640971517
3003064,13.92318073995773
3003065,0.0
3003066,11.994628278876235
3003067,9.180159766649979
3003068,19.223594708494318
3003069,3000.9716688563885
3003070,9.180159766649979
3003071,437.2546644849907
3003072,15.210897071209047
3003073,1020.8824683293406
3003074,696.6295948697268
3003075,328.3706154750811
3003076,150.05335029837426
3003077,39.64884245890647
3003078,4540.928136810537
3003079,0.0
3003080,9.180159766649979
3003081,27.315433366087007
3003082,31.41116290444745
3003083,9.180159766649979
3003084,266.7751287157834
3003085,15.47422488193024
3003086,15.47422488193024
3003087,2.902282389409322
3003088,0.0
3003089,9.898735127948385
3003090,215.41493490763202
3003091,308.33221897332106
3003092,9.898735127948385
3003093,15.47422488193024
3003094,183.16863300687146
3003095,35.751613301115924
3003096,546.3187045663776
3003097,53.1937681321877
3003098,0.0
3003099,8.333110204429886
3003100,5.51864169220363
3003101,5.51864169220363
3003102,2584.899236471507
3003103,5.51864169220363
3003104,415.5529251968978
3003105,8.069782393708692
3003106,862.5420669191008
3003107,636.1501445563888
3003108,242.3409909925972
3003109,82.9987901182875
3003110,0.0
3003111,3802.777071702013
3003112,11.593401840330955
3003113,5.51864169220363
3003114,23.653915291640658
3003115,27.37715648429338
3003116,5.51864169220363
3003117,231.28293541210928
3003118,8.333110204429886
3003119,7.61453484313148
3003120,8.333110204429886
3003121,186.61766959595337
3003122,5.51864169220363
3003123,294.8256877968309
3003124,307.87157501656077
3003125,5.51864169220363
3003126,0.0
3003127,100.26326521404229
3003128,0.0
3003129,220.2455514257089
3003130,5.51864169220363
3003131,8.069782393708692
3003132,7.529413950027504
3003133,5.433520799099654
3003134,5.433520799099654
3003135,1392.9528106427515
3003136,5.433520799099654
3003137,207.29454049928347
3003138,12.477721455250503
3003139,621.8229837790841
3003140,334.8056667221844
3003141,65.05283986412252
3003142,47.105079274361856
3003143,31.85009893966452
3003144,2112.3046790775757
3003145,7.310108982874567
3003146,5.433520799099654
3003147,35.50232924251736
3003148,13.59671245526016
3003149,5.433520799099654
3003150,154.27626324067154
3003151,7.529413950027504
3003152,7.529413950027504
3003153,12.741049265971697
3003154,17.56489625946699
3003155,5.433520799099654
3003156,126.77259817140575
3003157,83.7155382660124
3003158,5.433520799099654
3003159,7.529413950027504
3003160,70.69431203546674
3003161,0.0
3003162,203.7576475645049
3003163,0.0
3003164,7.26608613930631
3003165,1.2094674223129118
3003166,0.0
3003167,0.0
3003168,1345.1201605290914
3003169,0.0
3003170,169.74283029522687
3003171,6.212790165558317
3003172,539.0013906208849
3003173,425.74468906140635
3003174,69.89530548756079
3003175,144.35706104215157
3003176,69.60787265193807
3003177,1644.580881152288
3003178,0.0
3003179,0.0
3003180,7.375804009136232
3003181,13.836004754859857
3003182,0.0
3003183,158.71745310298388
3003184,4.689064025366918
3003185,0.490892061014506
3003186,0.0
3003187,0.0
3003188,0.0
3003189,190.1559060967759
3003190,44.996848196501276
3003191,0.0
3003192,1.2094674223129118
3003193,182.4541349638291
3003194,27.52415869142328
3003195,1107.191405913024
3003196,0.0
3003197,0.0
3003198,20.279588266173675
3003199,18.183695115245825
3003200,18.183695115245825
3003201,2327.647472492954
3003202,18.183695115245825
3003203,392.67724789372824
3003204,22.521889767663538
3003205,902.1232181654195
3003206,723.9206087983757
3003207,295.8994469635
3003208,209.32632502841645
3003209,178.1653881663016
3003210,2767.8761763561206
3003211,0.0
3003212,18.183695115245825
3003213,27.164500214295458
3003214,27.1204773707272
3003215,18.183695115245825
3003216,213.350595500547
3003217,20.279588266173675
3003218,20.99816362747208
3003219,20.99816362747208
3003220,145.05431862942484
3003221,18.183695115245825
3003222,294.1259138864266
3003223,238.26068697698923
3003224,18.90227047654423
3003225,20.99816362747208
3003226,313.188200921669
3003227,121.74533660711384
3003228,2276.7112407110635
3003229,18.183695115245825
3003230,0.0
3003231,7.348803793465777
3003232,5.252910642537927
3003233,5.252910642537927
3003234,2105.4455495141765
3003235,5.252910642537927
3003236,155.8138000801665
3003237,0.0
3003238,650.4283444626566
3003239,302.64283665406003
3003240,29.635678302708584
3003241,62.34219163750322
3003242,3.3138921865093494
3003243,1725.0188535446007
3003244,0.0
3003245,5.252910642537927
3003246,2.458190492823121
3003247,0.0
3003248,5.252910642537927
3003249,218.38712261276254
3003250,7.348803793465777
3003251,8.067379154764183
3003252,8.067379154764183
3003253,0.0
3003254,5.971486003836333
3003255,103.2392023396782
3003256,47.141182513087756
3003257,5.252910642537927
3003258,0.0
3003259,100.43926555918063
3003260,0.0
3003261,1286.2008861318666
3003262,5.252910642537927
3003263,0.0
3003264,21.17075590414896
3003265,19.07486275322111
3003266,19.07486275322111
3003267,859.8710377480672
3003268,19.07486275322111
3003269,63.28860571372957
3003270,9.850478205961792
3003271,279.3108743001537
3003272,193.48634288037408
3003273,39.378498507703284
3003274,58.90954378577743
3003275,1.0378750435597794
3003276,1086.172699495479
3003277,4.561401040390479
3003278,19.07486275322111
3003279,0.8984775146485617
3003280,14.449065809025456
3003281,19.07486275322111
3003282,10.894564221798248
3003283,21.17075590414896
3003284,21.889331265447368
3003285,21.889331265447368
3003286,0.0
3003287,19.07486275322111
3003288,79.04268152275046
3003289,0.0
3003290,19.793438114519518
3003291,21.889331265447368
3003292,96.37322432231002
3003293,0.0
3003294,868.3207656157044
3003295,19.07486275322111
3003296,11.720472421806335
3003297,0.0
3003298,0.0
3003299,0.0
3003300,2578.3801692913853
3003301,0.0
3003302,388.97721742830237
3003303,2.4125563687514386
3003304,844.3057684912285
3003305,860.5300305707099
3003306,122.76240077118004
3003307,192.22309391066446
3003308,102.31515303274955
3003309,2724.5396603065524
3003310,0.0
3003311,0.0
3003312,3.575570212329353
3003313,46.29418295750958
3003314,0.0
3003315,217.89883449336384
3003316,0.0
3003317,0.8888302285599821
3003318,0.0
3003319,161.9355374489588
3003320,0.0
3003321,229.08988758875452
3003322,262.53706960821285
3003323,0.0
3003324,0.0
3003325,242.49233484459296
3003326,62.249383797926384
3003327,2320.1716596801352
3003328,0.0
3003329,0.0
3003330,26.075670884402996
3003331,23.979777733475146
3003332,26.824654965546415
3003333,2924.2141986565366
3003334,23.979777733475146
3003335,342.46801518513723
3003336,28.3179723858928
3003337,1092.887505368513
3003338,816.9819899925685
3003339,179.9845270628813
3003340,115.98442973422888
3003341,59.69033180452999
3003342,3671.0235757272235
3003343,28.36199522946106
3003344,23.979777733475146
3003345,36.460633877793214
3003346,36.41661103422496
3003347,23.979777733475146
3003348,278.6887608390067
3003349,26.075670884402996
3003350,26.7942462457014
3003351,26.7942462457014
3003352,54.38447134294114
3003353,23.979777733475146
3003354,321.6735942840795
3003355,224.513261173884
3003356,24.69835309477355
3003357,26.7942462457014
3003358,136.08109926299463
3003359,27.394251043394945
3003360,808.2160064443157
3003361,23.979777733475146
3003362,28.3179723858928
3003363,6.447059184694012
3003364,4.351166033766162
3003365,43.49492939772773
3003366,2447.5289244575706
3003367,4.351166033766162
3003368,504.5441084076895
3003369,6.9023067352712815
3003370,910.080579003292
3003371,808.4854159200906
3003372,358.4718004414332
3003373,154.39430579072334
3003374,66.64397584462807
3003375,3670.307046004752
3003376,6.9463295788395385
3003377,4.351166033766162
3003378,51.34385435906188
3003379,51.29983151549362
3003380,4.351166033766162
3003381,366.0304296086556
3003382,6.447059184694012
3003383,7.165634545992418
3003384,7.165634545992418
3003385,216.37587848515557
3003386,4.351166033766162
3003387,357.1645337016914
3003388,390.6642519262464
3003389,5.069741395064568
3003390,7.165634545992418
3003391,157.69068471580493
3003392,11.199057858802973
3003393,650.4469492500164
3003394,4.351166033766162
3003395,6.9023067352712815
3003396,41.26231859648482
3003397,35.41970247257814
3003398,53.26114023012002
3003399,7279.117946435461
3003400,35.41970247257814
3003401,767.1817545693956
3003402,46.26564133973028
3003403,1467.2747342663688
3003404,1914.121912891938
3003405,131.20802848974085
3003406,537.0389014096611
3003407,239.3658679470986
3003408,6219.902616638276
3003409,0.0
3003410,35.41970247257814
3003411,38.86131604080089
3003412,13.38635514205879
3003413,35.41970247257814
3003414,533.8980737280107
3003415,44.74191519953882
3003416,184.88937237721993
3003417,0.0
3003418,88.00026549868318
3003419,37.59581454578324
3003420,885.7446731506137
3003421,161.58563334641008
3003422,37.59581454578324
3003423,44.74191519953882
3003424,805.0780751907571
3003425,196.27394602841116
3003426,6639.555747516057
3003427,37.59581454578324
3003428,0.0
3003429,0.0
3003430,0.0
3003431,0.0
3003432,1184.8999540460602
3003433,0.0
3003434,183.6403785959334
3003435,0.0
3003436,302.24901022583055
3003437,112.19381389013412
3003438,84.97370673404794
3003439,0.0
3003440,0.0
3003441,1643.0521365905486
3003442,0.0
3003443,0.0
3003444,0.0
3003445,0.0
3003446,0.0
3003447,172.4428955246305
3003448,0.0
3003449,0.0
3003450,0.0
3003451,0.0
3003452,0.0
3003453,90.77054715264097
3003454,76.66192675021915
3003455,0.0
3003456,0.0
3003457,65.75656627471625
3003458,0.0
3003459,148.5167618996522
3003460,0.0
3003461,0.0
3003462,21.351738891548507
3003463,18.53727037932225
3003464,18.53727037932225
3003465,2677.360597291681
3003466,18.53727037932225
3003467,378.79896898515045
3003468,22.875465031739964
3003469,1142.587181065223
3003470,672.9695271331917
3003471,236.20133952029659
3003472,140.48134986443532
3003473,77.4615536159684
3003474,3575.4104221324856
3003475,22.91948787530822
3003476,18.53727037932225
3003477,38.45959792967193
3003478,29.430039821871333
3003479,18.53727037932225
3003480,269.25955843735863
3003481,20.6331635302501
3003482,20.6331635302501
3003483,24.831335494602513
3003484,15.247948088341957
3003485,18.53727037932225
3003486,393.43023260405926
3003487,241.2517739413882
3003488,18.53727037932225
3003489,21.351738891548507
3003490,184.12726044960928
3003491,21.875546745024224
3003492,576.968616706097
3003493,18.53727037932225
3003494,22.156889670441558
3003495,1.2220064766000291
3003496,0.0
3003497,0.0
3003498,1089.1639501958084
3003499,0.0
3003500,141.918086524322
3003501,0.0
3003502,262.5349520155147
3003503,171.76301729840878
3003504,58.46805962273095
3003505,0.0
3003506,0.0
3003507,1611.4257951344446
3003508,0.0
3003509,0.0
3003510,0.0
3003511,0.0
3003512,0.0
3003513,112.31085153708506
3003514,1.2220064766000291
3003515,1.940581837898435
3003516,1.940581837898435
3003517,5.081555640784131
3003518,0.0
3003519,65.56319680151734
3003520,0.0
3003521,0.0
3003522,1.940581837898435
3003523,41.16302748779361
3003524,12.213689160091064
3003525,65.10171408777688
3003526,0.0
3003527,0.0
3003528,15.844048414323993
3003529,13.029579902097737
3003530,0.0
3003531,2100.790426074682
3003532,13.029579902097737
3003533,333.98088936816083
3003534,17.36777455451545
3003535,1118.765364325603
3003536,523.5640449351176
3003537,143.74816343914532
3003538,88.31007026218799
3003539,63.35545589239865
3003540,3173.0262818940428
3003541,17.411797398083706
3003542,13.029579902097737
3003543,29.278849980246434
3003544,21.966362157579113
3003545,13.029579902097737
3003546,383.3791630089583
3003547,15.125473053025587
3003548,15.125473053025587
3003549,19.323645017378
3003550,21.455959973037807
3003551,13.029579902097737
3003552,234.4746455136123
3003553,187.0949761750018
3003554,13.029579902097737
3003555,15.844048414323993
3003556,143.8073158849597
3003557,11.475840520482564
3003558,521.7515185995205
3003559,13.029579902097737
3003560,16.649199193217044
3003561,8.213033575222482
3003562,6.117140424294632
3003563,10.827816236188426
3003564,2690.5339827625303
3003565,6.117140424294632
3003566,283.58908672118594
3003567,10.455335076712345
3003568,934.2217037029255
3003569,628.7247098050277
3003570,171.0725067586594
3003571,101.38111812262906
3003572,44.01372391998552
3003573,3503.3602303748485
3003574,10.499357920280602
3003575,6.117140424294632
3003576,22.54104218578874
3003577,27.34179292659519
3003578,6.117140424294632
3003579,274.8594826383198
3003580,8.213033575222482
3003581,8.931608936520888
3003582,8.931608936520888
3003583,0.293457648771664
3003584,6.117140424294632
3003585,110.50488469070754
3003586,150.47407502267097
3003587,6.835715785593038
3003588,8.931608936520888
3003589,150.15619342999523
3003590,0.0
3003591,475.25961287575495
3003592,6.117140424294632
3003593,10.455335076712345
3003594,13.44645454278566
3003595,11.35056139185781
3003596,11.35056139185781
3003597,1472.0668241789483
3003598,11.35056139185781
3003599,161.60875438618874
3003600,2.126176844598433
3003601,655.2784274042237
3003602,177.62811087172375
3003603,0.0
3003604,0.0
3003605,0.0
3003606,1868.6966256438552
3003607,2.17019968816669
3003608,11.35056139185781
3003609,2.4724681100128123
3003610,3.2451678446080905
3003611,11.35056139185781
3003612,137.40443273912717
3003613,13.44645454278566
3003614,14.165029904084065
3003615,14.165029904084065
3003616,24.167140039249432
3003617,11.35056139185781
3003618,63.14638643407835
3003619,0.0
3003620,12.069136753156215
3003621,14.165029904084065
3003622,36.05313750561072
3003623,0.0
3003624,167.28202858916322
3003625,11.35056139185781
3003626,2.126176844598433
3003627,21.263909693942196
3003628,19.168016543014346
3003629,0.0
3003630,2502.781323893232
3003631,19.168016543014346
3003632,347.23366185766093
3003633,9.943631995755027
3003634,1051.8532797927223
3003635,669.9916065533153
3003636,352.1098112902549
3003637,89.86204284634198
3003638,44.5993096477045
3003639,3350.5267183110795
3003640,9.987654839323284
3003641,19.168016543014346
3003642,25.71094463435287
3003643,0.0
3003644,19.168016543014346
3003645,274.7173001707819
3003646,21.263909693942196
3003647,21.982485055240602
3003648,21.982485055240602
3003649,56.04900149960429
3003650,19.168016543014346
3003651,332.8233060083217
3003652,224.95751019212537
3003653,19.886591904312752
3003654,21.982485055240602
3003655,151.5342814645922
3003656,0.0
3003657,612.0084861085065
3003658,19.168016543014346
3003659,9.943631995755027
3003660,4.408661764617932
3003661,1.5941932523916762
3003662,6.2111479713775
3003663,2667.26975305745
3003664,1.5941932523916762
3003665,409.17482119222
3003666,5.932387904809389
3003667,871.4042740583825
3003668,781.3279694882701
3003669,212.07692076940938
3003670,169.68178397809973
3003671,153.11027364740292
3003672,2938.5906293154044
3003673,0.0
3003674,1.5941932523916762
3003675,15.534950294014891
3003676,23.88900613607973
3003677,1.5941932523916762
3003678,426.3181136478271
3003679,7.888258367671938
3003680,7.888258367671938
3003681,4.408661764617932
3003682,324.9187056029489
3003683,2.312768613690082
3003684,254.48137283610987
3003685,247.62863174821518
3003686,2.312768613690082
3003687,4.408661764617932
3003688,264.21487916551234
3003689,94.67227736252329
3003690,2432.1527199525867
3003691,1.5941932523916762
3003692,0.0
3003693,9.303431944271551
3003694,6.488963432045296
3003695,25.975713909523336
3003696,1936.793462208722
3003697,6.488963432045296
3003698,276.54237821926256
3003699,14.306754687517014
3003700,779.5928506335733
3003701,660.0265104389157
3003702,0.0
3003703,97.54804544419522
3003704,66.45836551570682
3003705,2546.1241365117344
3003706,0.0
3003707,6.488963432045296
3003708,44.202047177433315
3003709,34.53691802729412
3003710,6.488963432045296
3003711,199.25842019108092
3003712,12.783028547325557
3003713,7.1036862723818786
3003714,12.783028547325557
3003715,35.867269504477974
3003716,7.207538793343701
3003717,184.7942912793106
3003718,128.99931538260725
3003719,7.207538793343701
3003720,9.303431944271551
3003721,192.08114063160784
3003722,23.741258170047217
3003723,1674.3728059852199
3003724,6.488963432045296
3003725,0.0
3003726,0.0
3003727,0.0
3003728,10.373656754781678
3003729,2681.97263008672
3003730,0.0
3003731,428.4515105521522
3003732,0.8040892828532833
3003733,993.7415112421605
3003734,651.9156803242624
3003735,211.86338231872375
3003736,127.44348379417832
3003737,70.78352296822368
3003738,4184.772854635034
3003739,0.0
3003740,0.0
3003741,18.465469218138765
3003742,22.042859860813735
3003743,0.0
3003744,197.0352674635808
3003745,2.7599597457158325
3003746,2.7599597457158325
3003747,0.0
3003748,0.0
3003749,0.0
3003750,360.08180801551333
3003751,295.56678953984203
3003752,0.0
3003753,0.0
3003754,146.90675993779914
3003755,14.564122712134633
3003756,1045.1820776019617
3003757,0.0
3003758,4.283685885907289
3003759,18.044358232251795
3003760,15.22988972002554
3003761,35.90036837738552
3003762,2391.4878330468637
3003763,15.22988972002554
3003764,320.3465367575281
3003765,23.0476809754972
3003766,767.3766073778168
3003767,822.2019065440346
3003768,0.0
3003769,239.31983214768928
3003770,159.49304669262065
3003771,2729.1189322397463
3003772,0.0
3003773,15.22988972002554
3003774,24.210694819075115
3003775,24.16667197550686
3003776,15.22988972002554
3003777,181.3190537946214
3003778,21.5239548353058
3003779,21.5239548353058
3003780,18.044358232251795
3003781,114.8196843237877
3003782,15.948465081323945
3003783,269.41514397564697
3003784,193.90638893743866
3003785,15.948465081323945
3003786,21.5239548353058
3003787,286.7456867752066
3003788,122.48692979696082
3003789,1916.5171266440705
3003790,15.948465081323945
3003791,0.0
3003792,14.723313125787342
3003793,12.627419974859492
3003794,0.0
3003795,2390.7379928203636
3003796,12.627419974859492
3003797,325.9169970897221
3003798,16.965614627277205
3003799,1374.4175404159737
3003800,553.6248653033549
3003801,193.82277184358512
3003802,92.69639944136651
3003803,67.74178507157723
3003804,4111.306054069246
3003805,20.489234073899468
3003806,12.627419974859492
3003807,24.031916468633483
3003808,23.82462900836032
3003809,12.627419974859492
3003810,382.9770030817201
3003811,15.441888487085748
3003812,15.441888487085748
3003813,15.441888487085748
3003814,21.053800045799562
3003815,13.345995336157898
3003816,266.34799238007884
3003817,223.34707776709334
3003818,13.345995336157898
3003819,15.441888487085748
3003820,147.5602516789933
3003821,15.862169699661138
3003822,550.712268929597
3003823,12.627419974859492
3003824,16.965614627277205
3003825,0.0
3003826,0.0
3003827,1.474482563499862
3003828,1992.1123754334808
3003829,0.0
3003830,258.89539890411277
3003831,1.8037004971377542
3003832,725.5844274792614
3003833,652.7177568791255
3003834,0.0
3003835,142.579248917746
3003836,83.55094946675229
3003837,2605.564156527146
3003838,0.0
3003839,0.0
3003840,31.669618948772893
3003841,16.023394406772354
3003842,0.0
3003843,193.62798664668605
3003844,0.2799743569462976
3003845,0.2799743569462976
3003846,0.2799743569462976
3003847,38.1248602748102
3003848,0.0
3003849,188.3780939723703
3003850,136.67157997299503
3003851,0.0
3003852,0.2799743569462976
3003853,180.67632283942348
3003854,26.379739952162595
3003855,1745.779580885692
3003856,0.0
3003857,0.0
3003858,15.017604923179874
3003859,12.203136410953618
3003860,12.203136410953618
3003861,1271.658848141824
3003862,12.203136410953618
3003863,257.1548649037073
3003864,14.75427711245868
3003865,0.0
3003866,236.06651969913798
3003867,84.568377519563
3003868,131.44268264555888
3003869,95.99398655854287
3003870,0.0
3003871,35.92427197263862
3003872,12.203136410953618
3003873,19.3968875590906
3003874,19.352864715522344
3003875,12.203136410953618
3003876,119.15066537808562
3003877,18.49720152623388
3003878,18.49720152623388
3003879,15.017604923179874
3003880,56.1686789529349
3003881,12.921711772252024
3003882,156.13730931139793
3003883,169.011177173392
3003884,12.921711772252024
3003885,15.017604923179874
3003886,169.5397565672363
3003887,38.18938365880831
3003888,1266.2615034842033
3003889,12.203136410953618
3003890,19.306942969357635
3003891,10.058661304582301
3003892,7.244192792356046
3003893,6.679207586404061
3003894,3682.8738379412257
3003895,7.244192792356046
3003896,368.04981231776725
3003897,0.0
3003898,1265.5569944102497
3003899,798.0992791856775
3003900,308.65044705668527
3003901,95.13257837003323
3003902,32.55268500936586
3003903,3536.6035762497136
3003904,0.0
3003905,7.244192792356046
3003906,15.390995093941285
3003907,15.346972250373028
3003908,7.244192792356046
3003909,314.4426338605673
3003910,9.340085943283896
3003911,9.340085943283896
3003912,10.058661304582301
3003913,60.76272776399185
3003914,7.244192792356046
3003915,347.0085189271454
3003916,253.65281200523984
3003917,7.244192792356046
3003918,9.340085943283896
3003919,140.6442875350294
3003920,0.0
3003921,432.5985666383421
3003922,7.244192792356046
3003923,0.0
3003924,198.45615664443798
3003925,8.707766369145475
3003926,1.170324833612085
3003927,8365.597409367114
3003928,8.707766369145475
3003929,924.1206867936057
3003930,19.553705236297617
3003931,1983.9697942508044
3003932,1929.5133302451654
3003933,371.00400992689475
3003934,581.4783060708064
3003935,236.97005719951264
3003936,8253.11949389086
3003937,0.0
3003938,8.707766369145475
3003939,7.062909223751888
3003940,0.0
3003941,8.707766369145475
3003942,536.365468723945
3003943,0.0
3003944,18.02997909610616
3003945,137.9236208230506
3003946,223.04839437637764
3003947,10.883878442350579
3003948,984.874006277721
3003949,399.3452934781237
3003950,10.883878442350579
3003951,18.02997909610616
3003952,904.2074083178642
3003953,205.97274082718127
3003954,8258.63216583222
3003955,327.21997252211304
3003956,0.0
3003957,9.881928597102842
3003958,7.582412841412861
3003959,7.560105139412144
3003960,7522.765215227505
3003961,7.582412841412861
3003962,859.4323328160424
3003963,18.428351708565003
3003964,1720.7186152458708
3003965,1927.9164680394417
3003966,131.09406714374057
3003967,496.266464189812
3003968,151.75821531851784
3003969,8313.535326634345
3003970,0.0
3003971,7.582412841412861
3003972,3.8130467215504495
3003973,0.0
3003974,7.582412841412861
3003975,711.8895079060433
3003976,0.0
3003977,16.904625568373547
3003978,29.37458504094502
3003979,153.70041889661098
3003980,9.758524914617965
3003981,880.0080315334346
3003982,330.1138636486068
3003983,9.758524914617965
3003984,16.904625568373547
3003985,820.4003632963309
3003986,122.16569580564703
3003987,5493.545327037706
3003988,315.0797632104724
3003989,0.0
3003990,26.925183382415128
3003991,27.65381523840557
3003992,66.93080739031711
3003993,4741.730397424363
3003994,27.65381523840557
3003995,429.3119803411405
3003996,68.92488943273236
3003997,1523.4491240061832
3003998,1321.0555628042152
3003999,105.16223108692296
3004000,144.9194978413983
3004001,49.80044879222015
3004002,6177.881771676983
3004003,0.0
3004004,27.65381523840557
3004005,0.0
3004006,82.54437245312391
3004007,27.65381523840557
3004008,334.1603174398258
3004009,0.0
3004010,35.419149447417965
3004011,28.66614757091554
3004012,22.376271424339564
3004013,28.372390599703976
3004014,599.0688230292451
3004015,320.53575356157853
3004016,28.372390599703976
3004017,67.4011632925409
3004018,519.8070219288492
3004019,4.44820643805383
3004020,2183.071958821326
3004021,68.71702714023922
3004022,0.0
3004023,163.7761060146093
3004024,6.135623549923537
3004025,48.618022932210636
3004026,6372.867926188545
3004027,6.135623549923537
3004028,601.0663613160013
3004029,18.452831510807812
3004030,1560.255880306621
3004031,1610.027579824126
3004032,0.0
3004033,351.4653357768102
3004034,22.716809746811464
3004035,7746.665473254928
3004036,0.0
3004037,6.135623549923537
3004038,50.67136999587052
3004039,28.657101758592773
3004040,6.135623549923537
3004041,503.89196663653286
3004042,362.35379797819786
3004043,16.929105370616355
3004044,0.0
3004045,0.0
3004046,8.31173562312864
3004047,805.6146609646568
3004048,164.1414854061041
3004049,8.31173562312864
3004050,16.929105370616355
3004051,726.352859864261
3004052,0.0
3004053,4527.6603293405105
3004054,286.27581836699517
3004055,0.0
3004056,9.957750373275644
3004057,8.62833524922803
3004058,47.90532740113957
3004059,3838.060759632096
3004060,8.62833524922803
3004061,419.3558572482431
3004062,17.91739559843188
3004063,1335.0516347870014
3004064,1076.7900050027527
3004065,78.62164040186138
3004066,39.969968235185206
3004067,13.860557589698203
3004068,5961.04965962584
3004069,0.0
3004070,8.62833524922803
3004071,71.68593824728754
3004072,63.51889246394637
3004073,8.62833524922803
3004074,314.5544428303338
3004075,65.904837100402
3004076,16.393669458240424
3004077,7.176549284679254
3004078,0.0
3004079,9.346910610526436
3004080,563.1289318267233
3004081,293.9951628765171
3004082,9.346910610526436
3004083,16.393669458240424
3004084,483.86713072632733
3004085,0.0
3004086,1775.8521806253555
3004087,59.09084766852209
3004088,0.0
3004089,38.89570368833432
3004090,37.56628856428671
3004091,29.939498295692374
3004092,5411.870818349747
3004093,37.56628856428671
3004094,636.7938484178103
3004095,45.384079819758426
3004096,1537.2024281754395
3004097,1563.2505538961211
3004098,289.3135995498768
3004099,209.66150145009084
3004100,98.782729559617
3004101,6597.8237640104535
3004102,0.0
3004103,37.56628856428671
3004104,40.770763948527645
3004105,28.864706197666294
3004106,37.56628856428671
3004107,402.0676436494965
3004108,29.370766352663566
3004109,43.86035367956697
3004110,32.65421350041288
3004111,183.46256272085458
3004112,38.284863925585114
3004113,613.0572016570057
3004114,448.38993955075057
3004115,38.284863925585114
3004116,43.86035367956697
3004117,533.7954005566098
3004118,69.19021004674642
3004119,5002.332435222757
3004120,138.03204283806033
3004121,0.0
3004122,8.422982272222953
3004123,5.608513759996697
3004124,22.94496527219468
3004125,1730.1721556786713
3004126,5.608513759996697
3004127,223.97170514690615
3004128,9.94670841241441
3004129,629.418569892424
3004130,517.8309457986629
3004131,69.23495535356415
3004132,139.60706822473455
3004133,72.82870236398992
3004134,2467.2747399317354
3004135,0.0
3004136,5.608513759996697
3004137,42.74409331781874
3004138,34.301991788617386
3004139,5.608513759996697
3004140,225.2656094489494
3004141,8.422982272222953
3004142,7.704406910924547
3004143,0.0
3004144,53.60474004032676
3004145,5.608513759996697
3004146,164.40381637093756
3004147,161.90503357083466
3004148,5.608513759996697
3004149,8.422982272222953
3004150,177.70414214641207
3004151,15.024099464255357
3004152,1617.784042031134
3004153,5.608513759996697
3004154,0.0
3004155,21.966557366651102
3004156,19.152088854424846
3004157,46.956955658765025
3004158,3420.5382853977653
3004159,19.152088854424846
3004160,250.98105472480677
3004161,28.441149203628697
3004162,1206.2441904508248
3004163,827.551501927276
3004164,0.0
3004165,0.0
3004166,0.0
3004167,4551.348254011841
3004168,0.0
3004169,19.152088854424846
3004170,60.88149316243715
3004171,32.686864396771114
3004172,19.152088854424846
3004173,442.6751034394053
3004174,68.76667131034765
3004175,21.247982005352696
3004176,21.966557366651102
3004177,0.0
3004178,19.870664215723252
3004179,306.58036814473945
3004180,148.59692523630517
3004181,19.870664215723252
3004182,21.966557366651102
3004183,371.2317712688567
3004184,0.0
3004185,1524.3768466657648
3004186,8.302839985573087
3004187,0.0
3004188,19.605847289840767
3004189,17.509954138912917
3004190,29.045230618957646
3004191,4098.487223858194
3004192,17.509954138912917
3004193,455.42920427304745
3004194,21.84814879133063
3004195,1433.9913920490585
3004196,1309.3395751595226
3004197,84.73739051877948
3004198,317.3754128135732
3004199,93.82731561759095
3004200,4092.504644239747
3004201,0.0
3004202,17.509954138912917
3004203,29.755527703539826
3004204,69.73459486174931
3004205,17.509954138912917
3004206,623.488563020114
3004207,19.605847289840767
3004208,20.324422651139173
3004209,20.324422651139173
3004210,0.0
3004211,17.509954138912917
3004212,635.3530758770279
3004213,292.3913717180028
3004214,18.228529500211323
3004215,32.47852118497656
3004216,496.00886908986
3004217,31.390718035499788
3004218,4422.957653242194
3004219,17.509954138912917
3004220,0.0
3004221,63.49840367983228
3004222,60.68393516760602
3004223,60.68393516760602
3004224,2527.915127219484
3004225,60.68393516760602
3004226,860.1789692646007
3004227,51.45955062034665
3004228,1290.7781197828906
3004229,1352.8131572087925
3004230,606.2913799239061
3004231,86.09893402326583
3004232,7.5446123088133845
3004233,5968.830857932934
3004234,63.75646166181076
3004235,60.68393516760602
3004236,34.01854723207407
3004237,0.0
3004238,60.68393516760602
3004239,573.016011182711
3004240,62.77982831853387
3004241,62.77982831853387
3004242,62.77982831853387
3004243,386.8502237052571
3004244,60.68393516760602
3004245,118.5687437578909
3004246,762.513884617937
3004247,60.68393516760602
3004248,62.77982831853387
3004249,125.6307672143299
3004250,0.0
3004251,3371.046769644517
3004252,60.68393516760602
3004253,61.65151113977049
3004254,21.363559815007022
3004255,18.549091302780766
3004256,18.549091302780766
3004257,1631.7660144155982
3004258,18.549091302780766
3004259,447.7567484789688
3004260,21.100232004285886
3004261,801.844512161495
3004262,844.0663407682658
3004263,223.10750111032868
3004264,196.15488541337766
3004265,161.90890866778992
3004266,2446.9545855582746
3004267,18.94593053308131
3004268,18.549091302780766
3004269,22.2632458478638
3004270,42.56663107231128
3004271,18.549091302780766
3004272,277.3013830521419
3004273,20.644984453708616
3004274,20.644984453708616
3004275,20.644984453708616
3004276,140.8287834535583
3004277,18.549091302780766
3004278,292.70735544893387
3004279,334.60266085136
3004280,18.549091302780766
3004281,20.644984453708616
3004282,235.65675619451582
3004283,105.50910262751614
3004284,1499.4510466808858
3004285,18.549091302780766
3004286,20.23886911464774
3004287,13.652681687576148
3004288,10.838213175349892
3004289,10.838213175349892
3004290,2068.2238626103317
3004291,10.838213175349892
3004292,227.59470633090137
3004293,1.6138286280905163
3004294,849.3508915088137
3004295,267.36894161339734
3004296,46.56546168435466
3004297,41.87136241982944
3004298,71.60604853411962
3004299,2642.0687998005283
3004300,1.6578514716587733
3004301,10.838213175349892
3004302,0.0
3004303,6.2124162311541795
3004304,10.838213175349892
3004305,184.63858794005938
3004306,12.934106326277742
3004307,12.934106326277742
3004308,12.934106326277742
3004309,10.417190479988847
3004310,10.838213175349892
3004311,115.4468198104448
3004312,105.45267786517755
3004313,10.838213175349892
3004314,12.934106326277742
3004315,102.27422248928525
3004316,0.0
3004317,108.7627592015921
3004318,10.838213175349892
3004319,0.8952532667921105
3004320,14.749950460653963
3004321,11.935481948427707
3004322,21.956342901732228
3004323,2607.492681739198
3004324,11.935481948427707
3004325,311.13523200924743
3004326,21.224542297631615
3004327,871.0279158796467
3004328,842.9395527035708
3004329,27.419416001241757
3004330,153.35808693403433
3004331,116.55741655554581
3004332,3785.3973558609177
3004333,0.0
3004334,11.935481948427707
3004335,49.37139693754011
3004336,60.516170736079744
3004337,11.935481948427707
3004338,222.18277914553653
3004339,19.7008161574401
3004340,19.7008161574401
3004341,0.0
3004342,48.992214882782775
3004343,12.654057309726113
3004344,284.9832052292552
3004345,198.8772153672601
3004346,12.654057309726113
3004347,19.7008161574401
3004348,309.3783846676795
3004349,80.95609651934677
3004350,2231.906356304319
3004351,12.654057309726113
3004352,0.0
3004353,11.805568013538505
3004354,8.991099501312249
3004355,9.709674862610655
3004356,2638.0007853275756
3004357,8.991099501312249
3004358,486.35500632641913
3004359,16.808890756783967
3004360,921.0276224834284
3004361,917.8260243899534
3004362,179.2102403290667
3004363,293.449505896209
3004364,81.35136399041443
3004365,2946.2924842840043
3004366,0.0
3004367,8.991099501312249
3004368,17.97190460036188
3004369,17.927881756793624
3004370,8.991099501312249
3004371,455.0730826579545
3004372,15.28516461659251
3004373,20.129938200967217
3004374,11.805568013538505
3004375,47.45137937992564
3004376,9.709674862610655
3004377,477.97797974931837
3004378,407.4000718588329
3004379,9.709674862610655
3004380,15.28516461659251
3004381,397.31138178946156
3004382,38.25944207172773
3004383,3748.4345733757737
3004384,9.709674862610655
3004385,0.0
3004386,22.090733665266953
3004387,19.276265153040697
3004388,19.994840514339103
3004389,2870.193872603444
3004390,19.276265153040697
3004391,505.44454651249276
3004392,27.094056408512415
3004393,1044.5682318194304
3004394,1041.3666337259547
3004395,214.4224929789322
3004396,164.4844606582309
3004397,100.44090417648823
3004398,3161.616838697102
3004399,0.0
3004400,19.276265153040697
3004401,21.522140543381738
3004402,28.213047408522073
3004403,19.276265153040697
3004404,483.8486593512036
3004405,25.57033026832096
3004406,25.57033026832096
3004407,0.0
3004408,66.39474526074605
3004409,19.994840514339103
3004410,513.1902323991837
3004411,426.4896120449065
3004412,19.994840514339103
3004413,25.57033026832096
3004414,432.52363443932705
3004415,57.34898225780137
3004416,3372.0493397562714
3004417,19.994840514339103
3004418,0.0
3004419,0.0
3004420,0.0
3004421,12.603890553761858
3004422,3534.824374277088
3004423,0.0
3004424,453.88068488904423
3004425,3.826556220709392
3004426,1121.0873459366471
3004427,796.8480863251219
3004428,334.47608262926474
3004429,171.90383475718332
3004430,97.69654823607988
3004431,5923.066777646253
3004432,0.0
3004433,0.0
3004434,20.77586609996206
3004435,21.477271261141993
3004436,0.0
3004437,161.46931115587284
3004438,2.3028300805179356
3004439,2.3028300805179356
3004440,17.953377319068522
3004441,0.0
3004442,0.0
3004443,425.3078692340171
3004444,300.8129949277483
3004445,0.0
3004446,2.3028300805179356
3004447,227.84642643706073
3004448,63.555691050194696
3004449,1128.6686859623646
3004450,0.0
3004451,0.0
3004452,23.319074966716755
3004453,20.5046064544905
3004454,38.66829159028282
3004455,1760.8876009372193
3004456,20.5046064544905
3004457,358.87306909924746
3004458,29.793666803694293
3004459,825.1770533063823
3004460,675.2204338415827
3004461,414.0760473915908
3004462,197.9754687031456
3004463,116.97574217491709
3004464,2136.4572154575153
3004465,0.0
3004466,20.5046064544905
3004467,34.21076585315217
3004468,66.03932278252256
3004469,20.5046064544905
3004470,176.34647597600573
3004471,28.269940663502894
3004472,28.269940663502894
3004473,23.319074966716755
3004474,90.11521164300063
3004475,21.223181815788905
3004476,637.8904654640239
3004477,250.9652363496018
3004478,21.223181815788905
3004479,42.03337848539212
3004480,575.0819220267332
3004481,81.37442213871799
3004482,1886.9185024709586
3004483,21.223181815788905
3004484,125.58319077306348
3004485,0.0
3004486,0.0
3004487,0.0
3004488,947.5366430806257
3004489,0.0
3004490,193.07193976163674
3004491,0.0
3004492,427.38237555727255
3004493,235.34551885824524
3004494,347.01770072380697
3004495,91.27685783052596
3004496,22.8848156324068
3004497,2085.9432605374104
3004498,0.0
3004499,0.0
3004500,0.0
3004501,11.264358007417627
3004502,0.0
3004503,159.06066294931185
3004504,3.6539300657477156
3004505,3.6539300657477156
3004506,0.0
3004507,41.95222679474847
3004508,0.0
3004509,112.72189409037037
3004510,167.33217414878857
3004511,0.0
3004512,3.6539300657477156
3004513,179.58954440265265
3004514,62.815271716263055
3004515,127.14662005000883
3004516,0.0
3004517,0.0
3004518,4.730832987127258
3004519,1.9163644749010018
3004520,26.6543142459131
3004521,3827.169114474043
3004522,1.9163644749010018
3004523,434.2300086545669
3004524,9.73415573037272
3004525,1339.4875127755179
3004526,990.4199175509646
3004527,449.4976682084334
3004528,169.11356284109857
3004529,79.72956749252478
3004530,6083.5333537991155
3004531,5.094590149193948
3004532,1.9163644749010018
3004533,44.075037724759966
3004534,35.527694953293235
3004535,1.9163644749010018
3004536,185.40536241530955
3004537,4.730832987127258
3004538,4.730832987127258
3004539,8.210429590181263
3004540,0.0
3004541,2.6349398361994076
3004542,215.15086980299017
3004543,314.46264383832346
3004544,2.6349398361994076
3004545,8.210429590181263
3004546,459.0490126783642
3004547,14.957594405672467
3004548,1004.1452775365702
3004549,0.0
3004550,0.0
3004551,14.871784315603009
3004552,12.057315803376753
3004553,0.0
3004554,1757.1075659405972
3004555,12.057315803376753
3004556,237.24843813819297
3004557,2.8329312561173197
3004558,856.1861134341816
3004559,515.800859548509
3004560,279.54605084427266
3004561,78.74851412440125
3004562,46.21147074319407
3004563,2610.5624184303806
3004564,6.131039305565537
3004565,12.057315803376753
3004566,12.36416061906624
3004567,8.902787952913116
3004568,12.057315803376753
3004569,192.42103208597203
3004570,14.153208954304603
3004571,14.153208954304603
3004572,0.0
3004573,0.0
3004574,12.057315803376753
3004575,113.33015331160559
3004576,177.09296789692803
3004577,12.057315803376753
3004578,14.153208954304603
3004579,191.89214829067691
3004580,0.0
3004581,62.752609717164376
3004582,0.0
3004583,2.114355894818914
3004584,14.871784315603009
3004585,12.057315803376753
3004586,12.057315803376753
3004587,1654.256464881878
3004588,12.057315803376753
3004589,264.9510415178962
3004590,2.8329312561173197
3004591,692.9617954847866
3004592,479.9231367794396
3004593,329.877057015297
3004594,78.74851412440125
3004595,77.85140954390994
3004596,2443.4459801837816
3004597,6.131039305565537
3004598,12.057315803376753
3004599,12.36416061906624
3004600,9.870872403402473
3004601,12.057315803376753
3004602,146.15496297410712
3004603,14.153208954304603
3004604,14.153208954304603
3004605,14.871784315603009
3004606,3.78690938084884
3004607,12.057315803376753
3004608,119.73064457144275
3004609,227.9475419004515
3004610,12.057315803376753
3004611,14.153208954304603
3004612,209.4405910655642
3004613,0.0
3004614,62.752609717164376
3004615,8.993519174219216
3004616,2.114355894818914
3004617,8.443962371349869
3004618,6.348069220422019
3004619,0.0
3004620,1537.3285384380652
3004621,6.348069220422019
3004622,250.8450772972143
3004623,0.0
3004624,832.0438214195893
3004625,402.2462786709973
3004626,185.94783672853288
3004627,78.85375233920297
3004628,50.66192823361001
3004629,2590.5404728163985
3004630,0.42179272261086
3004631,6.348069220422019
3004632,5.183644942379431
3004633,0.0
3004634,6.348069220422019
3004635,220.6590673345093
3004636,8.443962371349869
3004637,8.443962371349869
3004638,9.162537732648275
3004639,44.39379693484159
3004640,6.348069220422019
3004641,125.45656162919266
3004642,148.27290659960082
3004643,6.348069220422019
3004644,8.443962371349869
3004645,174.1075971943494
3004646,0.0
3004647,280.4456570570885
3004648,6.348069220422019
3004649,0.0
3004650,11.397561229199255
3004651,9.301668078271405
3004652,9.301668078271405
3004653,2033.2166852370397
3004654,9.301668078271405
3004655,248.37393205895486
3004656,1.864337481924622
3004657,796.6958994983149
3004658,327.09707810691964
3004659,229.5084285875697
3004660,73.66759394156043
3004661,20.92317494362112
3004662,2902.997558137538
3004663,5.162445531372839
3004664,9.301668078271405
3004665,36.632536755643
3004666,7.934194178720418
3004667,9.301668078271405
3004668,222.10178843428767
3004669,12.031105302291394
3004670,11.397561229199255
3004671,12.11613659049766
3004672,0.0
3004673,9.301668078271405
3004674,102.7102252969359
3004675,135.14924807334896
3004676,9.301668078271405
3004677,11.397561229199255
3004678,152.16841295729878
3004679,0.0
3004680,117.17879315414677
3004681,35.24168195746836
3004682,1.864337481924622
3004683,14.366454677304489
3004684,11.551986165078233
3004685,11.551986165078233
3004686,1423.2011811929615
3004687,11.551986165078233
3004688,217.70756154953128
3004689,2.327601617818857
3004690,644.5773501940919
3004691,267.1870611183881
3004692,58.16265632046594
3004693,59.8104325095955
3004694,31.618608404002543
3004695,2052.6391928316916
3004696,9.10530627032108
3004697,11.551986165078233
3004698,0.0
3004699,6.92618922088252
3004700,11.551986165078233
3004701,178.36441715483693
3004702,14.366454677304489
3004703,13.647879316006083
3004704,14.366454677304489
3004705,0.0
3004706,11.551986165078233
3004707,94.73992559700378
3004708,42.22260209360235
3004709,11.551986165078233
3004710,14.366454677304489
3004711,132.89265959641702
3004712,0.0
3004713,181.7407311694469
3004714,11.551986165078233
3004715,2.327601617818857
3004716,13.667813446761045
3004717,10.853344934534789
3004718,51.78291210446247
3004719,2490.266484092431
3004720,10.853344934534789
3004721,410.882093893192
3004722,18.67113619000645
3004723,1071.4336218274195
3004724,673.2188774595244
3004725,562.5086695073403
3004726,237.1366182976057
3004727,97.49693098599886
3004728,3717.882684259281
3004729,31.157370826118893
3004730,10.853344934534789
3004731,77.13296368180448
3004732,19.790127190016108
3004733,10.853344934534789
3004734,320.06199552649275
3004735,17.14741004981505
3004736,17.14741004981505
3004737,13.667813446761045
3004738,179.18235191193142
3004739,11.571920295833195
3004740,175.53852947165015
3004741,299.4055640126827
3004742,11.571920295833195
3004743,17.14741004981505
3004744,480.4013106643673
3004745,68.46726215860252
3004746,557.0535043762887
3004747,48.41732692836706
3004748,27.859262776670676
3004749,0.0
3004750,0.0
3004751,13.046389223441054
3004752,1879.2475374737219
3004753,0.0
3004754,44.32398218451857
3004755,0.0
3004756,470.18263613750105
3004757,577.2236359528271
3004758,221.48253582607592
3004759,0.0
3004760,0.0
3004761,1963.4311875395779
3004762,0.0
3004763,0.0
3004764,18.924705012555705
3004765,1.639683448030155
3004766,0.0
3004767,186.44638237833158
3004768,0.0
3004769,0.0
3004770,15.761104428161559
3004771,0.0
3004772,0.0
3004773,0.0
3004774,0.0
3004775,0.0
3004776,0.0
3004777,71.35933756244526
3004778,0.0
3004779,618.1354180385367
3004780,26.565873072764703
3004781,0.0
3004782,12.11613659049766
3004783,9.301668078271405
3004784,9.301668078271405
3004785,2112.330012736187
3004786,9.301668078271405
3004787,224.36805233378314
3004788,1.864337481924622
3004789,919.4530518622661
3004790,355.61495560238944
3004791,219.90159343636338
3004792,67.26710268172326
3004793,20.92317494362112
3004794,2955.8002710636106
3004795,5.162445531372839
3004796,9.301668078271405
3004797,11.395566844873542
3004798,7.934194178720418
3004799,9.301668078271405
3004800,182.92509271675362
3004801,12.11613659049766
3004802,11.397561229199255
3004803,12.11613659049766
3004804,0.0
3004805,9.301668078271405
3004806,96.30973403709874
3004807,134.29308949637223
3004808,9.301668078271405
3004809,11.397561229199255
3004810,151.312254380322
3004811,0.0
3004812,256.74930846918664
3004813,9.301668078271405
3004814,1.864337481924622
3004815,21.66980920774006
3004816,18.855340695513803
3004817,53.13721858119919
3004818,2415.957401408605
3004819,18.855340695513803
3004820,437.6739002639834
3004821,28.14440104471771
3004822,918.679129835629
3004823,921.0754799747963
3004824,778.3747731401827
3004825,293.0744832279099
3004826,174.92078982387878
3004827,3779.549094016311
3004828,0.0
3004829,18.855340695513803
3004830,78.87696171510197
3004831,75.57885366565375
3004832,18.855340695513803
3004833,275.10302522415105
3004834,26.620674904526197
3004835,26.620674904526197
3004836,5.369546472643378
3004837,111.3584914629482
3004838,19.57391605681221
3004839,755.9356261911812
3004840,325.54973862536576
3004841,19.57391605681221
3004842,26.620674904526197
3004843,693.1270827538904
3004844,139.31946978767976
3004845,1903.136212270159
3004846,19.57391605681221
3004847,114.04652555810387
3004848,13.084509517501374
3004849,10.270041005275118
3004850,28.45630012960737
3004851,3017.7963353236255
3004852,10.270041005275118
3004853,429.10681524546544
3004854,16.300778309834186
3004855,952.0418816605793
3004856,742.1078586158255
3004857,306.1626978840737
3004858,152.01114829514543
3004859,33.463816273189764
3004860,4572.1178289413465
3004861,0.0
3004862,10.270041005275118
3004863,38.84073493552307
3004864,35.542626886074856
3004865,10.270041005275118
3004866,267.81663741890424
3004867,16.56410612055538
3004868,16.56410612055538
3004869,13.084509517501374
3004870,14.64172123458195
3004871,10.988616366573524
3004872,163.54783008307558
3004873,298.4902040124319
3004874,10.988616366573524
3004875,16.56410612055538
3004876,371.40575714037084
3004877,24.057404733010856
3004878,577.1232745251717
3004879,0.0
3004880,0.0
3004881,7.853859373655268
3004882,5.039390861429013
3004883,5.039390861429013
3004884,2570.571462668094
3004885,5.039390861429013
3004886,380.2474624503146
3004887,7.590531562934075
3004888,879.7178897056205
3004889,659.9738637760307
3004890,317.0628092845102
3004891,88.88247538294388
3004892,0.0
3004893,3594.974819317876
3004894,14.368236215436298
3004895,5.039390861429013
3004896,33.237596445969245
3004897,35.040729836006676
3004898,5.039390861429013
3004899,230.75531204583052
3004900,7.853859373655268
3004901,7.135284012356863
3004902,7.853859373655268
3004903,195.05924363468492
3004904,5.039390861429013
3004905,84.56834955813173
3004906,307.81066295107536
3004907,5.039390861429013
3004908,16.56248686823926
3004909,332.49273448200137
3004910,0.0
3004911,434.7169921051916
3004912,5.039390861429013
3004913,7.590531562934075
3004914,9.715011162562632
3004915,7.619118011634782
3004916,7.619118011634782
3004917,1384.4603168276456
3004918,7.619118011634782
3004919,214.927975581529
3004920,14.663318667785632
3004921,625.7808867463909
3004922,331.80656532388093
3004923,67.68303618347431
3004924,57.599956555082656
3004925,34.20215203789735
3004926,2170.762915781362
3004927,12.749791401289656
3004928,7.619118011634782
3004929,16.39694289642142
3004930,34.95250570499741
3004931,7.619118011634782
3004932,135.25863816923476
3004933,9.715011162562632
3004934,9.715011162562632
3004935,14.926646478506825
3004936,11.892128926468729
3004937,7.619118011634782
3004938,67.3891385367213
3004939,170.07392479781646
3004940,7.619118011634782
3004941,9.715011162562632
3004942,172.40655132805406
3004943,0.0
3004944,235.65793349720903
3004945,8.71652800721887
3004946,9.451683351841439
3004947,6.455236476813809
3004948,3.6407679645875533
3004949,5.335919080659778
3004950,1363.824863752161
3004951,3.6407679645875533
3004952,250.8363933775998
3004953,11.458559220059215
3004954,631.5940303943756
3004955,492.35362483114807
3004956,170.8188842656329
3004957,51.34271536215715
3004958,82.0539822371187
3004959,1738.067461515635
3004960,0.0
3004961,3.6407679645875533
3004962,15.87565826951709
3004963,40.79460404691764
3004964,3.6407679645875533
3004965,193.79337182584132
3004966,9.934833079867815
3004967,5.736661115515403
3004968,0.0
3004969,0.0
3004970,4.359343325885959
3004971,258.6484448442955
3004972,79.25390486342394
3004973,4.359343325885959
3004974,6.455236476813809
3004975,223.75913795505
3004976,39.970268276603974
3004977,1139.4509579333496
3004978,3.6407679645875533
3004979,91.60626341511738
3004980,23.337352399853216
3004981,21.241459248925366
3004982,21.241459248925366
3004983,3209.8618304104466
3004984,21.241459248925366
3004985,596.6112196868278
3004986,25.57965390134308
3004987,1068.1759748052182
3004988,1358.4645840228004
3004989,1008.8515153122794
3004990,529.8836697017798
3004991,145.76595511478482
3004992,3558.930653188549
3004993,0.0
3004994,21.241459248925366
3004995,49.98898811693971
3004996,107.38068324402164
3004997,21.241459248925366
3004998,290.71057913575646
3004999,23.337352399853216
3005000,24.055927761151622
3005001,24.055927761151622
3005002,246.804167969087
3005003,21.241459248925366
3005004,906.2794674611833
3005005,413.7350506010029
3005006,21.960034610223772
3005007,24.055927761151622
3005008,850.185788644045
3005009,118.99862701125525
3005010,2859.4432487350828
3005011,21.241459248925366
3005012,48.82039537173438
3005013,12.594572847966674
3005014,10.498679697038824
3005015,15.823437217472758
3005016,2042.8993736528514
3005017,10.498679697038824
3005018,178.15622965133045
3005019,3.0613491006920412
3005020,694.0778004838118
3005021,415.26844764647467
3005022,110.16140336353953
3005023,4.493631893713712
3005024,8.726117126707948
3005025,1844.4248851021507
3005026,0.0
3005027,10.498679697038824
3005028,10.958044753203978
3005029,21.72577013341072
3005030,10.498679697038824
3005031,218.4800210961166
3005032,12.594572847966674
3005033,13.31314820926508
3005034,13.31314820926508
3005035,46.50993384378626
3005036,11.21725505833723
3005037,182.00172085065788
3005038,76.0585202563924
3005039,10.498679697038824
3005040,13.31314820926508
3005041,171.61894485750355
3005042,0.0
3005043,1318.4604381521935
3005044,10.498679697038824
3005045,117.17076007843244
3005046,24.22852003782856
3005047,22.13262688690071
3005048,3.010367914437495
3005049,833.9655459815951
3005050,22.13262688690071
3005051,91.08089356595883
3005052,12.908242339641276
3005053,115.88907985859294
3005054,219.58446501123953
3005055,63.98915453119059
3005056,0.0
3005057,0.0
3005058,1179.3025065817342
3005059,8.172344625605717
3005060,22.13262688690071
3005061,20.804937992153157
3005062,17.50682994270494
3005063,22.13262688690071
3005064,36.73286847031113
3005065,24.22852003782856
3005066,24.947095399126965
3005067,24.947095399126965
3005068,2.5429344403405594
3005069,22.13262688690071
3005070,229.15932802804406
3005071,0.0
3005072,22.851202248199115
3005073,24.947095399126965
3005074,167.9436361289805
3005075,0.0
3005076,835.9944692403678
3005077,22.13262688690071
3005078,140.8938788971105
3005079,0.0
3005080,0.0
3005081,1.9264193970197425
3005082,2604.401411142878
3005083,0.0
3005084,408.01882870630226
3005085,5.47032050243098
3005086,865.7728897149277
3005087,952.4762795785532
3005088,287.05733690258165
3005089,253.972449159985
3005090,106.60232808187314
3005091,2839.1409623403233
3005092,0.0
3005093,0.0
3005094,27.831781718955256
3005095,32.931752355140134
3005096,0.0
3005097,219.680746165657
3005098,0.0
3005099,3.946594362239523
3005100,0.4669977591855172
3005101,165.8110309070768
3005102,0.0
3005103,469.0420074753562
3005104,290.3293574604422
3005105,0.0
3005106,0.4669977591855172
3005107,379.86999187510156
3005108,59.50267420206768
3005109,2234.25428048252
3005110,0.0
3005111,70.48389996917462
3005112,25.59642005362832
3005113,23.50052690270047
3005114,23.50052690270047
3005115,2839.136163039541
3005116,23.50052690270047
3005117,343.5857721371154
3005118,27.83872155511824
3005119,1113.878102327922
3005120,814.4632348839817
3005121,442.0104409987129
3005122,128.90199964386747
3005123,57.43119288669857
3005124,3673.327324902009
3005125,31.136829604566458
3005126,23.50052690270047
3005127,47.37829243538641
3005128,49.181425825423844
3005129,23.50052690270047
3005130,276.466971751364
3005131,25.59642005362832
3005132,26.314995414926727
3005133,26.314995414926727
3005134,62.8260453816726
3005135,23.50052690270047
3005136,157.3308792253445
3005137,225.6310181258622
3005138,24.219102263998877
3005139,26.314995414926727
3005140,252.24903354554095
3005141,14.868858034095751
3005142,661.1388012604754
3005143,23.50052690270047
3005144,27.83872155511824
3005145,5.967808353919452
3005146,3.8719152029916017
3005147,51.158502749441084
3005148,2433.2011506541576
3005149,3.8719152029916017
3005150,498.6279807146857
3005151,6.423055904496607
3005152,931.071175962701
3005153,822.3479261882219
3005154,454.0251924450698
3005155,160.2779910553798
3005156,64.38483692679665
3005157,3462.504793620615
3005158,9.721163953944824
3005159,3.8719152029916017
3005160,62.26151291665519
3005161,21.963165958860316
3005162,3.8719152029916017
3005163,367.35651232243777
3005164,5.967808353919452
3005165,6.686383715217858
3005166,6.686383715217858
3005167,216.8983992174908
3005168,3.8719152029916017
3005169,141.99576905989446
3005170,384.7481242332425
3005171,4.590490564290008
3005172,6.686383715217858
3005173,270.13581757243907
3005174,33.24964034199877
3005175,827.147124507889
3005176,3.8719152029916017
3005177,6.423055904496607
3005178,60.26437066901008
3005179,54.4217545451034
3005180,91.23062191543329
3005181,7487.389098761738
3005182,54.4217545451034
3005183,1023.9112960774912
3005184,65.26769341225554
3005185,1721.8200386342319
3005186,2218.602341711031
3005187,1120.853524681947
3005188,910.0725636501909
3005189,323.5191592696933
3005190,7061.091400340495
3005191,28.2108489748328
3005192,54.4217545451034
3005193,127.22105436845138
3005194,122.44090447913666
3005195,54.4217545451034
3005196,690.4697249551339
3005197,63.74396727206408
3005198,203.89142444974524
3005199,0.0
3005200,146.55238932723367
3005201,56.5978666183085
3005202,1415.9120022458646
3005203,418.31517485450564
3005204,56.5978666183085
3005205,63.74396727206408
3005206,1330.0656315490846
3005207,280.4272373510065
3005208,7037.045303806321
3005209,56.5978666183085
3005210,136.28012810297884
3005211,0.0
3005212,0.0
3005213,0.0
3005214,1180.6989224773097
3005215,0.0
3005216,174.17650838293665
3005217,0.0
3005218,279.2970192391893
3005219,102.72994367713716
3005220,26.916338152261915
3005221,0.0
3005222,0.0
3005223,1635.3891521403605
3005224,0.0
3005225,0.0
3005226,0.0
3005227,0.0
3005228,0.0
3005229,203.32253448129893
3005230,0.0
3005231,0.0
3005232,0.0
3005233,0.0
3005234,0.0
3005235,42.61914203733227
3005236,19.92328792054866
3005237,0.0
3005238,0.0
3005239,104.77793933034943
3005240,0.0
3005241,170.08621872904703
3005242,0.0
3005243,0.0
3005244,23.060492981595246
3005245,20.24602446936899
3005246,20.24602446936899
3005247,2685.3246352291367
3005248,20.24602446936899
3005249,412.54822599383937
3005250,24.584219121786703
3005251,1171.4966693364036
3005252,682.5973852352522
3005253,374.99084084424067
3005254,161.5578543101312
3005255,83.36134923419422
3005256,3575.3436902038547
3005257,27.88232717123492
3005258,20.24602446936899
3005259,42.5797261438542
3005260,40.12432917615041
3005261,20.24602446936899
3005262,269.22577427053716
3005263,22.34191762029684
3005264,22.34191762029684
3005265,26.54008958464925
3005266,71.04700128239733
3005267,20.24602446936899
3005268,195.29848017731948
3005269,267.99144411667004
3005270,20.24602446936899
3005271,23.060492981595246
3005272,389.00237495115243
3005273,11.735532104184813
3005274,608.3920595163131
3005275,20.24602446936899
3005276,33.30928131684675
3005277,1.2195987683138014
3005278,0.0
3005279,0.0
3005280,1084.9629186270577
3005281,0.0
3005282,158.7451515615108
3005283,0.0
3005284,349.7416678507599
3005285,174.6912216421497
3005286,0.0
3005287,0.0
3005288,0.0
3005289,1616.600792894217
3005290,0.0
3005291,0.0
3005292,0.0
3005293,0.0
3005294,0.0
3005295,84.26345173162628
3005296,1.2195987683138014
3005297,1.9381741296122073
3005298,1.9381741296122073
3005299,23.54539321459157
3005300,0.0
3005301,18.02560325040963
3005302,0.0
3005303,0.0
3005304,1.9381741296122073
3005305,81.26475470058972
3005306,6.406807722266535
3005307,249.40571693464804
3005308,0.0
3005309,0.0
3005310,18.02964562685912
3005311,15.215177114632866
3005312,15.215177114632866
3005313,2067.494714154368
3005314,15.215177114632866
3005315,339.70983833620335
3005316,19.553371767050578
3005317,1118.169146665116
3005318,522.7180857310194
3005319,273.50608006091505
3005320,105.8388321878908
3005321,65.7075089906316
3005322,3214.303278142075
3005323,22.851479816498795
3005324,15.215177114632866
3005325,41.29167744252072
3005326,24.15195937011424
3005327,15.215177114632866
3005328,368.44004784010775
3005329,17.311070265560716
3005330,17.311070265560716
3005331,21.509242229913127
3005332,28.53779641259763
3005333,15.215177114632866
3005334,146.90263364605156
3005335,232.60236698579993
3005336,15.215177114632866
3005337,18.02964562685912
3005338,276.7528842148472
3005339,13.827893618715393
3005340,558.0550371383763
3005341,15.215177114632866
3005342,18.834796405752172
3005343,7.733782744447865
3005344,5.637889593520015
3005345,18.491389587901722
3005346,2676.2062089591172
3005347,5.637889593520015
3005348,284.70684367316403
3005349,9.976084245937727
3005350,954.9722574380474
3005351,629.8424667570059
3005352,196.02193989937854
3005353,114.29868803226722
3005354,41.75458500215399
3005355,3552.03941429765
3005356,13.274192295385944
3005357,5.637889593520015
3005358,30.89154938710317
3005359,35.005366278308486
3005360,5.637889593520015
3005361,237.42645251529083
3005362,7.733782744447865
3005363,8.45235810574627
3005364,8.45235810574627
3005365,89.13183487655573
3005366,5.637889593520015
3005367,140.86176903392183
3005368,189.6064414046821
3005369,6.356464954818421
3005370,8.45235810574627
3005371,231.04457016255486
3005372,0.0
3005373,496.35222658266156
3005374,5.637889593520015
3005375,9.976084245937727
3005376,13.444046834499431
3005377,11.348153683571581
3005378,11.348153683571581
3005379,1435.5795023445307
3005380,11.348153683571581
3005381,139.743487172788
3005382,2.1237691363122053
3005383,626.9505484601802
3005384,173.2447984669737
3005385,0.0
3005386,0.0
3005387,0.0
3005388,1876.383890943994
3005389,5.421877185760422
3005390,11.348153683571581
3005391,6.704132802474987
3005392,3.2427601363218628
3005393,11.348153683571581
3005394,120.27731264945527
3005395,13.444046834499431
3005396,14.162622195797837
3005397,14.162622195797837
3005398,29.060971557987898
3005399,11.348153683571581
3005400,30.98952073064521
3005401,0.0
3005402,12.066729044869987
3005403,14.162622195797837
3005404,65.81551506392947
3005405,0.0
3005406,196.99430960104598
3005407,11.348153683571581
3005408,2.1237691363122053
3005409,20.784658863167635
3005410,18.688765712239785
3005411,18.688765712239785
3005412,2488.6935933141035
3005413,18.688765712239785
3005414,371.45240622272985
3005415,9.464381164980352
3005416,939.2738824002782
3005417,664.0754788603115
3005418,353.4017503735976
3005419,95.74572811099836
3005420,42.34017072987308
3005421,3352.830467485865
3005422,12.76248921442857
3005423,18.688765712239785
3005424,7.110158224635825
3005425,8.730111874007378
3005426,18.688765712239785
3005427,301.04658650637884
3005428,20.784658863167635
3005429,21.50323422446604
3005430,21.50323422446604
3005431,102.6273959945101
3005432,18.688765712239785
3005433,147.512682011263
3005434,219.04138249912154
3005435,19.40734107353819
3005436,21.50323422446604
3005437,283.6489110068466
3005438,0.0
3005439,641.243923997901
3005440,18.688765712239785
3005441,9.464381164980352
3005442,7.466425898297473
3005443,4.651957386071217
3005444,17.411736287544898
3005445,2555.5925209297325
3005446,4.651957386071217
3005447,436.96710904444933
3005448,8.99015203848893
3005449,891.177229560718
3005450,810.264395913669
3005451,241.93991920472263
3005452,159.6278372074216
3005453,150.3635640515444
3005454,2987.3569211805907
3005455,0.0
3005456,4.651957386071217
3005457,16.88684769100081
3005458,26.691515766614145
3005459,4.651957386071217
3005460,334.8523535765692
3005461,10.946022501351479
3005462,10.946022501351479
3005463,7.466425898297473
3005464,194.44851395335078
3005465,5.370532747369623
3005466,372.78429556157874
3005467,271.2045907114727
3005468,5.370532747369623
3005469,7.466425898297473
3005470,264.8978321059667
3005471,98.95945241164668
3005472,2462.224267052091
3005473,4.651957386071217
3005474,67.74329999385577
3005475,15.573040112547687
3005476,12.758571600321432
3005477,40.388146260287385
3005478,2126.2514026366753
3005479,12.758571600321432
3005480,429.4400977108117
3005481,20.57636285579315
3005482,900.1891976959699
3005483,905.4125126368132
3005484,216.9109457829166
3005485,139.80320103270807
3005486,135.97565117376487
3005487,2877.6400578993503
3005488,32.582438580659186
3005489,12.758571600321432
3005490,61.868564734077324
3005491,48.94935037805817
3005492,12.758571600321432
3005493,299.0649536965831
3005494,19.052636715601693
3005495,15.573040112547687
3005496,19.052636715601693
3005497,121.98194717413932
3005498,13.477146961619837
3005499,382.8675701357821
3005500,262.4957372456745
3005501,13.477146961619837
3005502,15.573040112547687
3005503,310.365704528837
3005504,100.29242847308711
3005505,1866.8428533067704
3005506,12.758571600321432
3005507,23.71486508341468
3005508,0.0
3005509,0.0
3005510,0.0
3005511,2706.6622736396616
3005512,0.0
3005513,429.5692675041303
3005514,0.3248384520786658
3005515,1016.8944332109329
3005516,528.544870042758
3005517,264.05497005309775
3005518,140.3610537038169
3005519,68.52438405039214
3005520,3815.1288015620653
3005521,0.0
3005522,0.0
3005523,21.240303593244107
3005524,27.411808665328124
3005525,0.0
3005526,194.8134783759381
3005527,2.280708914941215
3005528,2.280708914941215
3005529,0.0
3005530,0.0
3005531,0.0
3005532,168.78819879093587
3005533,296.68454649182013
3005534,0.0
3005535,0.0
3005536,395.77638469217663
3005537,0.0
3005538,1196.75822239835
3005539,21.29082372087379
3005540,3.8044350551326716
3005541,22.671254435331036
3005542,19.85678592310478
3005543,35.342613969534625
3005544,2398.10771446599
3005545,19.85678592310478
3005546,348.9108689115689
3005547,27.674577178576556
3005548,844.8247534459917
3005549,853.0948976927775
3005550,286.875591130784
3005551,145.7007157698022
3005552,159.85433447385887
3005553,2791.309778722708
3005554,0.0
3005555,19.85678592310478
3005556,60.52940093017173
3005557,57.231292880723515
3005558,19.85678592310478
3005559,160.6692182151458
3005560,26.150851038385042
3005561,26.150851038385042
3005562,22.671254435331036
3005563,159.56991658324213
3005564,20.575361284403186
3005565,547.2923454024152
3005566,216.07862380041885
3005567,20.575361284403186
3005568,26.150851038385042
3005569,484.48380196512454
3005570,122.84821757819898
3005571,1925.175298408703
3005572,20.575361284403186
3005573,119.89747439407859
3005574,16.90891033832247
3005575,14.813017187394621
3005576,7.715690214247843
3005577,2472.5703321455753
3005578,14.813017187394621
3005579,331.6459460577646
3005580,19.151211839812333
3005581,1306.569765657976
3005582,565.7459115624581
3005583,548.3069308184845
3005584,110.22516136706938
3005585,70.09383816981017
3005586,4200.483614470753
3005587,25.928916492314556
3005588,14.813017187394621
3005589,29.47159888704857
3005590,46.15337731982362
3005591,14.813017187394621
3005592,352.9851634897243
3005593,17.627485699620877
3005594,17.627485699620877
3005595,17.627485699620877
3005596,57.68936786819842
3005597,15.531592548693027
3005598,144.8884715653929
3005599,227.38186101377218
3005600,15.531592548693027
3005601,17.627485699620877
3005602,281.81122743474316
3005603,18.214222797893967
3005604,582.6125548623011
3005605,14.813017187394621
3005606,19.151211839812333
3005607,4.807168050148789
3005608,2.711274899220939
3005609,28.190550593906835
3005610,2078.602742720622
3005611,2.711274899220939
3005612,294.8466212923995
3005613,7.049469551638651
3005614,756.9046489603822
3005615,794.0427743512577
3005616,135.5549733703188
3005617,190.68079452700485
3005618,95.99705905193298
3005619,2699.0507368904923
3005620,0.0
3005621,2.711274899220939
3005622,22.490024473367953
3005623,21.26916346127325
3005624,2.711274899220939
3005625,193.65416592233052
3005626,5.525743411447195
3005627,5.525743411447195
3005628,5.525743411447195
3005629,55.52251439443705
3005630,3.429850260519345
3005631,367.25569641158893
3005632,174.79857076337058
3005633,3.429850260519345
3005634,5.525743411447195
3005635,237.41161031916963
3005636,31.79196489236125
3005637,1778.0391329060176
3005638,2.711274899220939
3005639,55.109927836272846
3005640,18.075369056859415
3005641,15.26090054463316
3005642,14.630997750283882
3005643,2366.4109260167525
3005644,15.26090054463316
3005645,586.7741238337057
3005646,17.81204124613822
3005647,734.1822329718466
3005648,763.0848635115854
3005649,372.2657369374125
3005650,231.94186265734638
3005651,93.24727696268411
3005652,2701.2921556197334
3005653,39.53521555785392
3005654,15.26090054463316
3005655,38.74930612130686
3005656,35.45119807185864
3005657,15.26090054463316
3005658,345.80103733033127
3005659,21.55496565991342
3005660,21.55496565991342
3005661,18.075369056859415
3005662,158.48647410536546
3005663,15.979475905931565
3005664,468.16504651023934
3005665,468.18490841581985
3005666,15.979475905931565
3005667,18.075369056859415
3005668,338.31891362487045
3005669,35.44267406294955
3005670,1887.0163658818901
3005671,15.26090054463316
3005672,176.6683126571929
3005673,11.76741539462904
3005674,8.952946882402784
3005675,8.952946882402784
3005676,3680.578148405955
3005677,8.952946882402784
3005678,368.5984534394568
3005679,1.5156162860560585
3005680,1126.8984206371802
3005681,721.2783506809888
3005682,467.16654193125294
3005683,109.17519817074688
3005684,38.45248062759168
3005685,3629.3288791712143
3005686,4.813724335504276
3005687,8.952946882402784
3005688,20.353834389867984
3005689,17.055726340419767
3005690,8.952946882402784
3005691,287.34978921044126
3005692,11.048840033330634
3005693,11.048840033330634
3005694,11.76741539462904
3005695,36.731402218568235
3005696,8.952946882402784
3005697,144.78162261775756
3005698,257.58978456965724
3005699,8.952946882402784
3005700,11.048840033330634
3005701,300.92563584754157
3005702,0.0
3005703,455.87918526606995
3005704,8.952946882402784
3005705,0.7970409247576526
3005706,216.9813655944749
3005707,27.232975319182344
3005708,68.13983507756473
3005709,8709.983309295907
3005710,27.232975319182344
3005711,1184.3979708216943
3005712,38.07891418633449
3005713,2270.639610630803
3005714,2181.485978717038
3005715,1197.6439568836486
3005716,872.319521822126
3005717,324.6710910421005
3005718,9038.53091252966
3005719,29.199562236616146
3005720,27.232975319182344
3005721,79.46685626806004
3005722,92.42419972966616
3005723,27.232975319182344
3005724,697.7339618432177
3005725,43.695424561732125
3005726,36.55518804614303
3005727,190.1546952264394
3005728,765.0144639356246
3005729,29.40908739238745
3005730,1567.305295177486
3005731,639.4759778077103
3005732,29.40908739238745
3005733,36.55518804614303
3005734,1516.1070504605154
3005735,293.67377466976916
3005736,8698.226474721301
3005737,358.57122033794036
3005738,85.95701549796763
3005739,14.45553488919353
3005740,12.156019133503548
3005741,63.368730681893396
3005742,7847.968088937456
3005743,12.156019133503548
3005744,1107.7895509632424
3005745,23.00195800065569
3005746,1996.4631202598596
3005747,2266.7771685945486
3005748,1186.213262073211
3005749,737.7811246036267
3005750,221.14708598915692
3005751,9079.763719054305
3005752,0.0
3005753,12.156019133503548
3005754,67.391502052894
3005755,35.9642240411996
3005756,12.156019133503548
3005757,673.4192289359958
3005758,22.017534161829246
3005759,21.478231860464234
3005760,0.0
3005761,208.53984086646918
3005762,14.332131206708652
3005763,1515.869074834798
3005764,596.2203286367375
3005765,14.332131206708652
3005766,21.478231860464234
3005767,1383.771024276732
3005768,191.55456647628634
3005769,6154.6023828273155
3005770,377.63821524573194
3005771,16.770229744502444
3005772,26.135851892548885
3005773,26.864483748539328
3005774,74.28430008293878
3005775,4911.223872724081
3005776,26.864483748539328
3005777,699.5846203717776
3005778,36.15354409774318
3005779,1832.555404285668
3005780,1622.7270843022795
3005781,1256.7244495373275
3005782,431.1007653064517
3005783,225.4632372237102
3005784,7555.341572406104
3005785,0.0
3005786,26.864483748539328
3005787,90.91497572995053
3005788,115.59049058073515
3005789,26.864483748539328
3005790,434.5593264703967
3005791,83.19800813827294
3005792,34.62981795755172
3005793,36.01964026353721
3005794,102.31547316388986
3005795,27.583059109837734
3005796,1264.1045103062365
3005797,629.5751031785335
3005798,27.583059109837734
3005799,92.28380978220122
3005800,1062.777804863906
3005801,180.11099486954382
3005802,2947.392218068891
3005803,106.74159741373865
3005804,0.0
3005805,160.74237079592612
3005806,3.101888331240275
3005807,79.29015316687924
3005808,6735.022836314753
3005809,3.101888331240275
3005810,886.3756158794583
3005811,15.41909629212455
3005812,1847.9101529754716
3005813,1880.9029744383242
3005814,882.0010630385447
3005815,435.6520412060885
3005816,129.05771683370753
3005817,9102.67326637342
3005818,0.0
3005819,3.101888331240275
3005820,10.216801079526988
3005821,59.32923199326143
3005822,3.101888331240275
3005823,630.2464557164694
3005824,417.30490850268353
3005825,13.895370151933093
3005826,0.0
3005827,462.911219078507
3005828,5.278000404445379
3005829,1217.3699949302013
3005830,443.05864267850086
3005831,5.278000404445379
3005832,13.895370151933093
3005833,1115.170498884463
3005834,83.70547447954095
3005835,5157.616487638407
3005836,296.0681220141024
3005837,0.0
3005838,11.695450746598908
3005839,10.366035622551294
3005840,57.78585195695075
3005841,4071.542372044068
3005842,10.366035622551294
3005843,732.1299834897179
3005844,19.655095971755145
3005845,1660.1507658702817
3005846,1531.1686270766365
3005847,1129.1209989508907
3005848,381.4152256323365
3005849,180.47392806358692
3005850,7259.513525567797
3005851,0.0
3005852,10.366035622551294
3005853,73.10237661980017
3005854,99.09204245474712
3005855,10.366035622551294
3005856,479.34827773109345
3005857,14.992220127144435
3005858,18.13136983156369
3005859,60.500567161671256
3005860,102.27649737398116
3005861,11.0846109838497
3005862,1111.5488538794052
3005863,542.6478388285395
3005864,11.0846109838497
3005865,75.78536165621318
3005866,1013.3753227717702
3005867,135.12168570942032
3005868,1906.747610175068
3005869,93.25035251415028
3005870,0.0
3005871,45.71371370924203
3005872,44.384298585194415
3005873,44.900332499087995
3005874,5758.525699670331
3005875,44.384298585194415
3005876,915.2732589095688
3005877,52.20208984066613
3005878,1809.3566720386675
3005879,1833.6882017296812
3005880,1383.906809294637
3005881,631.0359036350668
3005882,288.5069802218895
3005883,7385.50416404104
3005884,0.0
3005885,44.384298585194415
3005886,51.676677356739106
3005887,91.87816975716294
3005888,44.384298585194415
3005889,507.43715168352236
3005890,50.67836370047468
3005891,50.67836370047468
3005892,47.6150477038085
3005893,326.08876946109996
3005894,45.10287394649282
3005895,1419.0274011670783
3005896,726.869350042509
3005897,45.10287394649282
3005898,50.67836370047468
3005899,1367.8291564501083
3005900,207.90096206197936
3005901,5774.260035981099
3005902,170.8797600402123
3005903,67.57818456100739
3005904,11.480746405902494
3005905,8.666277893676238
3005906,20.818078794943972
3005907,1804.226886055852
3005908,8.666277893676238
3005909,250.0698272777716
3005910,13.00447254609395
3005911,649.1915253947593
3005912,546.7673722240614
3005913,95.3351888020211
3005914,87.21743518378548
3005915,25.02916600966455
3005916,2521.901575206747
3005917,0.0
3005918,8.666277893676238
3005919,57.19876683986615
3005920,53.900658790417936
3005921,8.666277893676238
3005922,210.27990839692492
3005923,11.480746405902494
3005924,10.762171044604088
3005925,0.0
3005926,54.82886246299171
3005927,8.666277893676238
3005928,194.5122839241759
3005929,183.30522413200336
3005930,8.666277893676238
3005931,11.480746405902494
3005932,197.64031594692617
3005933,19.31127451337869
3005934,1647.8555891306382
3005935,8.666277893676238
3005936,66.45225895275314
3005937,28.176557911915268
3005938,25.36208939968901
3005939,61.309780386517104
3005940,3558.923938577677
3005941,25.36208939968901
3005942,518.3195821669119
3005943,34.65114974889286
3005944,1322.0231451688667
3005945,1099.444149997175
3005946,891.8695996601101
3005947,92.71250049313426
3005948,3.5374489636073463
3005949,5263.4298280325265
3005950,0.0
3005951,25.36208939968901
3005952,78.48840309606919
3005953,85.99655336402941
3005954,25.36208939968901
3005955,481.5670632338198
3005956,93.34192874209725
3005957,27.45798255061686
3005958,28.176557911915268
3005959,178.60895725748674
3005960,26.080664760987418
3005961,639.5149792366984
3005962,409.5433553873496
3005963,26.080664760987418
3005964,28.176557911915268
3005965,577.2281091299529
3005966,0.0
3005967,1469.0262924927038
3005968,46.934645003142066
3005969,12.152827659447894
3005970,34.67463670541338
3005971,32.57874355448553
3005972,52.25684421701817
3005973,4307.983728229985
3005974,32.57874355448553
3005975,660.3046573545153
3005976,36.91693820690324
3005977,1636.2969332857374
3005978,1542.0309671473635
3005979,1107.02717184958
3005980,831.7331307090424
3005981,133.7984689731053
3005982,4520.7130775481555
3005983,0.0
3005984,32.57874355448553
3005985,48.078402324992396
3005986,133.07590179142287
3005987,32.57874355448553
3005988,583.5918278718467
3005989,34.67463670541338
3005990,35.39321206671178
3005991,35.39321206671178
3005992,82.43808237617333
3005993,32.57874355448553
3005994,1286.023202641196
3005995,503.6589220905314
3005996,33.29731891578393
3005997,35.39321206671178
3005998,1418.6762542894737
3005999,91.93728907706469
3006000,4527.389000853518
3006001,32.57874355448553
3006002,47.61325857216315
3006003,66.07932469102343
3006004,63.264856178797174
3006005,0.0
3006006,2557.484111590969
3006007,63.264856178797174
3006008,884.4851149918409
3006009,54.0404716315378
3006010,1308.759098881601
3006011,1253.9464575957788
3006012,1184.5817448487526
3006013,635.6861314570276
3006014,69.35040848219631
3006015,6021.819061817573
3006016,70.91514776701905
3006017,63.264856178797174
3006018,0.0
3006019,0.0
3006020,63.264856178797174
3006021,578.3995896351021
3006022,65.36074932972502
3006023,65.36074932972502
3006024,65.36074932972502
3006025,430.1030699699863
3006026,63.264856178797174
3006027,982.8456381014902
3006028,782.6589804390226
3006029,63.264856178797174
3006030,65.36074932972502
3006031,988.2776258919814
3006032,0.0
3006033,3404.6660592640146
3006034,63.264856178797174
3006035,230.01136559070102
3006036,24.42132394868662
3006037,21.606855436460364
3006038,21.606855436460364
3006039,1662.0533429864777
3006040,21.606855436460364
3006041,468.51515168621614
3006042,24.15799613796537
3006043,914.6899242365217
3006044,893.282470235806
3006045,423.63493028556337
3006046,254.9620792812829
3006047,159.16219907193127
3006048,2496.395046922922
3006049,22.556874118296548
3006050,21.606855436460364
3006051,28.575095187423244
3006052,25.276987137975027
3006053,21.606855436460364
3006054,259.1559249018495
3006055,23.702748587388214
3006056,23.702748587388214
3006057,23.702748587388214
3006058,132.39790695419734
3006059,21.606855436460364
3006060,495.1718128297422
3006061,412.5517249508022
3006062,21.606855436460364
3006063,23.702748587388214
3006064,390.72053341809055
3006065,102.76239303165744
3006066,1529.5225937803896
3006067,21.606855436460364
3006068,184.47115848590607
3006069,13.65027397928992
3006070,10.835805467063665
3006071,10.835805467063665
3006072,1912.0438842359126
3006073,10.835805467063665
3006074,253.71579618612628
3006075,1.6114209198042886
3006076,867.7377436793338
3006077,282.352234539336
3006078,120.83383344474146
3006079,44.20730516449288
3006080,65.7991670962951
3006081,2649.797230454766
3006082,4.909528969252506
3006083,10.835805467063665
3006084,0.0
3006085,6.210008522867952
3006086,10.835805467063665
3006087,193.86785649546394
3006088,12.931698617991515
3006089,12.931698617991515
3006090,12.931698617991515
3006091,15.311021998727313
3006092,10.835805467063665
3006093,90.81011445448229
3006094,55.77474575973173
3006095,10.835805467063665
3006096,12.931698617991515
3006097,137.81779622831345
3006098,0.0
3006099,288.88702235429616
3006100,10.835805467063665
3006101,0.8928455585058828
3006102,20.400685777508443
3006103,17.586217265282187
3006104,35.74990240107462
3006105,2726.276490377199
3006106,17.586217265282187
3006107,425.9719238962314
3006108,26.875277614486095
3006109,1019.7490999831585
3006110,935.8434879700076
3006111,819.7437647356008
3006112,246.9203447364057
3006113,181.0237650546434
3006114,4100.193459850159
3006115,0.0
3006116,17.586217265282187
3006117,66.41904164276247
3006118,26.01326193059964
3006119,17.586217265282187
3006120,301.9132910176743
3006121,25.35155147429458
3006122,25.35155147429458
3006123,24.7466541600337
3006124,128.309017224315
3006125,18.304792626580593
3006126,785.5142358629882
3006127,309.4975783652722
3006128,18.304792626580593
3006129,25.35155147429458
3006130,696.458921625389
3006131,145.4224450184444
3006132,2307.7686044773263
3006133,18.304792626580593
3006134,112.7774021278723
3006135,19.899647672238586
3006136,17.08517916001233
3006137,39.8640338696664
3006138,4173.632309584329
3006139,17.08517916001233
3006140,595.4559942912399
3006141,24.90297041548405
3006142,1101.3354230114917
3006143,1496.845617920161
3006144,614.0371385888652
3006145,358.0734708803202
3006146,147.6498264432788
3006147,3519.262701598156
3006148,0.0
3006149,17.08517916001233
3006150,60.1214247225185
3006151,56.82331667307028
3006152,17.08517916001233
3006153,462.40300496947106
3006154,23.379244275292592
3006155,28.2240178596673
3006156,19.899647672238586
3006157,361.10444713340263
3006158,17.803754521310736
3006159,726.9377665927361
3006160,367.7864244172589
3006161,17.803754521310736
3006162,23.00833264316111
3006163,716.7960031425873
3006164,130.7133794652072
3006165,4219.1284824885515
3006166,17.803754521310736
3006167,50.18846269937353
3006168,29.38558680866305
3006169,26.571118296436794
3006170,34.61153716552701
3006171,4595.05236372042
3006172,26.571118296436794
3006173,678.0412499181634
3006174,34.38890955190851
3006175,1281.9796504972824
3006176,1711.7108375000873
3006177,700.9249254950104
3006178,502.04020154051636
3006179,235.6039136717281
3006180,4513.174924855146
3006181,0.0
3006182,26.571118296436794
3006183,38.230003461194826
3006184,56.50021607671596
3006185,26.571118296436794
3006186,373.7955904273114
3006187,32.865183411717055
3006188,32.865183411717055
3006189,0.0
3006190,185.16550327002236
3006191,27.2896936577352
3006192,1005.5359171461389
3006193,485.15428111730705
3006194,27.2896936577352
3006195,32.865183411717055
3006196,860.7627338027835
3006197,192.51199175304114
3006198,4596.709595551527
3006199,27.2896936577352
3006200,69.48810867666577
3006201,0.0
3006202,0.0
3006203,21.83659597487491
3006204,3528.581134205521
3006205,0.0
3006206,413.2346774003097
3006207,4.9164374593345315
3006208,1139.2106794050592
3006209,798.5940766370088
3006210,698.5081673173912
3006211,180.89551739893668
3006212,91.51152205036323
3006213,5558.64208136533
3006214,0.0
3006215,0.0
3006216,36.55823376887906
3006217,28.41535213505614
3006218,0.0
3006219,160.8166541376299
3006220,3.392711319143075
3006221,3.392711319143075
3006222,24.551311179595416
3006223,0.0
3006224,0.0
3006225,186.92301680447835
3006226,298.0048646118412
3006227,0.0
3006228,3.392711319143075
3006229,391.1788064268093
3006230,26.739548963510458
3006231,1159.4732559211593
3006232,0.0
3006233,0.0
3006234,0.0
3006235,0.0
3006236,14.192629429592387
3006237,2104.1648826137243
3006238,0.0
3006239,129.7498662778737
3006240,6.367440448586308
3006241,669.4714526227306
3006242,503.83345538427767
3006243,7.880942957005914
3006244,164.1462460581376
3006245,90.89525455788561
3006246,2611.6490366677044
3006247,0.0
3006248,0.0
3006249,44.86176867128023
3006250,7.486431448595965
3006251,0.0
3006252,45.376871830478706
3006253,4.843714308394794
3006254,4.843714308394794
3006255,0.0
3006256,0.0
3006257,0.0
3006258,244.99518286702732
3006259,0.0
3006260,0.0
3006261,17.557716324701687
3006262,203.64811683927576
3006263,48.71814056686969
3006264,1994.743544478117
3006265,0.0
3006266,0.0
3006267,2.3314742159016646
3006268,0.0
3006269,0.2355810649738146
3006270,1662.2254574293752
3006271,0.0
3006272,325.67488074124464
3006273,0.0
3006274,864.9593947659279
3006275,461.1767345613038
3006276,351.4744068464288
3006277,121.77203741654168
3006278,202.34736659218044
3006279,2927.0631123017015
3006280,0.0
3006281,0.0
3006282,21.55215122386784
3006283,18.090778557714714
3006284,0.0
3006285,282.68925151558784
3006286,7.282339912687803
3006287,7.282339912687803
3006288,2.3314742159016646
3006289,58.08660380288393
3006290,0.2355810649738146
3006291,140.0190629730293
3006292,235.54734351783506
3006293,0.2355810649738146
3006294,7.282339912687803
3006295,165.27927102445886
3006296,90.1124405989217
3006297,396.7309980669539
3006298,0.0
3006299,0.0
3006300,0.0
3006301,0.0
3006302,16.937070933927373
3006303,4783.82476176075
3006304,0.0
3006305,824.9949060493459
3006306,1.0663482239695554
3006307,1795.9216315714586
3006308,1118.8251976689317
3006309,602.5503434803693
3006310,244.2001730591923
3006311,413.1127128418381
3006312,7619.528791522006
3006313,0.0
3006314,0.0
3006315,36.65241895997315
3006316,25.81045164130751
3006317,0.0
3006318,188.1963944481128
3006319,0.0
3006320,0.0
3006321,0.0
3006322,6.5033713615129045
3006323,0.0
3006324,291.28691582666636
3006325,443.34857428595654
3006326,0.0
3006327,0.0
3006328,293.04937636216425
3006329,121.72475633031621
3006330,1417.456955700468
3006331,0.0
3006332,0.0
3006333,9.312296141603952
3006334,6.497827629377696
3006335,6.497827629377696
3006336,2310.168967284275
3006337,6.497827629377696
3006338,265.20064784043177
3006339,0.0
3006340,1000.4756749893141
3006341,433.08767851222535
3006342,276.326604222124
3006343,100.05579568947763
3006344,0.0
3006345,3267.556537323547
3006346,0.5715511315664799
3006347,6.497827629377696
3006348,10.97076759891354
3006349,7.509394932760415
3006350,6.497827629377696
3006351,169.71087917781475
3006352,8.593720780305546
3006353,8.593720780305546
3006354,1.2540247736301353
3006355,0.0
3006356,6.497827629377696
3006357,131.43942417332514
3006358,108.45711558313548
3006359,6.497827629377696
3006360,8.593720780305546
3006361,138.50144762976407
3006362,15.437774148740743
3006363,323.1490897131703
3006364,11.358143070185804
3006365,0.0
3006366,9.312296141603952
3006367,6.497827629377696
3006368,0.0
3006369,2183.1910188502625
3006370,6.497827629377696
3006371,323.1109152535161
3006372,0.0
3006373,860.6194349433525
3006374,288.3505937939782
3006375,260.3426621757924
3006376,100.05579568947763
3006377,118.49593563729093
3006378,3093.1541781268256
3006379,0.5715511315664799
3006380,6.497827629377696
3006381,6.804672445067183
3006382,7.509394932760415
3006383,6.497827629377696
3006384,214.1649619215008
3006385,8.593720780305546
3006386,8.593720780305546
3006387,9.312296141603952
3006388,31.82021374619768
3006389,6.497827629377696
3006390,137.8399154331623
3006391,161.00585530802252
3006392,6.497827629377696
3006393,8.593720780305546
3006394,138.50144762976407
3006395,15.437774148740743
3006396,323.1490897131703
3006397,0.0
3006398,0.0
3006399,5.660276598719122
3006400,3.564383447791272
3006401,0.0
3006402,2208.07483002919
3006403,3.564383447791272
3006404,315.61169704003964
3006405,0.0
3006406,1029.5376683935528
3006407,361.0901753005833
3006408,229.63099599782282
3006409,113.62150870479496
3006410,112.5316947764199
3006411,3335.237538268294
3006412,0.0
3006413,3.564383447791272
3006414,2.3999591697486835
3006415,0.0
3006416,3.564383447791272
3006417,269.90659584314756
3006418,5.660276598719122
3006419,5.660276598719122
3006420,6.378851960017528
3006421,62.96477502628579
3006422,3.564383447791272
3006423,157.02630729142786
3006424,165.78610928417004
3006425,3.564383447791272
3006426,5.660276598719122
3006427,162.68353388840606
3006428,30.352058523928804
3006429,543.6179394544627
3006430,0.0
3006431,0.0
3006432,4.807336530835244
3006433,1.5769762861185654
3006434,2.7114433799073936
3006435,2361.1266317014574
3006436,2.7114433799073936
3006437,270.6629017865141
3006438,0.0
3006439,1126.733001076219
3006440,272.6623906540649
3006441,207.61758954295436
3006442,100.38136487247965
3006443,69.94732241167554
3006444,3602.6668854807954
3006445,0.0
3006446,2.7114433799073936
3006447,28.992876251696543
3006448,25.53150358554342
3006449,2.7114433799073936
3006450,243.54994619221412
3006451,5.525911892133649
3006452,4.807336530835244
3006453,4.391444798344821
3006454,8.898891859544506
3006455,2.7114433799073936
3006456,130.47343203343758
3006457,108.24049748691147
3006458,2.7114433799073936
3006459,4.807336530835244
3006460,131.13496423003937
3006461,0.0
3006462,525.1924542205836
3006463,32.013421642119
3006464,1.7800916844230414
3006465,14.626061262186113
3006466,11.811592749959857
3006467,11.811592749959857
3006468,2141.7123733921326
3006469,11.811592749959857
3006470,313.59686287362376
3006471,2.587208202700481
3006472,810.1850130911639
3006473,258.1901344940204
3006474,204.855330578419
3006475,97.62148123269986
3006476,65.01396440745066
3006477,2857.943873087451
3006478,9.364912855202704
3006479,11.811592749959857
3006480,10.647168471917269
3006481,7.185795805764144
3006482,11.811592749959857
3006483,256.02849711551187
3006484,14.626061262186113
3006485,13.907485900887707
3006486,14.626061262186113
3006487,47.500539458141986
3006488,11.811592749959857
3006489,129.35296361675142
3006490,82.69786534710562
3006491,11.811592749959857
3006492,14.626061262186113
3006493,146.6835064163111
3006494,14.352031051833706
3006495,433.8429624655598
3006496,11.811592749959857
3006497,2.587208202700481
3006498,21.474353223255036
3006499,18.65988471102878
3006500,58.54001607537401
3006501,3267.1066363836317
3006502,18.65988471102878
3006503,547.3612049907772
3006504,26.477675966500556
3006505,1586.8098105926363
3006506,924.7277722075341
3006507,502.3065104373832
3006508,267.562481304236
3006509,259.99361926855704
3006510,4683.450775385494
3006511,38.963910602612884
3006512,18.65988471102878
3006513,83.89006765271603
3006514,80.4286949865629
3006515,18.65988471102878
3006516,488.7399119239464
3006517,24.953949826309042
3006518,24.953949826309042
3006519,7.857354612566553
3006520,216.33423771883423
3006521,19.378460072327186
3006522,207.01382828386295
3006523,412.67006121290683
3006524,19.378460072327186
3006525,24.953949826309042
3006526,307.0643520853741
3006527,99.94256097081512
3006528,827.6180016194303
3006529,44.42947252540421
3006530,74.77504941093935
3006531,8.516872054785267
3006532,5.702403542559011
3006533,131.21216685327133
3006534,2697.85817672852
3006535,5.702403542559011
3006536,212.5958175507044
3006537,3.215938642998424
3006538,682.1915116151486
3006539,429.3887622322625
3006540,168.02162065946294
3006541,0.0
3006542,0.0
3006543,3011.8943408254145
3006544,0.0
3006545,5.702403542559011
3006546,18.574560143756344
3006547,28.213929803802955
3006548,5.702403542559011
3006549,377.10505268709954
3006550,13.467737751571406
3006551,13.467737751571406
3006552,60.09308368835576
3006553,0.0
3006554,6.420978903857417
3006555,0.0
3006556,67.51061281103586
3006557,6.420978903857417
3006558,13.467737751571406
3006559,0.0
3006560,0.0
3006561,909.8350624714956
3006562,94.23188849742627
3006563,0.0
3006564,5.525911892133649
3006565,2.7114433799073936
3006566,9.21742228076971
3006567,2657.395707914262
3006568,2.7114433799073936
3006569,305.08656636710737
3006570,0.0
3006571,1141.7717168828244
3006572,301.18026814953475
3006573,242.04125412354747
3006574,93.98087361264243
3006575,60.340487260469274
3006576,3694.306650466755
3006577,0.0
3006578,2.7114433799073936
3006579,28.992876251696543
3006580,25.53150358554342
3006581,2.7114433799073936
3006582,261.8364710368465
3006583,5.525911892133649
3006584,4.807336530835244
3006585,5.525911892133649
3006586,43.80329002529413
3006587,2.7114433799073936
3006588,124.07294077360035
3006589,92.05875416356452
3006590,2.7114433799073936
3006591,4.807336530835244
3006592,131.13496423003937
3006593,0.0
3006594,511.867605431888
3006595,25.749811551657956
3006596,1.7800916844230414
3006597,0.0
3006598,0.0
3006599,0.6765272210642479
3006600,3064.360247892479
3006601,0.0
3006602,262.9242129593555
3006603,0.0
3006604,1020.7938140493513
3006605,807.2103217907332
3006606,142.47776039217968
3006607,288.43120452256755
3006608,207.43014661256467
3006609,4282.692762242092
3006610,0.0
3006611,0.0
3006612,31.345666462752206
3006613,28.04755841330399
3006614,0.0
3006615,121.84879977365088
3006616,0.0
3006617,0.0
3006618,0.0
3006619,0.0
3006620,0.0
3006621,369.2801413314572
3006622,124.65473235453317
3006623,0.0
3006624,0.0
3006625,388.0154809904775
3006626,165.2530326215491
3006627,2310.8368919391487
3006628,0.0
3006629,0.0
3006630,18.204650835944506
3006631,15.39018232371825
3006632,36.7744521514075
3006633,4119.001159295594
3006634,15.39018232371825
3006635,620.9940300128561
3006636,21.420919628277318
3006637,1422.834503868885
3006638,957.5855167749235
3006639,578.9070486557365
3006640,189.2663859996421
3006641,400.0933655912
3006642,6161.13390995924
3006643,0.5322132544907845
3006644,15.39018232371825
3006645,47.158886957323205
3006646,33.48143307958702
3006647,15.39018232371825
3006648,497.108244552554
3006649,21.68424743899851
3006650,21.68424743899851
3006651,18.204650835944506
3006652,43.75812276623742
3006653,16.108757685016656
3006654,197.60505708421542
3006655,468.8569706038253
3006656,16.108757685016656
3006657,21.68424743899851
3006658,208.72966214326297
3006659,63.62381411653871
3006660,864.5537381392354
3006661,21.673702675759557
3006662,0.0
3006663,23.270699067529847
3006664,20.45623055530359
3006665,40.749436675986715
3006666,3452.9710308718227
3006667,20.45623055530359
3006668,416.0958837315434
3006669,23.007371256808653
3006670,1141.2665479439704
3006671,614.5203743252964
3006672,313.0693486227607
3006673,110.32193989487942
3006674,135.2713535237714
3006675,4837.02331463751
3006676,29.785075909310876
3006677,20.45623055530359
3006678,51.85244684320082
3006679,58.38168159984701
3006680,20.45623055530359
3006681,271.20817570955666
3006682,23.270699067529847
3006683,22.55212370623144
3006684,23.270699067529847
3006685,181.20580870736345
3006686,20.45623055530359
3006687,102.8098033667103
3006688,291.0551352813636
3006689,20.45623055530359
3006690,23.270699067529847
3006691,116.24558010478941
3006692,0.0
3006693,603.5537123582319
3006694,20.45623055530359
3006695,53.127920183586184
3006696,23.4547526515139
3006697,21.35885950058605
3006698,21.35885950058605
3006699,1898.2322599013612
3006700,21.35885950058605
3006701,316.14539240852173
3006702,28.4030601567369
3006703,831.2967285854107
3006704,307.1738892150491
3006705,248.58665447903104
3006706,108.89114018225655
3006707,150.42270445644755
3006708,2987.9374388111282
3006709,26.489532890240923
3006710,21.35885950058605
3006711,70.74868940233739
3006712,51.89025789730567
3006713,21.35885950058605
3006714,297.6016488362051
3006715,23.4547526515139
3006716,23.4547526515139
3006717,28.666387967458093
3006718,34.3129990718129
3006719,21.35885950058605
3006720,115.48231146053837
3006721,204.11055474396753
3006722,21.35885950058605
3006723,23.4547526515139
3006724,121.13953805751655
3006725,13.237754349987654
3006726,386.46320141971046
3006727,19.723560395077016
3006728,50.13295784075143
3006729,7.306996836120277
3006730,4.492528323894021
3006731,28.363747163846483
3006732,1930.2246927440597
3006733,4.492528323894021
3006734,291.8451936994205
3006735,12.310319579365682
3006736,1030.8179959154954
3006737,476.63821690857014
3006738,226.88536418702466
3006739,192.00836242150478
3006740,123.8349679861081
3006741,2593.1881303419345
3006742,0.0
3006743,4.492528323894021
3006744,16.727418628823557
3006745,45.32302996725042
3006746,4.492528323894021
3006747,296.55535276749714
3006748,10.786593439174283
3006749,6.588421474821871
3006750,7.306996836120277
3006751,0.0
3006752,5.211103685192427
3006753,237.80720747612924
3006754,124.66448185752557
3006755,5.211103685192427
3006756,7.306996836120277
3006757,230.1054363431823
3006758,75.17546007077618
3006759,1455.1514897341447
3006760,4.492528323894021
3006761,0.0
3006762,0.0
3006763,0.0
3006764,0.0
3006765,3914.111502366029
3006766,0.0
3006767,479.5766814348283
3006768,1.4575378301016713
3006769,1194.8642874799411
3006770,1234.9205068139445
3006771,353.9108610062001
3006772,235.9700886688604
3006773,211.38494576156216
3006774,4156.494634166041
3006775,0.0
3006776,0.0
3006777,24.81743624011591
3006778,0.0
3006779,0.0
3006780,176.15658671175754
3006781,0.0
3006782,0.0
3006783,0.0
3006784,144.0052718913861
3006785,0.0
3006786,320.7696775268705
3006787,294.7431151659469
3006788,0.0
3006789,0.0
3006790,339.83196456211294
3006791,148.38910024755785
3006792,3173.1169551213375
3006793,0.0
3006794,0.0
3006795,10.03244451932693
3006796,7.93655136839908
3006797,0.0
3006798,2597.6350880230757
3006799,7.93655136839908
3006800,222.2931260216223
3006801,0.49922077205241067
3006802,791.1818086763919
3006803,408.01022097675286
3006804,243.85803418100767
3006805,99.54571968392787
3006806,47.09321418775062
3006807,2397.3299737076422
3006808,7.159037474061961
3006809,7.93655136839908
3006810,8.395916424564234
3006811,4.544199944119555
3006812,7.93655136839908
3006813,317.0384644429255
3006814,10.03244451932693
3006815,10.751019880625336
3006816,10.751019880625336
3006817,33.60690643991677
3006818,8.655126729697486
3006819,140.44273038610316
3006820,118.05520856254805
3006821,7.93655136839908
3006822,10.751019880625336
3006823,137.6427936056055
3006824,0.0
3006825,1615.5932851342154
3006826,7.93655136839908
3006827,5.382212335192548
3006828,27.590427308615403
3006829,25.494534157687553
3006830,9.570285888581338
3006831,1386.3061468550613
3006832,25.494534157687553
3006833,106.95185297710685
3006834,16.270149610428234
3006835,358.32754503322224
3006836,239.64300106383791
3006837,85.56184881686937
3006838,83.19350049642412
3006839,31.89762570902309
3006840,1721.4814661249052
3006841,11.94194033713427
3006842,25.494534157687553
3006843,24.166845262940114
3006844,20.868737213491897
3006845,25.494534157687553
3006846,99.89896416437841
3006847,27.590427308615403
3006848,28.30900266991381
3006849,28.30900266991381
3006850,0.0
3006851,25.494534157687553
3006852,110.36052287837921
3006853,0.0
3006854,26.21310951898596
3006855,27.969811935619248
3006856,127.6910656779389
3006857,13.370505093563224
3006858,1119.863010422259
3006859,25.494534157687553
3006860,15.846926512670166
3006861,0.0
3006862,0.0
3006863,17.06422787819588
3006864,3354.2876280745772
3006865,0.0
3006866,361.3844875717793
3006867,3.6039886291627
3006868,1071.6069836417257
3006869,880.9301155132555
3006870,197.8851264663174
3006871,266.5552351241954
3006872,183.22308820109748
3006873,3960.84628991196
3006874,0.0
3006875,0.0
3006876,8.021087678620574
3006877,34.74208604289822
3006878,0.0
3006879,136.6756366993836
3006880,0.0
3006881,2.0802624889712433
3006882,0.0
3006883,49.7334945460089
3006884,0.0
3006885,303.4220288022854
3006886,239.37903985969393
3006887,0.0
3006888,0.0
3006889,316.8244760581238
3006890,129.54764036647555
3006891,2735.2121387055295
3006892,0.0
3006893,0.0
3006894,23.563489902991194
3006895,21.467596752063344
3006896,31.405862361039965
3006897,3749.789959848635
3006898,21.467596752063344
3006899,400.09379878019115
3006900,25.805791404481
3006901,1439.110815751007
3006902,720.1708889964048
3006903,368.92553611733854
3006904,154.75671937034423
3006905,154.37572366180962
3006906,4979.059875406381
3006907,29.103899453929216
3006908,21.467596752063344
3006909,44.644009508292925
3006910,50.825161235812914
3006911,21.467596752063344
3006912,360.82520099945566
3006913,23.563489902991194
3006914,24.2820652642896
3006915,24.2820652642896
3006916,176.08126502671445
3006917,21.467596752063344
3006918,184.2350347574037
3006919,256.93414307733605
3006920,22.18617211336175
3006921,24.2820652642896
3006922,191.27032023564573
3006923,59.07315230260468
3006924,1121.4416880406661
3006925,21.467596752063344
3006926,10.801952396545175
3006927,3.74908270137189
3006928,1.65318955044404
3006929,1.65318955044404
3006930,3326.231998061415
3006931,1.65318955044404
3006932,557.2073705705498
3006933,4.204330251949159
3006934,1238.6809399839487
3006935,840.0769117241068
3006936,556.6442539820886
3006937,190.1943617888857
3006938,285.84350410111745
3006939,4960.7203962820695
3006940,7.502438301397376
3006941,1.65318955044404
3006942,63.24079796746463
3006943,69.77003272411082
3006944,1.65318955044404
3006945,453.9226864974978
3006946,3.74908270137189
3006947,4.467658062670296
3006948,4.467658062670296
3006949,249.39259229443394
3006950,1.65318955044404
3006951,168.7141290900435
3006952,421.80706591310945
3006953,2.3717649117424457
3006954,4.467658062670296
3006955,182.14990582812254
3006956,35.65827897112041
3006957,964.5000851490927
3006958,1.65318955044404
3006959,64.51627130785005
3006960,31.703513172117937
3006961,25.860897048211257
3006962,124.42813314407556
3006963,10597.332817239265
3006964,25.860897048211257
3006965,844.3178748758278
3006966,36.7068359153634
3006967,2212.953671134409
3006968,1814.818238607962
3006969,532.2043955209053
3006970,618.2570879628385
3006971,327.15984845509263
3006972,9382.363899325697
3006973,0.05767991868219724
3006974,25.860897048211257
3006975,150.60952586431486
3006976,0.0
3006977,25.860897048211257
3006978,277.7317406759624
3006979,35.18310977517194
3006980,175.33056695285288
3006981,0.0
3006982,307.43004521085095
3006983,28.03700912141636
3006984,966.9628597037917
3006985,74.99874889994692
3006986,28.03700912141636
3006987,35.18310977517194
3006988,886.296261743935
3006989,277.49213258158915
3006990,9490.834715555386
3006991,28.03700912141636
3006992,0.0
3006993,0.0
3006994,0.0
3006995,0.0
3006996,1749.11536192368
3006997,0.0
3006998,181.06089789605812
3006999,0.0
3007000,499.9210471618571
3007001,27.730413237914718
3007002,70.10078850504135
3007003,25.562392412564975
3007004,2.8633211452016667
3007005,2315.0007589952456
3007006,0.0
3007007,0.0
3007008,0.0
3007009,0.0
3007010,0.0
3007011,248.42222394719954
3007012,0.0
3007013,0.0
3007014,0.0
3007015,14.098348236728327
3007016,0.0
3007017,67.91539641804127
3007018,50.86783215298249
3007019,0.0
3007020,0.0
3007021,85.24593921760095
3007022,0.0
3007023,423.55633878526896
3007024,0.0
3007025,0.0
3007026,20.442026599683345
3007027,17.62755808745709
3007028,17.62755808745709
3007029,3713.180504229948
3007030,17.62755808745709
3007031,359.89199506827475
3007032,21.9657527398748
3007033,1423.1259268248969
3007034,685.894599230598
3007035,255.42625599936719
3007036,160.71456623734093
3007037,180.55271348419114
3007038,4991.966778540597
3007039,25.26386078932302
3007040,17.62755808745709
3007041,38.9118239563598
3007042,35.61371590691158
3007043,17.62755808745709
3007044,293.2511009770556
3007045,19.72345123838494
3007046,19.72345123838494
3007047,23.92162320273735
3007048,65.49320837274001
3007049,17.62755808745709
3007050,195.5046279101117
3007051,224.07242141145554
3007052,17.62755808745709
3007053,20.442026599683345
3007054,197.2670884456095
3007055,27.981490096042364
3007056,883.8364689210816
3007057,17.62755808745709
3007058,39.46872193544675
3007059,2.847094113304479
3007060,0.7512009623766289
3007061,0.7512009623766289
3007062,1630.516653334473
3007063,0.7512009623766289
3007064,153.47072200493693
3007065,0.0
3007066,488.50219058935636
3007067,143.51943049859656
3007068,111.07223566519619
3007069,20.173347547385845
3007070,0.0
3007071,2402.856642529053
3007072,0.0
3007073,0.7512009623766289
3007074,0.0
3007075,0.0
3007076,0.7512009623766289
3007077,148.03341035173477
3007078,2.847094113304479
3007079,3.5656694746028847
3007080,3.5656694746028847
3007081,0.0
3007082,0.7512009623766289
3007083,43.32185763111863
3007084,24.208612983857904
3007085,1.4697763236750347
3007086,3.5656694746028847
3007087,60.65240043067831
3007088,31.703062102975764
3007089,506.073847694227
3007090,0.7512009623766289
3007091,0.0
3007092,16.777373397536337
3007093,13.962904885310081
3007094,13.962904885310081
3007095,2668.892504147974
3007096,13.962904885310081
3007097,419.6658579691034
3007098,18.301099537727794
3007099,1360.144111921254
3007100,571.8612637942223
3007101,245.06479664222397
3007102,137.89055558785128
3007103,195.61393860073696
3007104,3982.764123695719
3007105,21.59920758717601
3007106,13.962904885310081
3007107,33.46626016933874
3007108,28.423396379068095
3007109,13.962904885310081
3007110,436.5930789270636
3007111,16.05879803623793
3007112,16.05879803623793
3007113,20.256970000590343
3007114,62.589441246221725
3007115,13.962904885310081
3007116,180.00379285159454
3007117,249.09370242610123
3007118,13.962904885310081
3007119,16.777373397536337
3007120,179.26052818873558
3007121,46.92905282425829
3007122,803.1927212085502
3007123,13.962904885310081
3007124,9.435761397700048
3007125,6.964347412484528
3007126,4.868454261556678
3007127,4.868454261556678
3007128,3520.0617973336125
3007129,4.868454261556678
3007130,272.42637408739995
3007131,9.20664891397439
3007132,1223.208097449104
3007133,599.1066732573568
3007134,291.2113446734443
3007135,115.30443100942563
3007136,105.3561834120078
3007137,4755.150097419992
3007138,12.504756963422608
3007139,4.868454261556678
3007140,31.639829605836155
3007141,33.186495140762645
3007142,4.868454261556678
3007143,261.606644550394
3007144,6.964347412484528
3007145,7.682922773782934
3007146,7.682922773782934
3007147,37.89603953067086
3007148,4.868454261556678
3007149,142.91694781666263
3007150,147.71926063049636
3007151,5.587029622855084
3007152,7.682922773782934
3007153,149.95223329490466
3007154,0.0
3007155,774.6951028429618
3007156,4.868454261556678
3007157,30.838055908868
3007158,12.005979103266213
3007159,9.910085952338363
3007160,9.910085952338363
3007161,2049.5884336857953
3007162,9.910085952338363
3007163,202.18688829509944
3007164,0.6857014050789871
3007165,925.5155206874731
3007166,182.45216496735867
3007167,70.57055456808132
3007168,29.083058147963527
3007169,0.0
3007170,2505.2272945655186
3007171,3.9838094545272043
3007172,9.910085952338363
3007173,5.266065071241769
3007174,1.8046924050886446
3007175,9.910085952338363
3007176,220.4934170481475
3007177,12.005979103266213
3007178,12.72455446456462
3007179,12.72455446456462
3007180,10.009630878204234
3007181,9.910085952338363
3007182,63.90488443427779
3007183,51.80077853524216
3007184,10.62866131363677
3007185,12.72455446456462
3007186,63.161619771418884
3007187,0.0
3007188,284.6643205635678
3007189,9.910085952338363
3007190,0.0
3007191,17.980396979345414
3007192,15.884503828417564
3007193,15.884503828417564
3007194,3317.2021901364815
3007195,15.884503828417564
3007196,356.6038363527537
3007197,6.660119281158131
3007198,1182.6014390609312
3007199,731.6586753884903
3007200,459.6348305143174
3007201,98.96409104523718
3007202,132.53369223845667
3007203,4495.30800475973
3007204,9.958227330606348
3007205,15.884503828417564
3007206,7.503907044170717
3007207,4.022619254056508
3007208,15.884503828417564
3007209,333.4558931514733
3007210,17.980396979345414
3007211,18.69897234064382
3007212,18.69897234064382
3007213,53.60422060570579
3007214,15.884503828417564
3007215,147.53303424214508
3007216,211.11307078985726
3007217,16.60307918971597
3007218,18.69897234064382
3007219,149.29549477764286
3007220,0.0
3007221,925.4760857763077
3007222,15.884503828417564
3007223,6.660119281158131
3007224,0.0
3007225,0.0
3007226,0.0
3007227,2997.2796427944745
3007228,0.0
3007229,319.78121405861594
3007230,0.0
3007231,1039.556890574981
3007232,700.6600420735535
3007233,218.82386101532506
3007234,203.20807552969188
3007235,186.17847450883
3007236,3577.4554262177776
3007237,0.0
3007238,0.0
3007239,17.790895257646582
3007240,1.3686071559565107
3007241,0.0
3007242,205.03331108380692
3007243,0.0
3007244,0.0
3007245,0.0
3007246,229.92245615211874
3007247,0.0
3007248,288.007664387702
3007249,164.84549312470438
3007250,0.0
3007251,0.0
3007252,297.74117071710447
3007253,128.1985689141158
3007254,2771.668106801926
3007255,0.0
3007256,0.0
3007257,0.0
3007258,0.0
3007259,21.236200033220996
3007260,2776.1563172684428
3007261,0.0
3007262,333.6915024587529
3007263,0.0
3007264,1070.2810576312359
3007265,865.8095480703663
3007266,199.24477871625004
3007267,223.18190199681845
3007268,191.63413137816485
3007269,3960.805067181318
3007270,0.0
3007271,0.0
3007272,51.11469719264403
3007273,25.071302784383022
3007274,0.0
3007275,210.8909788665267
3007276,0.0
3007277,0.0
3007278,0.0
3007279,0.0
3007280,0.0
3007281,310.4281478319339
3007282,254.10302011814554
3007283,0.0
3007284,0.0
3007285,317.71499718423104
3007286,149.3751147226705
3007287,2439.741810243615
3007288,0.0
3007289,0.0
3007290,0.0
3007291,0.0
3007292,5.5040375939012165
3007293,3556.3423260221452
3007294,0.0
3007295,753.5314492523704
3007296,0.0
3007297,1320.1708195637639
3007298,619.4449441174324
3007299,372.7888664576089
3007300,212.63171472130256
3007301,212.56719263674773
3007302,5688.275888952507
3007303,0.0
3007304,0.0
3007305,9.756546886232911
3007306,17.173240699933274
3007307,0.0
3007308,67.1254375462338
3007309,0.0
3007310,0.0
3007311,0.0
3007312,0.0
3007313,0.0
3007314,242.10829561400408
3007315,301.666312249086
3007316,0.0
3007317,0.0
3007318,255.54407235208322
3007319,92.65896526235326
3007320,1591.897787304043
3007321,0.0
3007322,0.0
3007323,0.0
3007324,0.0
3007325,10.487423453908775
3007326,2796.2738060284587
3007327,0.0
3007328,204.24433717807239
3007329,3.8688224685331534
3007330,882.4089840125865
3007331,682.8195539615656
3007332,0.0
3007333,180.31453379336835
3007334,133.3943185018922
3007335,3289.4456155016023
3007336,0.0
3007337,0.0
3007338,35.674210414545996
3007339,32.37610236509778
3007340,0.0
3007341,0.0
3007342,2.3450963283417536
3007343,2.3450963283417536
3007344,0.0
3007345,0.0
3007346,0.0
3007347,236.74062183010173
3007348,0.0
3007349,0.0
3007350,2.3450963283417536
3007351,254.0711646296613
3007352,89.81240765141524
3007353,2018.1245173029188
3007354,0.0
3007355,0.0
3007356,15.656638108999687
3007357,13.560744958071837
3007358,5.413982179342497
3007359,3095.1516991759536
3007360,13.560744958071837
3007361,369.6577296740631
3007362,2.1117308371090644
3007363,1526.567203538341
3007364,580.2959578148418
3007365,330.2297983956742
3007366,142.27688476702986
3007367,196.78552991976994
3007368,4922.569025276388
3007369,24.676644262991772
3007370,13.560744958071837
3007371,28.219326657725787
3007372,48.57777065152703
3007373,13.560744958071837
3007374,426.5840838486191
3007375,16.375213470298092
3007376,16.375213470298092
3007377,16.375213470298092
3007378,60.870777786329086
3007379,14.279320319370242
3007380,177.98963077093583
3007381,242.17903073270958
3007382,14.279320319370242
3007383,16.375213470298092
3007384,180.37395868870732
3007385,51.315382003436866
3007386,832.153471538626
3007387,13.560744958071837
3007388,28.04828425343794
3007389,0.0
3007390,0.0
3007391,5.089448419243126
3007392,2549.4852682824767
3007393,0.0
3007394,168.72197119812404
3007395,0.0
3007396,894.6513891448382
3007397,686.651223638464
3007398,0.0
3007399,147.75578410967086
3007400,95.30327861349355
3007401,3398.7026848256796
3007402,0.0
3007403,0.0
3007404,51.66285006263797
3007405,12.544971885610153
3007406,0.0
3007407,149.91095881959876
3007408,0.0
3007409,0.0
3007410,0.0
3007411,0.0
3007412,0.0
3007413,193.55462916429508
3007414,53.10862077709919
3007415,0.0
3007416,0.0
3007417,164.81226381377996
3007418,24.522390499105143
3007419,1976.2839892753202
3007420,0.0
3007421,0.0
3007422,15.05547620989222
3007423,12.241007697665964
3007424,38.03461913613654
3007425,2768.270761533416
3007426,12.241007697665964
3007427,589.8711858360388
3007428,14.792148399171026
3007429,970.2388980287207
3007430,795.0692297465555
3007431,478.3852623645154
3007432,149.3448392384518
3007433,120.47193710625234
3007434,3308.8130038697873
3007435,36.9230111516282
3007436,12.241007697665964
3007437,22.688844051682906
3007438,53.92542334992612
3007439,12.241007697665964
3007440,414.76271329080885
3007441,18.535072812946225
3007442,18.535072812946225
3007443,0.0
3007444,157.9774703561536
3007445,12.95958305896437
3007446,174.0394659042909
3007447,471.5556206200025
3007448,12.95958305896437
3007449,15.05547620989222
3007450,187.44191316012927
3007451,56.091540251700735
3007452,2164.5031069460274
3007453,12.241007697665964
3007454,17.051596942467313
3007455,9.14894901271714
3007456,6.3344805004908835
3007457,12.862883671444308
3007458,4562.379564433829
3007459,6.3344805004908835
3007460,354.4689528037441
3007461,0.0
3007462,1337.2795660394268
3007463,726.8700254285778
3007464,462.99209183581854
3007465,108.33191009795655
3007466,144.6008094732939
3007467,4789.429365846919
3007468,2.1952579535923746
3007469,6.3344805004908835
3007470,13.977422540806629
3007471,10.679314491358411
3007472,6.3344805004908835
3007473,313.0692816383238
3007474,8.430373651418734
3007475,8.430373651418734
3007476,9.14894901271714
3007477,21.78339627890921
3007478,6.3344805004908835
3007479,144.98777035054974
3007480,218.5515043152194
3007481,6.3344805004908835
3007482,8.430373651418734
3007483,146.75023088604758
3007484,0.0
3007485,732.3730304764217
3007486,6.3344805004908835
3007487,0.0
3007488,207.62873390565028
3007489,17.880343630357743
3007490,105.80713627371068
3007491,12531.68592440362
3007492,17.880343630357743
3007493,1432.2408025180405
3007494,28.726282497509885
3007495,3161.6860703683715
3007496,2205.138128511981
3007497,1309.8667288983752
3007498,805.5988412668562
3007499,464.92602426062365
3007500,13066.956937685489
3007501,24.1929882570862
3007502,17.880343630357743
3007503,128.61487746949803
3007504,0.0
3007505,17.880343630357743
3007506,522.1937707294859
3007507,0.0
3007508,27.20255635731843
3007509,80.56173197985697
3007510,231.60259062955473
3007511,20.056455703562847
3007512,1208.9945414737708
3007513,567.927645049213
3007514,20.056455703562847
3007515,27.20255635731843
3007516,1128.3279435139143
3007517,430.0932760232313
3007518,11648.112461664758
3007519,213.34329060615255
3007520,15.617541939175965
3007521,3.0663918754743236
3007522,0.7668761197843423
3007523,74.31143025802601
3007524,11522.311413708643
3007525,0.7668761197843423
3007526,1384.47520227009
3007527,11.612814986936485
3007528,2896.9908514337767
3007529,2325.195823209814
3007530,1038.419365910951
3007531,730.9176558244138
3007532,390.24483881818117
3007533,12943.004466894015
3007534,0.0
3007535,0.7668761197843423
3007536,123.43046536214106
3007537,0.0
3007538,0.7668761197843423
3007539,788.8227789533256
3007540,4.325448736687122
3007541,10.089088846745028
3007542,0.0
3007543,627.1868581964588
3007544,2.9429881929894464
3007545,1210.1234573469228
3007546,664.0241683133111
3007547,2.9429881929894464
3007548,108.33533772862984
3007549,1055.0515549309325
3007550,356.81688744024945
3007551,8103.823391919626
3007552,229.49240527840686
3007553,0.0
3007554,21.343274716167514
3007555,22.071906572157957
3007556,91.82356549640912
3007557,8014.161857226242
3007558,22.071906572157957
3007559,935.8372906796069
3007560,31.360966921361808
3007561,2595.662576189223
3007562,1575.8231064962065
3007563,772.6423686843979
3007564,401.7571522100511
3007565,310.4735350259346
3007566,10707.95235278538
3007567,0.0
3007568,22.071906572157957
3007569,153.55050487653534
3007570,0.0
3007571,22.071906572157957
3007572,400.9022300184944
3007573,0.0
3007574,29.83724078117035
3007575,0.0
3007576,75.76346961081083
3007577,22.790481933456363
3007578,855.9064773978978
3007579,725.7647063073609
3007580,22.790481933456363
3007581,109.82307519567146
3007582,776.6446762975016
3007583,261.2858608067072
3007584,3997.637268679349
3007585,0.0
3007586,0.0
3007587,161.8711030143698
3007588,4.2306205496840334
3007589,102.75072797517481
3007590,10302.482968571996
3007591,4.2306205496840334
3007592,1141.120873700555
3007593,16.54782851056831
3007594,2874.2387352486076
3007595,1889.2985438326946
3007596,779.554968269088
3007597,635.5864390598322
3007598,310.67334489489525
3007599,13610.110302725965
3007600,0.0
3007601,4.2306205496840334
3007602,131.60499379986192
3007603,0.0
3007604,4.2306205496840334
3007605,555.0118342914578
3007606,0.0
3007607,15.024102370376852
3007608,0.0
3007609,379.75163971204125
3007610,6.4067326228891375
3007611,1089.7357642476788
3007612,610.5677208613696
3007613,6.4067326228891375
3007614,15.024102370376852
3007615,1010.473963147283
3007616,261.4856706756679
3007617,7208.032538164712
3007618,171.1407254384044
3007619,0.0
3007620,10.879359799278063
3007621,9.54994467523045
3007622,101.19897593812567
3007623,6939.124199313487
3007624,9.54994467523045
3007625,927.2003331492294
3007626,18.8390050244343
3007627,2440.384537826851
3007628,1775.784568411856
3007629,741.0288462707954
3007630,360.74432927898835
3007631,269.46071209487195
3007632,10002.997316827876
3007633,0.0
3007634,9.54994467523045
3007635,24.727226133814895
3007636,120.60779409727797
3007637,9.54994467523045
3007638,574.4100643150135
3007639,0.0
3007640,17.315278884242844
3007641,0.0
3007642,79.700980049963
3007643,10.268520036528855
3007644,814.8936544668347
3007645,752.4887998149518
3007646,10.268520036528855
3007647,97.30111329874404
3007648,735.6318533664388
3007649,220.27303787564446
3007650,2912.6632601302003
3007651,0.0
3007652,0.0
3007653,28.40326130069758
3007654,27.073846176649965
3007655,67.45087647743395
3007656,8620.197700101531
3007657,27.073846176649965
3007658,1128.3075158257711
3007659,34.891637432121684
3007660,2454.4769307748134
3007661,1808.7246174093598
3007662,874.3309718300376
3007663,417.0292441703234
3007664,309.98590414491105
3007665,9893.91865590748
3007666,0.0
3007667,27.073846176649965
3007668,115.26226184076211
3007669,110.63346063916333
3007670,27.073846176649965
3007671,379.34850173996267
3007672,73.59287913993631
3007673,33.36791129193023
3007674,0.0
3007675,287.0188906758581
3007676,27.79242153794837
3007677,820.4249443772383
3007678,716.9616173739807
3007679,27.79242153794837
3007680,33.36791129193023
3007681,741.163143276842
3007682,276.55795276697944
3007683,6848.203371088344
3007684,66.94831755331535
3007685,0.0
3007686,1.2680537875469327
3007687,0.0
3007688,27.609526531032884
3007689,2273.620910575013
3007690,0.0
3007691,122.45667614080361
3007692,2.7917799277383892
3007693,776.2225777212
3007694,426.7357622328122
3007695,0.0
3007696,135.1361678379095
3007697,74.93359593198153
3007698,3253.256796619378
3007699,0.0
3007700,0.0
3007701,37.53855973029505
3007702,47.364631733088686
3007703,0.0
3007704,157.9447058357627
3007705,1.2680537875469327
3007706,0.5494784262485268
3007707,0.0
3007708,0.0
3007709,0.0
3007710,159.93291598411258
3007711,130.038750782144
3007712,0.0
3007713,1.2680537875469327
3007714,173.2332417595871
3007715,10.553199077430122
3007716,1933.798206038885
3007717,0.0
3007718,0.0
3007719,12.968374099908374
3007720,10.153905587682118
3007721,68.43343916436191
3007722,5228.861538832438
3007723,10.153905587682118
3007724,503.2730120465643
3007725,19.44296593688597
3007726,1872.8425762222107
3007727,1103.1306792583096
3007728,266.3672431723607
3007729,140.55526811707884
3007730,52.01966856221384
3007731,7754.479775825396
3007732,0.0
3007733,10.153905587682118
3007734,7.455968280686307
3007735,93.12021214187422
3007736,10.153905587682118
3007737,373.13210125949195
3007738,0.0
3007739,12.249798738609968
3007740,12.968374099908374
3007741,109.24542344412188
3007742,10.872480948980524
3007743,478.79702484386416
3007744,351.5380435955112
3007745,10.872480948980524
3007746,12.968374099908374
3007747,543.4484279679813
3007748,0.08397671373444382
3007749,2313.130909552363
3007750,0.0
3007751,0.0
3007752,0.0
3007753,0.0
3007754,55.750570177277154
3007755,5420.8023188469115
3007756,0.0
3007757,543.4310806351881
3007758,0.549667780271875
3007759,1939.3706693666127
3007760,1145.3473271532744
3007761,310.52040971985656
3007762,358.62710566537936
3007763,138.9144403344583
3007764,5992.583277418559
3007765,0.0
3007766,0.0
3007767,90.3864225201923
3007768,78.91078062303018
3007769,0.0
3007770,453.99777928289427
3007771,0.0
3007772,0.0
3007773,0.0
3007774,21.120710296028847
3007775,0.0
3007776,676.6047687288336
3007777,323.2897617869591
3007778,0.0
3007779,81.08123308194013
3007780,537.2605619416662
3007781,72.64241088730591
3007782,5125.141658028925
3007783,0.0
3007784,0.0
3007785,79.79849006878322
3007786,76.98402155655697
3007787,0.0
3007788,3571.6701271409097
3007789,76.98402155655697
3007790,867.4524285255292
3007791,67.75963700929759
3007792,1455.7106856841867
3007793,1291.9706715788438
3007794,705.5443366581994
3007795,103.44374643986427
3007796,28.724856590472598
3007797,6997.881916767606
3007798,62.867899286081126
3007799,76.98402155655697
3007800,32.53442058276073
3007801,48.76713343210281
3007802,76.98402155655697
3007803,651.3382032669502
3007804,79.07991470748482
3007805,79.07991470748482
3007806,79.07991470748482
3007807,382.80086034251815
3007808,76.98402155655697
3007809,135.91355617448937
3007810,765.8999441745601
3007811,76.98402155655697
3007812,79.07991470748482
3007813,142.97557963092842
3007814,3.177774197635756
3007815,3681.0902074938967
3007816,76.98402155655697
3007817,57.5088635581609
3007818,28.283371856992233
3007819,25.468903344765977
3007820,43.434365136348504
3007821,2419.7494813490134
3007822,25.468903344765977
3007823,511.52416398248397
3007824,28.020044046270982
3007825,1150.7644938245364
3007826,956.2855475436905
3007827,381.32129827199924
3007828,231.62365516069045
3007829,203.95347236991927
3007830,3244.537201995451
3007831,37.511282866491
3007832,25.468903344765977
3007833,32.43714309572886
3007834,81.91410337829382
3007835,25.468903344765977
3007836,373.2541498040299
3007837,27.564796495693827
3007838,27.564796495693827
3007839,27.564796495693827
3007840,288.778013947699
3007841,25.468903344765977
3007842,328.17612519624663
3007843,484.9156714717689
3007844,25.468903344765977
3007845,27.564796495693827
3007846,271.12552594182864
3007847,140.97787237482865
3007848,1841.522578324232
3007849,25.468903344765977
3007850,35.55013624217747
3007851,12.212206248056702
3007852,9.397737735830447
3007853,9.397737735830447
3007854,2531.0071778594097
3007855,9.397737735830447
3007856,319.8280339703491
3007857,0.1733531885710704
3007858,1118.43285905604
3007859,271.6576335988534
3007860,178.8752047074157
3007861,80.3206795714824
3007862,73.35593396541674
3007863,3278.640634076294
3007864,3.4714612380192875
3007865,9.397737735830447
3007866,8.233313457787858
3007867,4.771940791634734
3007868,9.397737735830447
3007869,258.86004761946515
3007870,11.493630886758297
3007871,11.493630886758297
3007872,11.493630886758297
3007873,0.0
3007874,9.397737735830447
3007875,123.7254781581155
3007876,121.88151302312943
3007877,9.397737735830447
3007878,11.493630886758297
3007879,129.38270475509376
3007880,0.0
3007881,380.73677301098513
3007882,9.397737735830447
3007883,0.0
3007884,0.0
3007885,0.0
3007886,0.0
3007887,3270.242877056028
3007888,0.0
3007889,255.4385654805753
3007890,0.0
3007891,1092.5754778885096
3007892,786.7730294949179
3007893,67.86329685208932
3007894,243.757998267001
3007895,213.53312184332935
3007896,5051.815659117498
3007897,0.0
3007898,0.0
3007899,30.07654303252059
3007900,42.69333299178902
3007901,0.0
3007902,65.55833260245078
3007903,0.0
3007904,0.0
3007905,0.0
3007906,0.0
3007907,0.0
3007908,375.38311656222174
3007909,173.41685197392962
3007910,0.0
3007911,0.0
3007912,399.7782960006461
3007913,171.35600785231372
3007914,2820.705449735123
3007915,0.0
3007916,0.0
3007917,0.0
3007918,0.0
3007919,53.41062769137386
3007920,5041.7989405948165
3007921,0.0
3007922,402.8834434275372
3007923,0.0
3007924,1408.2442837508797
3007925,1392.9533657904874
3007926,91.0102854758569
3007927,337.0352729899145
3007928,131.5129250389372
3007929,4213.351022005872
3007930,0.0
3007931,0.0
3007932,78.59741465201103
3007933,0.0
3007934,0.0
3007935,344.8124424755267
3007936,0.0
3007937,0.0
3007938,47.866074847650566
3007939,119.58822084926638
3007940,0.0
3007941,521.5637468430238
3007942,0.0
3007943,0.0
3007944,51.293362305432424
3007945,440.8971488831671
3007946,81.84520916543306
3007947,4608.523519437449
3007948,0.0
3007949,0.0
3007950,0.0
3007951,0.0
3007952,56.85959162688778
3007953,6059.429695225531
3007954,0.0
3007955,454.2555205977337
3007956,0.0
3007957,1496.6720202878541
3007958,1256.3193642341957
3007959,140.73754485683418
3007960,225.95821868802977
3007961,168.4904561611042
3007962,5604.780844904858
3007963,0.0
3007964,0.0
3007965,81.47037344735338
3007966,0.0
3007967,0.0
3007968,49.700508330837806
3007969,0.0
3007970,0.0
3007971,0.0
3007972,133.00840152150948
3007973,0.0
3007974,574.6639904289823
3007975,0.0
3007976,0.0
3007977,0.0
3007978,493.99739246912605
3007979,118.82274028760048
3007980,5189.512587226239
3007981,0.0
3007982,0.0
3007983,0.0
3007984,0.0
3007985,3.6632958988802784
3007986,4746.626957959268
3007987,0.0
3007988,872.5092897864962
3007989,0.0
3007990,1735.3469694165394
3007991,1118.9577304934012
3007992,752.017079707305
3007993,344.0952232762825
3007994,552.8040213357226
3007995,8047.367436079585
3007996,0.0
3007997,0.0
3007998,20.679558240083338
3007999,14.968153425670266
3008000,0.0
3008001,233.0160448809405
3008002,0.0
3008003,0.0
3008004,6.378011103600784
3008005,0.0
3008006,0.0
3008007,350.1227226818242
3008008,563.5280305761476
3008009,0.0
3008010,0.0
3008011,392.94442657925447
3008012,221.61980654740643
3008013,1860.7151873748344
3008014,0.0
3008015,5.204005836564306
3008016,0.0
3008017,0.0
3008018,0.0
3008019,1449.4881727573845
3008020,0.0
3008021,0.0
3008022,0.0
3008023,690.652531490023
3008024,210.13486187676955
3008025,0.0
3008026,0.0
3008027,0.0
3008028,1339.9867177429287
3008029,0.0
3008030,0.0
3008031,0.0
3008032,21.952459358723047
3008033,0.0
3008034,0.0
3008035,0.0
3008036,0.0
3008037,0.0
3008038,0.0
3008039,0.0
3008040,23.38313560351247
3008041,0.0
3008042,0.0
3008043,0.0
3008044,0.0
3008045,0.0
3008046,2021.5805573094494
3008047,0.0
3008048,0.0
3008049,16.63680211486428
3008050,13.29837842913281
3008051,14.016953790431216
3008052,1131.2301349094346
3008053,13.29837842913281
3008054,142.64654682083088
3008055,9.54881475216473
3008056,732.6975835749928
3008057,265.8812356008911
3008058,294.31928399519165
3008059,84.73128194398362
3008060,32.49928750204623
3008061,2423.7010502189632
3008062,12.31400886862275
3008063,13.29837842913281
3008064,14.129178418327513
3008065,10.667805752174388
3008066,13.29837842913281
3008067,260.14683561926324
3008068,21.58766781165042
3008069,21.58766781165042
3008070,16.63680211486428
3008071,0.0
3008072,14.016953790431216
3008073,101.11869002365364
3008074,180.4494752707985
3008075,14.016953790431216
3008076,21.58766781165042
3008077,126.37889807508324
3008078,65.85394963108575
3008079,459.54799749200345
3008080,0.0
3008081,0.0
3008082,3.4968145128904666
3008083,0.15839082715905306
3008084,0.8769661884574589
3008085,5907.659339815541
3008086,0.15839082715905306
3008087,753.2528862388925
3008088,8.500137256135929
3008089,2042.8898079344006
3008090,1256.054601271934
3008091,635.8297469105723
3008092,281.7296422187294
3008093,135.28467010009422
3008094,8763.820913759084
3008095,0.0
3008096,0.15839082715905306
3008097,57.50745561506176
3008098,46.66548829639612
3008099,0.15839082715905306
3008100,208.29328762434096
3008101,3.4968145128904666
3008102,3.4968145128904666
3008103,6.976411115944472
3008104,0.0
3008105,0.8769661884574589
3008106,322.3164407776786
3008107,453.8434790273778
3008108,0.8769661884574589
3008109,6.976411115944472
3008110,324.07890131317646
3008111,97.30838104914807
3008112,1495.1779913054195
3008113,0.0
3008114,0.0
3008115,0.0
3008116,0.0
3008117,0.0
3008118,2331.9473681085055
3008119,0.0
3008120,285.470800250561
3008121,0.0
3008122,1019.981223248378
3008123,492.8889512088249
3008124,210.51674798356768
3008125,38.451517835428945
3008126,22.074522210403416
3008127,3208.625784072819
3008128,0.0
3008129,0.0
3008130,0.0
3008131,0.0
3008132,0.0
3008133,146.81131804724447
3008134,0.0
3008135,0.0
3008136,2.1453676764961074
3008137,0.0
3008138,0.0
3008139,67.9755288424584
3008140,69.37712523916247
3008141,0.0
3008142,0.0
3008143,75.03755229889737
3008144,0.0
3008145,361.40256675672896
3008146,0.0
3008147,0.0
3008148,0.0
3008149,0.0
3008150,0.0
3008151,2076.1323578905904
3008152,0.0
3008153,0.0
3008154,0.0
3008155,705.3070792330948
3008156,275.61355559007313
3008157,194.53280593723608
3008158,38.451517835428945
3008159,53.71446101111928
3008160,2926.2280290430185
3008161,0.0
3008162,0.0
3008163,0.0
3008164,0.0
3008165,0.0
3008166,181.59931675695313
3008167,0.0
3008168,0.0
3008169,0.0
3008170,0.0
3008171,0.0
3008172,74.37602010229557
3008173,94.19059207139895
3008174,0.0
3008175,0.0
3008176,75.03755229889737
3008177,0.0
3008178,285.31060686836435
3008179,0.0
3008180,0.0
3008181,3.1494229479349087
3008182,0.529574623501901
3008183,0.529574623501901
3008184,2141.7112381320126
3008185,0.529574623501901
3008186,0.43958305509988804
3008187,0.0
3008188,1097.7660312241148
3008189,378.1091840007629
3008190,185.15912933280444
3008191,47.12808869638633
3008192,35.096312346975026
3008193,3355.4699348526633
3008194,0.0
3008195,0.529574623501901
3008196,0.0
3008197,0.0
3008198,0.529574623501901
3008199,264.7311230694865
3008200,3.1494229479349087
3008201,3.1494229479349087
3008202,3.8679983092333146
3008203,28.936544486390915
3008204,0.529574623501901
3008205,88.67326980620118
3008206,123.51114250720099
3008207,0.529574623501901
3008208,3.1494229479349087
3008209,94.33049640317955
3008210,0.0
3008211,473.27165133974336
3008212,0.0
3008213,0.0
3008214,0.0857806235735552
3008215,0.0
3008216,0.0
3008217,2302.444333527665
3008218,0.0
3008219,212.81031454928146
3008220,0.0
3008221,1011.4669494702146
3008222,257.32320301977313
3008223,114.97817967098825
3008224,1.5297485295996012
3008225,0.0
3008226,3548.298435678283
3008227,19.86688641168473
3008228,0.0
3008229,1.9321347621615246
3008230,35.390794155571825
3008231,0.0
3008232,246.10456101849735
3008233,2.652704507785643
3008234,1.934129146487237
3008235,2.652704507785643
3008236,0.0
3008237,0.0
3008238,29.76219821373985
3008239,33.60733437547111
3008240,0.0
3008241,1.934129146487237
3008242,30.423730410341648
3008243,0.0
3008244,454.4838123723004
3008245,21.63876756467988
3008246,0.0
3008247,5.379984825341751
3008248,2.0415611396103372
3008249,0.0
3008250,2299.1009308145913
3008251,2.0415611396103372
3008252,291.58150781912536
3008253,0.0
3008254,1023.2496803975575
3008255,424.231181736224
3008256,254.36261903550383
3008257,155.41285797687866
3008258,143.38108162746727
3008259,2958.709905236024
3008260,0.0
3008261,2.0415611396103372
3008262,1.4010920350729066
3008263,0.0
3008264,2.0415611396103372
3008265,250.51607716793467
3008266,5.379984825341751
3008267,4.661409464043345
3008268,5.379984825341751
3008269,0.0
3008270,2.0415611396103372
3008271,185.28472288411234
3008272,198.8093924870694
3008273,2.0415611396103372
3008274,5.379984825341751
3008275,202.61526568367196
3008276,84.92567230073439
3008277,481.4628849785787
3008278,2.0415611396103372
3008279,0.0
3008280,37.930955302031634
3008281,34.592531616300164
3008282,66.11833555686928
3008283,4253.876810616515
3008284,34.592531616300164
3008285,912.069180824104
3008286,42.93427804527704
3008287,1690.1113187211888
3008288,1003.9024329607939
3008289,500.7669542486632
3008290,289.055835837557
3008291,169.82364279107145
3008292,5645.644519160849
3008293,64.96496335589376
3008294,34.592531616300164
3008295,91.99234230771651
3008296,44.0532690452867
3008297,34.592531616300164
3008298,496.08404310008643
3008299,41.41055190508564
3008300,41.41055190508564
3008301,23.60007526221841
3008302,0.0
3008303,35.31110697759857
3008304,226.64756534036616
3008305,443.84157586439983
3008306,35.31110697759857
3008307,41.41055190508564
3008308,318.34376171810135
3008309,134.21818000885844
3008310,900.9406026480704
3008311,83.7995316815842
3008312,52.122404631941265
3008313,20.183409978377085
3008314,16.84498629264567
3008315,155.7759972262803
3008316,3714.716953534159
3008317,16.84498629264567
3008318,617.6959600046209
3008319,14.882476566590242
3008320,821.6793797049838
3008321,629.0004254172541
3008322,178.08907466806085
3008323,0.0
3008324,0.0
3008325,4066.897259304601
3008326,73.56525214043819
3008327,16.84498629264567
3008328,30.24109806734816
3008329,53.30171535031701
3008330,16.84498629264567
3008331,374.09243950136465
3008332,25.134275675163224
3008333,25.134275675163224
3008334,52.817400761578426
3008335,0.0
3008336,17.563561653944078
3008337,0.0
3008338,56.90856026040211
3008339,17.563561653944078
3008340,25.134275675163224
3008341,3.2334507524002447
3008342,0.0
3008343,991.7888469678728
3008344,117.41875333778196
3008345,0.0
3008346,2.652704507785643
3008347,0.0
3008348,0.0
3008349,2747.4868244324234
3008350,0.0
3008351,203.20347939807513
3008352,0.0
3008353,1093.093247695841
3008354,304.0743934423375
3008355,138.98405939616003
3008356,0.0
3008357,0.0
3008358,3581.1400656125443
3008359,24.287110281747573
3008360,0.0
3008361,1.9321347621615246
3008362,0.0
3008363,0.0
3008364,220.1227027299816
3008365,2.652704507785643
3008366,1.934129146487237
3008367,2.652704507785643
3008368,0.0
3008369,0.0
3008370,23.361706953902683
3008371,7.625476086955473
3008372,0.0
3008373,1.934129146487237
3008374,30.423730410341648
3008375,0.0
3008376,441.1589635836049
3008377,23.482153785078083
3008378,0.0
3008379,0.0
3008380,0.0
3008381,26.00766487061543
3008382,4249.52579105294
3008383,0.0
3008384,319.439220029711
3008385,6.216464370388849
3008386,1175.7403879068856
3008387,898.6694115489098
3008388,13.46389749437617
3008389,333.48154897017866
3008390,256.9084281411219
3008391,4977.577954739867
3008392,0.0
3008393,4.444795392815308
3008394,10.633563419846723
3008395,33.058357119858556
3008396,0.0
3008397,88.36242440102922
3008398,4.692738230197335
3008399,4.692738230197335
3008400,0.0
3008401,0.0
3008402,0.0
3008403,404.11654087847467
3008404,165.93121169692608
3008405,0.0
3008406,4.692738230197335
3008407,422.85188053749494
3008408,214.73131415010624
3008409,2419.1457775383487
3008410,0.0
3008411,0.0
3008412,39.13496296005849
3008413,35.796539274327074
3008414,124.9415916467783
3008415,5497.49404491162
3008416,35.796539274327074
3008417,1329.5517250709568
3008418,42.3512317523913
3008419,1931.4894396364914
3008420,1343.4061173055943
3008421,747.1786237599301
3008422,266.3870268507248
3008423,86.17951296488292
3008424,7569.443578156818
3008425,113.08924354580464
3008426,35.796539274327074
3008427,57.70985325314922
3008428,142.37921638284521
3008429,35.796539274327074
3008430,579.171459496931
3008431,42.61455956311249
3008432,42.61455956311249
3008433,127.56143997121131
3008434,68.95945489072858
3008435,36.51511463562548
3008436,213.88621880493363
3008437,849.654619393649
3008438,36.51511463562548
3008439,42.61455956311249
3008440,292.7716064087432
3008441,78.44685194203129
3008442,1010.1108317579738
3008443,174.26747122731268
3008444,18.16441732915655
3008445,19.637488810152945
3008446,16.29906512442153
3008447,104.35305378986655
3008448,3942.171442139976
3008449,16.29906512442153
3008450,1307.4152127828713
3008451,19.37416099943175
3008452,1665.8967857914938
3008453,1093.0762557078938
3008454,490.483323465832
3008455,182.04468737157234
3008456,0.0
3008457,5526.987259521662
3008458,165.8549549830422
3008459,16.29906512442153
3008460,115.98001913058576
3008461,122.50925388723186
3008462,16.29906512442153
3008463,489.4418412785862
3008464,19.637488810152945
3008465,18.91891344885454
3008466,19.637488810152945
3008467,181.84361845036372
3008468,16.29906512442153
3008469,113.69307171303876
3008470,590.3545945973466
3008471,16.29906512442153
3008472,19.637488810152945
3008473,208.42926692959074
3008474,0.0
3008475,460.20966337478524
3008476,16.29906512442153
3008477,19.37416099943175
3008478,19.721904398550407
3008479,17.1020560741174
3008480,17.1020560741174
3008481,1846.4733918161467
3008482,17.1020560741174
3008483,317.49384428622096
3008484,24.670211903773406
3008485,803.141608721566
3008486,327.6160372590191
3008487,266.03837309047424
3008488,91.44330425823023
3008489,53.10359781776634
3008490,2865.440036286518
3008491,54.149732471243055
3008492,17.1020560741174
3008493,71.4673559833808
3008494,70.90503190002681
3008495,17.1020560741174
3008496,286.2882764433734
3008497,19.721904398550407
3008498,19.721904398550407
3008499,24.9335397144946
3008500,73.8889700111173
3008501,17.1020560741174
3008502,65.0729083802338
3008503,244.56274608251476
3008504,17.1020560741174
3008505,19.721904398550407
3008506,70.73013497721206
3008507,0.0
3008508,129.08603439772216
3008509,94.97138902351833
3008510,19.458576587829214
3008511,0.0
3008512,0.0
3008513,0.0
3008514,1896.6956814714188
3008515,0.0
3008516,313.4306692792176
3008517,4.203399276651339
3008518,832.5572265201267
3008519,373.2773921384481
3008520,243.61549767951914
3008521,197.29252199711095
3008522,133.5470646426603
3008523,2226.5504464921096
3008524,0.0
3008525,0.0
3008526,13.86378286853045
3008527,22.29500803804251
3008528,0.0
3008529,280.0941050410066
3008530,2.6796731364599395
3008531,0.0
3008532,13.998392588283991
3008533,0.0
3008534,0.0
3008535,232.8774221511416
3008536,118.07749434814491
3008537,0.0
3008538,0.0
3008539,225.17565101819469
3008540,84.88755672732856
3008541,1495.556240957517
3008542,0.0
3008543,0.0
3008544,4.122359123435444
3008545,1.5025107990024367
3008546,1.5025107990024367
3008547,3974.1299801731975
3008548,1.5025107990024367
3008549,488.08361938974286
3008550,6.364660624925307
3008551,1308.1948895130945
3008552,1289.2208218693595
3008553,344.02718434228734
3008554,253.92166574660803
3008555,233.76445992025572
3008556,4253.462987956952
3008557,0.0
3008558,1.5025107990024367
3008559,34.49441166340529
3008560,0.0
3008561,1.5025107990024367
3008562,311.13357709310753
3008563,4.122359123435444
3008564,4.84093448473385
3008565,4.84093448473385
3008566,119.77212140441674
3008567,1.5025107990024367
3008568,328.5073097040244
3008569,299.50132048357364
3008570,2.2210861603008425
3008571,4.84093448473385
3008572,347.56959673926684
3008573,138.77250975287154
3008574,3222.4572395396617
3008575,1.5025107990024367
3008576,0.0
3008577,5.635167220213759
3008578,3.0153188957806947
3008579,0.0
3008580,2661.668181411422
3008581,3.0153188957806947
3008582,126.73357189227318
3008583,0.0
3008584,929.6046252259098
3008585,241.65547998391173
3008586,123.39390266068995
3008587,35.315684758485304
3008588,0.0
3008589,2523.937526312114
3008590,2.7617601749486766
3008591,3.0153188957806947
3008592,3.9986391254510636
3008593,0.7005310760028465
3008594,3.0153188957806947
3008595,304.28685972003626
3008596,5.635167220213759
3008597,6.353742581512165
3008598,6.353742581512165
3008599,0.0
3008600,3.7338942570791005
3008601,65.99875056006681
3008602,12.354824504850626
3008603,3.0153188957806947
3008604,6.353742581512165
3008605,63.19881377956915
3008606,0.0
3008607,1543.3605733711672
3008608,3.0153188957806947
3008609,0.9849350360793778
3008610,32.884643985038736
3008611,30.26479566060567
3008612,30.26479566060567
3008613,1479.4043140545878
3008614,30.26479566060567
3008615,74.38293005324562
3008616,21.564366286851453
3008617,521.4149988421889
3008618,160.67097852441947
3008619,63.095727645691795
3008620,73.28728513352996
3008621,26.41934742707491
3008622,1788.8832548250787
3008623,17.236157013557488
3008624,30.26479566060567
3008625,29.461061939363333
3008626,26.162953889915116
3008627,30.26479566060567
3008628,96.83885341702569
3008629,32.884643985038736
3008630,33.60321934633714
3008631,33.60321934633714
3008632,0.0
3008633,30.26479566060567
3008634,90.24036261489107
3008635,0.0
3008636,30.983371021904077
3008637,33.60321934633714
3008638,107.57090541445072
3008639,98.4844394557316
3008640,1289.6578249218928
3008641,30.26479566060567
3008642,21.141143189093384
3008643,3.468341858355302
3008644,0.8484935339222943
3008645,13.772196614651136
3008646,3474.5343254444665
3008647,0.8484935339222943
3008648,414.88764987884025
3008649,9.19023996289917
3008650,1219.314501006383
3008651,1138.85730500238
3008652,235.11266628410067
3008653,331.61802868363924
3008654,252.71381884148718
3008655,4102.651402572917
3008656,0.0
3008657,0.8484935339222943
3008658,13.607339012357045
3008659,31.97400995285858
3008660,0.8484935339222943
3008661,102.25718953865777
3008662,3.468341858355302
3008663,7.666513822707714
3008664,4.186917219653708
3008665,0.0
3008666,0.8484935339222943
3008667,358.2708774611355
3008668,263.2150337667537
3008669,1.5670688952207001
3008670,4.186917219653708
3008671,371.6733247169739
3008672,167.0422663534855
3008673,2951.731075805257
3008674,0.8484935339222943
3008675,0.0
3008676,43.234630053125954
3008677,40.61478172869289
3008678,40.61478172869289
3008679,4381.856070107213
3008680,40.61478172869289
3008681,1328.5236898790745
3008682,45.47693155461576
3008683,2071.176926009587
3008684,1338.720074781801
3008685,508.4286905619652
3008686,298.5099395443052
3008687,211.14664698108402
3008688,5805.610806963903
3008689,91.72975285754086
3008690,40.61478172869289
3008691,77.38831425222372
3008692,74.0902062027755
3008693,40.61478172869289
3008694,393.15944529365237
3008695,43.234630053125954
3008696,43.95320541442436
3008697,43.95320541442436
3008698,83.73283593330672
3008699,40.61478172869289
3008700,321.48831072283997
3008701,382.15988825379134
3008702,41.333357089991296
3008703,43.95320541442436
3008704,328.5235962010819
3008705,78.98336178827373
3008706,1211.400074763586
3008707,40.61478172869289
3008708,45.47693155461576
3008709,2.8014338334521653
3008710,0.18158550901910075
3008711,0.18158550901910075
3008712,3806.8265851107208
3008713,0.18158550901910075
3008714,1196.5749647667792
3008715,3.2566813840293207
3008716,1683.8457004538843
3008717,1261.557259780026
3008718,637.145029742189
3008719,258.2563270208801
3008720,87.8837056554654
3008721,5361.112862229711
3008722,173.26898816781335
3008723,0.18158550901910075
3008724,139.88127445040124
3008725,126.75582359485861
3008726,0.18158550901910075
3008727,519.9776766954794
3008728,2.8014338334521653
3008729,3.520009194750571
3008730,3.520009194750571
3008731,214.916202784845
3008732,0.18158550901910075
3008733,175.93661519167318
3008734,560.7372501101074
3008735,0.9001608703175066
3008736,3.520009194750571
3008737,189.37239192975238
3008738,34.94969943873491
3008739,1088.1792177757975
3008740,0.18158550901910075
3008741,3.2566813840293207
3008742,52.47924590284413
3008743,12.400752188175375
3008744,102.61366086026374
3008745,11489.308493920078
3008746,12.400752188175375
3008747,734.1127511203177
3008748,57.48256864608959
3008749,2254.0060924193026
3008750,1813.024892588488
3008751,503.33671758988345
3008752,632.4920036938163
3008753,351.5130032071953
3008754,10163.579470722574
3008755,0.0
3008756,12.400752188175375
3008757,163.0309311712651
3008758,0.0
3008759,12.400752188175375
3008760,246.49798614490663
3008761,55.95884250589813
3008762,196.10629968357915
3008763,0.0
3008764,0.0
3008765,14.576864261380479
3008766,1034.0293659732065
3008767,0.0
3008768,14.576864261380479
3008769,55.95884250589813
3008770,953.3627680133496
3008771,301.84528733369183
3008772,9774.686656317454
3008773,14.576864261380479
3008774,0.0
3008775,4.507734959892844
3008776,1.8878866354598358
3008777,1.8878866354598358
3008778,1553.3419373047425
3008779,1.8878866354598358
3008780,271.6902348224505
3008781,0.0
3008782,374.95109704173143
3008783,0.0
3008784,54.13318986866676
3008785,7.301849625894647
3008786,7.048225606684468
3008787,2226.1356170875742
3008788,0.0
3008789,1.8878866354598358
3008790,0.0
3008791,0.0
3008792,1.8878866354598358
3008793,245.3621131998466
3008794,4.507734959892844
3008795,5.226310321191249
3008796,5.226310321191249
3008797,0.0
3008798,1.8878866354598358
3008799,47.79523615455332
3008800,0.0
3008801,2.6064619967582416
3008802,5.226310321191249
3008803,65.125778954113
3008804,0.0
3008805,485.7165544115554
3008806,1.8878866354598358
3008807,0.0
3008808,12.325584573862557
3008809,8.987160888131143
3008810,30.80261026182933
3008811,3948.425923451071
3008812,8.987160888131143
3008813,687.3158342941417
3008814,13.849310714054013
3008815,1663.6885396406649
3008816,802.3315107364406
3008817,288.0423470802469
3008818,183.04042993428743
3008819,88.95143905229827
3008820,4965.9741243626195
3008821,40.3377136072358
3008822,8.987160888131143
3008823,44.216629553461246
3008824,40.91852150401303
3008825,8.987160888131143
3008826,312.3380562085642
3008827,11.60700921256415
3008828,11.60700921256415
3008829,15.805181176916562
3008830,0.0
3008831,8.987160888131143
3008832,211.33054739853344
3008833,233.9040138035536
3008834,8.987160888131143
3008835,34.14103394756074
3008836,213.09300793403128
3008837,29.530000316293012
3008838,946.007273468046
3008839,8.987160888131143
3008840,13.130735352755607
3008841,8.141310789727754
3008842,5.521462465294746
3008843,5.521462465294746
3008844,1537.1385030012225
3008845,5.521462465294746
3008846,264.0225792115768
3008847,0.0
3008848,461.2628199248284
3008849,121.05330932741862
3008850,147.15405789769272
3008851,1.9128047607155167
3008852,2.7899176815697615
3008853,2219.4252709870743
3008854,2.077214226072101
3008855,5.521462465294746
3008856,6.835204482685583
3008857,1.4196206946041912
3008858,5.521462465294746
3008859,125.96805459728137
3008860,8.141310789727754
3008861,8.85988615102616
3008862,8.85988615102616
3008863,0.0
3008864,5.521462465294746
3008865,23.201697367630686
3008866,16.384373794219982
3008867,6.240037826593152
3008868,8.85988615102616
3008869,40.532240167190366
3008870,45.39041282812843
3008871,559.8797358967374
3008872,5.521462465294746
3008873,0.0
3008874,12.43887748121631
3008875,9.100453795484896
3008876,9.100453795484896
3008877,2868.169314652162
3008878,9.100453795484896
3008879,491.491678870962
3008880,13.962603621407766
3008881,1451.8991336254646
3008882,653.9721611650705
3008883,292.9732371128983
3008884,138.58881212607565
3008885,118.86498319393775
3008886,3997.562236769291
3008887,0.7596214683505877
3008888,9.100453795484896
3008889,29.12776425301871
3008890,18.56119122447143
3008891,9.100453795484896
3008892,435.9882395000108
3008893,11.720302119917903
3008894,11.720302119917903
3008895,15.918474084270315
3008896,4.702962783418684
3008897,9.100453795484896
3008898,178.84243191300123
3008899,272.31624647440145
3008900,9.100453795484896
3008901,12.43887748121631
3008902,178.09916725014227
3008903,60.40957386720498
3008904,847.365896818317
3008905,9.100453795484896
3008906,13.24402826010936
3008907,9.619774113537062
3008908,6.999925789104054
3008909,6.999925789104054
3008910,3763.8893547112934
3008911,6.999925789104054
3008912,664.4253490268347
3008913,11.862075615026924
3008914,1435.410617516042
3008915,731.492120024905
3008916,316.7386449442038
3008917,148.40216343324545
3008918,59.96557459707992
3008919,5164.705194202364
3008920,41.67676907038373
3008921,6.999925789104054
3008922,32.777540756192366
3008923,49.263169464737416
3008924,6.999925789104054
3008925,276.9251753955083
3008926,9.619774113537062
3008927,10.338349474835468
3008928,10.338349474835468
3008929,0.0
3008930,6.999925789104054
3008931,169.51473603195774
3008932,141.33936009448234
3008933,7.71850115040246
3008934,10.338349474835468
3008935,176.5500215101997
3008936,76.5544154909528
3008937,834.2165284938773
3008938,6.999925789104054
3008939,11.862075615026924
3008940,21.06862016608386
3008941,18.448771841650853
3008942,18.448771841650853
3008943,2017.0964137586545
3008944,18.448771841650853
3008945,69.84453295196386
3008946,9.748342467896634
3008947,963.7968648646191
3008948,163.75446818257507
3008949,171.36212306371402
3008950,14.590939747687514
3008951,4.404595331785629
3008952,2611.4586505894763
3008953,23.909863516353596
3008954,18.448771841650853
3008955,16.33522640125983
3008956,10.867333467906292
3008957,18.448771841650853
3008958,197.19585096201723
3008959,21.06862016608386
3008960,21.787195527382266
3008961,21.787195527382266
3008962,0.0
3008963,18.448771841650853
3008964,47.553148557184045
3008965,56.24714674696855
3008966,19.16734720294926
3008967,21.787195527382266
3008968,46.80988389432514
3008969,14.649769703748802
3008970,350.59296057624846
3008971,18.448771841650853
3008972,9.748342467896634
3008973,25.392097821869584
3008974,22.77224949743652
3008975,22.77224949743652
3008976,3689.5772656494105
3008977,22.77224949743652
3008978,833.3102012611802
3008979,14.0718201236823
3008980,1411.0465769284642
3008981,957.6871442171446
3008982,347.7403949772412
3008983,121.0458710658358
3008984,47.50038136971875
3008985,4686.426460789009
3008986,0.0
3008987,22.77224949743652
3008988,33.09321796816022
3008989,24.855567719502915
3008990,22.77224949743652
3008991,279.67837752793974
3008992,25.392097821869584
3008993,26.11067318316799
3008994,26.11067318316799
3008995,24.420129459355564
3008996,22.77224949743652
3008997,163.11487005421887
3008998,189.31322399616988
3008999,23.490824858734925
3009000,26.11067318316799
3009001,164.87733058971665
3009002,0.0
3009003,1003.1750331916173
3009004,22.77224949743652
3009005,14.0718201236823
3009006,0.0
3009007,0.0
3009008,0.0
3009009,3240.0679603907734
3009010,0.0
3009011,322.01469595342485
3009012,0.0
3009013,1129.300586720282
3009014,764.8826875170735
3009015,196.2746310002458
3009016,193.95380614300558
3009017,181.3521422030896
3009018,3664.8490513619895
3009019,0.0
3009020,0.0
3009021,0.0
3009022,0.0
3009023,0.0
3009024,149.70643471954705
3009025,0.0
3009026,0.0
3009027,0.0
3009028,6.434704819185129
3009029,0.0
3009030,268.5394501004219
3009031,150.54604780010413
3009032,0.0
3009033,0.0
3009034,278.2729564298244
3009035,123.37223660837549
3009036,2811.0388218761295
3009037,0.0
3009038,0.0
3009039,0.0
3009040,0.0
3009041,0.0
3009042,2821.2210770231964
3009043,0.0
3009044,375.2941381065254
3009045,0.0
3009046,1212.3609129927017
3009047,943.0607456210862
3009048,325.7970292847391
3009049,238.77958190857893
3009050,211.65974837087123
3009051,4103.312187206804
3009052,0.0
3009053,0.0
3009054,26.18513429720997
3009055,26.39009999343267
3009056,0.0
3009057,225.46820622075953
3009058,0.0
3009059,0.0
3009060,0.0
3009061,0.0
3009062,0.0
3009063,315.8118828431007
3009064,261.92435551740846
3009065,0.0
3009066,0.0
3009067,323.09873219539776
3009068,169.40073171537693
3009069,2410.8088984004607
3009070,0.0
3009071,0.0
3009072,0.0
3009073,0.0
3009074,7.526401575822717
3009075,3733.4072645163988
3009076,0.0
3009077,1071.1525043785227
3009078,0.0
3009079,1497.2357580580187
3009080,782.992958138504
3009081,370.3037408480375
3009082,199.85636172779778
3009083,112.12720626832055
3009084,6208.03638660393
3009085,0.0
3009086,0.0
3009087,23.01766790480815
3009088,19.719559855359932
3009089,0.0
3009090,133.9517440521814
3009091,0.0
3009092,0.0
3009093,10.864825261554131
3009094,0.0
3009095,0.0
3009096,222.83299841197453
3009097,354.594208621734
3009098,0.0
3009099,0.0
3009100,226.24094128581618
3009101,59.10625879215257
3009102,1651.3101054093331
3009103,0.0
3009104,0.0
3009105,16.332039748783757
3009106,12.9936160630524
3009107,37.129257040150605
3009108,3740.710339026312
3009109,12.9936160630524
3009110,160.2162960211321
3009111,21.335362492029276
3009112,1011.894855192243
3009113,769.9146534519241
3009114,0.0
3009115,237.15630430856405
3009116,168.33324988925824
3009117,3969.117288358722
3009118,0.0
3009119,12.9936160630524
3009120,25.75246154148715
3009121,22.454353492038933
3009122,12.9936160630524
3009123,0.0
3009124,19.811636351837763
3009125,19.811636351837763
3009126,16.332039748783757
3009127,0.0
3009128,13.712191424350806
3009129,257.037671235928
3009130,28.070018380698457
3009131,13.712191424350806
3009132,19.811636351837763
3009133,274.36821403548754
3009134,124.7513390387818
3009135,2084.1027288525015
3009136,13.712191424350806
3009137,0.0
3009138,7.549717806285344
3009139,4.929869481852336
3009140,0.0
3009141,3179.359018770194
3009142,4.929869481852336
3009143,750.867714205743
3009144,9.792019307775206
3009145,1650.035422679198
3009146,695.3465547396647
3009147,346.95993188816857
3009148,139.2067169188599
3009149,119.48288798672206
3009150,4999.376176031319
3009151,151.1472329423633
3009152,4.929869481852336
3009153,20.112406355011444
3009154,16.65103368885832
3009155,4.929869481852336
3009156,422.210820035172
3009157,8.26829316758375
3009158,8.26829316758375
3009159,8.26829316758375
3009160,0.0
3009161,5.648444843150742
3009162,173.05984544594827
3009163,263.3273161159795
3009164,5.648444843150742
3009165,8.26829316758375
3009166,167.0898459399437
3009167,61.02747865998924
3009168,872.5582227619989
3009169,4.929869481852336
3009170,9.792019307775206
3009171,0.0
3009172,0.0
3009173,7.167759623994016
3009174,2637.7086967403743
3009175,0.0
3009176,184.29937572175578
3009177,0.0
3009178,963.4967046939427
3009179,741.1352101213281
3009180,0.0
3009181,153.70325603459992
3009182,105.67868761936882
3009183,3512.724431031556
3009184,0.0
3009185,0.0
3009186,23.087360228625244
3009187,5.447989527615334
3009188,0.0
3009189,134.45964903782797
3009190,0.0
3009191,0.0
3009192,0.0
3009193,0.0
3009194,0.0
3009195,189.28815618863047
3009196,31.15018286530642
3009197,0.0
3009198,0.0
3009199,181.58638505568365
3009200,34.897799504980355
3009201,1999.6411906471737
3009202,0.0
3009203,0.0
3009204,13.129072176453349
3009205,9.790648490721935
3009206,58.33188218487709
3009207,3205.3492254592684
3009208,9.790648490721935
3009209,806.0383132249199
3009210,12.865744365732155
3009211,1016.8458805745698
3009212,966.5344215469257
3009213,533.6067841024253
3009214,151.3836321727962
3009215,126.93866712154284
3009216,3493.7951201433402
3009217,34.99660711818939
3009218,9.790648490721935
3009219,20.762440018244035
3009220,74.74664157217188
3009221,9.790648490721935
3009222,435.58393151305455
3009223,16.608668779507354
3009224,16.608668779507354
3009225,38.44480234114576
3009226,115.30892603401455
3009227,10.509223852020341
3009228,165.86431393804153
3009229,545.5800742456067
3009230,10.509223852020341
3009231,13.129072176453349
3009232,179.26676119387992
3009233,62.55827026699137
3009234,2242.1903241181367
3009235,9.790648490721935
3009236,15.125192909028442
3009237,5.636919453759674
3009238,2.2984957680282605
3009239,22.248146561903923
3009240,4742.436718328216
3009241,2.2984957680282605
3009242,719.341057365295
3009243,0.0
3009244,1521.4509474570725
3009245,900.4427158586366
3009246,327.5574869599094
3009247,62.03834875711658
3009248,0.0
3009249,4930.3769194778215
3009250,33.389618102390045
3009251,2.2984957680282605
3009252,23.8866406047714
3009253,20.588532555323184
3009254,2.2984957680282605
3009255,335.06648361533183
3009256,4.918344092461268
3009257,4.918344092461268
3009258,5.636919453759674
3009259,0.0
3009260,2.2984957680282605
3009261,92.19426480118494
3009262,206.9073089242588
3009263,2.2984957680282605
3009264,4.918344092461268
3009265,93.95672533668278
3009266,0.0
3009267,669.379893877305
3009268,2.2984957680282605
3009269,0.0
3009270,237.91466387716906
3009271,13.930396011114624
3009272,115.27843627738989
3009273,13860.251653626212
3009274,13.930396011114624
3009275,1572.7558745904994
3009276,59.01221246902884
3009277,3596.482776890679
3009278,2639.934835034289
3009279,1348.433137035945
3009280,829.343954238627
3009281,498.7893762535192
3009282,14284.762561624148
3009283,15.305759326755492
3009284,13.930396011114624
3009285,141.82298236096042
3009286,0.0
3009287,13.930396011114624
3009288,549.7104584937125
3009289,30.10988867144613
3009290,57.48848632883738
3009291,123.6500875205057
3009292,105.83664637618818
3009293,16.106508084319728
3009294,1285.5712449839789
3009295,820.6405785239563
3009296,16.106508084319728
3009297,156.6081053766354
3009298,1204.904647024122
3009299,463.95662801612673
3009300,11988.568774095686
3009301,198.1126339386989
3009302,6.730313008845371
3009303,33.35232184699328
3009304,0.0
3009305,83.78273026170524
3009306,12850.877142931235
3009307,0.0
3009308,1524.9902743425484
3009309,41.89874495845544
3009310,3220.6349790456534
3009311,2643.8422166273294
3009312,1076.9857740485213
3009313,754.6627687961844
3009314,424.1081908110767
3009315,14177.147545640164
3009316,0.0
3009317,0.0
3009318,139.42928821007823
3009319,0.0
3009320,0.0
3009321,525.9960567689147
3009322,6.395486946648532
3009323,40.37501881826398
3009324,0.0
3009325,466.21147301063803
3009326,0.0
3009327,1210.8900595415362
3009328,1027.8398366590532
3009329,0.0
3009330,40.37501881826398
3009331,1131.6282584411401
3009332,390.68023943314506
3009333,8535.5628704401
3009334,169.98431064421746
3009335,0.0
3009336,50.77846921608199
3009337,15.700612581536632
3009338,98.87351912871014
3009339,9415.99030595257
3009340,15.700612581536632
3009341,1132.7453612682668
3009342,60.79616142127628
3009343,2939.8419729867314
3009344,2183.1631246395063
3009345,867.6017753381714
3009346,481.8952636980232
3009347,400.72988553503177
3009348,11956.847668949322
3009349,0.0
3009350,15.700612581536632
3009351,196.40694699937225
3009352,0.0
3009353,15.700612581536632
3009354,402.740354810644
3009355,0.0
3009356,59.272435281084825
3009357,0.0
3009358,0.0
3009359,16.419187942835038
3009360,988.8761794243071
3009361,809.0061221116264
3009362,16.419187942835038
3009363,152.0606952647157
3009364,909.6143783239112
3009365,351.5422113158044
3009366,4326.825060783251
3009367,0.0
3009368,0.0
3009369,190.6646290822724
3009370,0.0
3009371,110.7296240752377
3009372,11771.74282690697
3009373,0.0
3009374,1337.3872758572031
3009375,45.34135457847094
3009376,3252.580849113147
3009377,2379.8465804391935
3009378,873.8727064908489
3009379,715.0828821157927
3009380,400.2880269719806
3009381,14891.835984152558
3009382,0.0
3009383,0.0
3009384,173.819767490687
3009385,0.0
3009386,0.0
3009387,757.4803641787569
3009388,457.9367760972134
3009389,43.817628438279485
3009390,0.0
3009391,0.0
3009392,0.9643811000296978
3009393,1222.0637978420764
3009394,763.3638247183546
3009395,0.9643811000296978
3009396,43.817628438279485
3009397,1142.8019967416806
3009398,351.1003527527532
3009399,7520.692678821931
3009400,110.14022690059892
3009401,0.0
3009402,40.31455429919254
3009403,3.1786506846091243
3009404,86.35155723178264
3009405,7932.180845975446
3009406,3.1786506846091243
3009407,1124.1084037378894
3009408,48.274199524348774
3009409,2799.471505992602
3009410,2266.9742734503657
3009411,835.9882529245688
3009412,440.8824407669605
3009413,359.71706260396905
3009414,11251.892632991818
3009415,0.0
3009416,3.1786506846091243
3009417,0.0
3009418,163.46423622011477
3009419,3.1786506846091243
3009420,617.2665064378504
3009421,0.0
3009422,46.75047338415732
3009423,124.25393887324634
3009424,0.0
3009425,3.89722604590753
3009426,947.8633564932443
3009427,1112.3866639698651
3009428,3.89722604590753
3009429,139.53873336778815
3009430,868.6015553928481
3009431,310.52938838474165
3009432,3252.268837089524
3009433,0.0
3009434,0.0
3009435,59.330859704228374
3009436,22.19495608964496
3009437,97.89060635199536
3009438,9949.405097756144
3009439,22.19495608964496
3009440,1296.8065115836298
3009441,65.81923583565248
3009442,2757.812568856373
3009443,2362.978716902734
3009444,913.5390483996207
3009445,441.4160255741057
3009446,344.4909245698184
3009447,11087.062641987233
3009448,0.0
3009449,22.19495608964496
3009450,159.61110786721517
3009451,141.24840596492336
3009452,22.19495608964496
3009453,380.04218792840976
3009454,0.0
3009455,64.29550969546102
3009456,0.0
3009457,123.7063891756859
3009458,22.913531450943367
3009459,897.6433163194577
3009460,744.4517030940565
3009461,22.913531450943367
3009462,64.29550969546102
3009463,818.3815152190618
3009464,311.0629731918867
3009465,7189.301351951282
3009466,12.903377742424823
3009467,0.0
3009468,0.0
3009469,0.0
3009470,0.0
3009471,2341.356102720706
3009472,0.0
3009473,122.41299914836492
3009474,0.0
3009475,874.6104675159394
3009476,482.9630860373306
3009477,0.0
3009478,109.08753510945877
3009479,53.31290028447677
3009480,3335.956607671335
3009481,0.0
3009482,0.0
3009483,5.668740259608967
3009484,2.3706322101607498
3009485,0.0
3009486,113.0379052712754
3009487,0.0
3009488,0.0
3009489,0.0
3009490,0.0
3009491,0.0
3009492,123.67033835506805
3009493,0.0
3009494,0.0
3009495,0.0
3009496,136.97066413054262
3009497,0.0
3009498,1961.233917313324
3009499,0.0
3009500,0.0
3009501,0.0
3009502,0.0
3009503,67.82997555715184
3009504,5691.655586427674
3009505,0.0
3009506,699.1276804453391
3009507,5.942209880258815
3009508,2221.8472023996983
3009509,1565.9247268535441
3009510,332.93099238285976
3009511,177.75742904850935
3009512,99.34006851476965
3009513,8259.941862156124
3009514,0.0
3009515,0.0
3009516,104.51634560533145
3009517,93.0407037081693
3009518,0.0
3009519,361.8826331909776
3009520,0.0
3009521,0.0
3009522,0.0
3009523,0.0
3009524,0.0
3009525,568.8307763137316
3009526,689.4323475982117
3009527,0.0
3009528,0.0
3009529,633.4821794378486
3009530,47.40437666629009
3009531,2615.8790768897047
3009532,0.0
3009533,0.0
3009534,5.571626932407753
3009535,2.9517786079747452
3009536,97.80949561896404
3009537,5883.596366442146
3009538,2.9517786079747452
3009539,786.8560316211008
3009540,7.813928433897615
3009541,2264.2920044263565
3009542,1608.1413747485092
3009543,350.3640253052946
3009544,446.69496152404736
3009545,231.4102332740723
3009546,6500.429306818151
3009547,0.0
3009548,2.9517786079747452
3009549,0.0
3009550,99.59628889957816
3009551,2.9517786079747452
3009552,342.25667719780984
3009553,5.571626932407753
3009554,6.290202293706159
3009555,6.290202293706159
3009556,0.0
3009557,2.9517786079747452
3009558,754.458679686908
3009559,350.43300410054815
3009560,3.670353969273151
3009561,101.14791930469545
3009562,615.1144728997403
3009563,133.1420991735403
3009564,5246.102651351515
3009565,2.9517786079747452
3009566,0.0
3009567,76.16527981140632
3009568,72.82685612567491
3009569,71.01403349924306
3009570,3945.1598098168583
3009571,72.82685612567491
3009572,1286.4603170733822
3009573,64.12642675192069
3009574,1705.1584293890094
3009575,1523.7957339800857
3009576,834.4578120721043
3009577,103.77573315027072
3009578,33.48478038182526
3009579,7421.377615406211
3009580,67.3887537418995
3009581,72.82685612567491
3009582,29.496774598967704
3009583,278.97823675917124
3009584,72.82685612567491
3009585,717.6315274151698
3009586,75.44670445010792
3009587,75.44670445010792
3009588,75.44670445010792
3009589,329.1898647437449
3009590,72.82685612567491
3009591,126.03159798430207
3009592,1049.779245217242
3009593,72.82685612567491
3009594,75.44670445010792
3009595,133.09362144074106
3009596,7.937697988988418
3009597,3755.449834146775
3009598,72.82685612567491
3009599,62.02971801397928
3009600,27.881037738318525
3009601,24.54261405258717
3009602,65.25569809985433
3009603,2893.870521820124
3009604,24.54261405258717
3009605,607.5136209837879
3009606,27.61770992759739
3009607,1465.1261140224683
3009608,1263.7996803766796
3009609,452.528043363415
3009610,207.39519410137336
3009611,184.1529483915481
3009612,3590.262176442317
3009613,37.108948747817294
3009614,24.54261405258717
3009615,86.47067418660055
3009616,83.17256613715233
3009617,24.54261405258717
3009618,419.6053176662125
3009619,27.16246237702012
3009620,27.16246237702012
3009621,27.16246237702012
3009622,141.727530544469
3009623,24.54261405258717
3009624,293.7337192363358
3009625,706.9271922858072
3009626,24.54261405258717
3009627,27.16246237702012
3009628,236.68311998191777
3009629,121.17734839645775
3009630,1920.7338654111068
3009631,24.54261405258717
3009632,35.14780212350388
3009633,7.2239460196165055
3009634,3.885522333885092
3009635,0.0
3009636,2686.4962918973647
3009637,3.885522333885092
3009638,444.7566443187411
3009639,0.0
3009640,1330.374362052126
3009641,437.68743793761405
3009642,263.55442356763115
3009643,165.12696691361933
3009644,138.11283362245177
3009645,3571.5584938894413
3009646,0.0
3009647,3.885522333885092
3009648,0.0
3009649,0.0
3009650,3.885522333885092
3009651,259.299609601656
3009652,6.5053706583181
3009653,6.5053706583181
3009654,6.5053706583181
3009655,0.0
3009656,3.885522333885092
3009657,206.67214802343426
3009658,229.21208787534172
3009659,3.885522333885092
3009660,6.5053706583181
3009661,212.32937462041252
3009662,94.63978123747495
3009663,432.61451173240806
3009664,3.885522333885092
3009665,0.0
3009666,2.055774620319653
3009667,0.0
3009668,7.47727284102217
3009669,4425.7516113819165
3009670,0.0
3009671,367.6775768024372
3009672,8.530366457297305
3009673,1272.4168035395696
3009674,938.4133206262197
3009675,155.31959626406325
3009676,344.5323469661185
3009677,318.73540762339286
3009678,5802.424855866776
3009679,0.0
3009680,0.0
3009681,38.67036725621523
3009682,51.28715721548366
3009683,0.0
3009684,129.17350056711405
3009685,7.006640317105791
3009686,7.006640317105791
3009687,0.0
3009688,0.0
3009689,0.0
3009690,465.94352036074565
3009691,249.46717760550058
3009692,0.0
3009693,7.006640317105791
3009694,490.33869979916994
3009695,276.55829363237723
3009696,2909.949829300086
3009697,0.0
3009698,0.0
3009699,0.0
3009700,0.0
3009701,32.203247231127875
3009702,5752.04050500473
3009703,0.0
3009704,314.40995046133844
3009705,3.78862378437492
3009706,1603.9411510473717
3009707,1322.9638593767888
3009708,26.91882804349308
3009709,326.52203869652124
3009710,125.42762782648978
3009711,4870.705915741051
3009712,0.0
3009713,0.0
3009714,82.60207966038905
3009715,0.0
3009716,0.0
3009717,344.7385975813184
3009718,2.2648976441834634
3009719,7.10967122855817
3009720,0.0
3009721,0.0
3009722,0.0
3009723,500.83656764903685
3009724,0.0
3009725,0.0
3009726,2.2648976441834634
3009727,420.1699696891801
3009728,75.75991195298587
3009729,4666.371581549084
3009730,0.0
3009731,0.0
3009732,0.0
3009733,0.0
3009734,26.338191722175054
3009735,6927.956449411549
3009736,0.0
3009737,332.7117343902456
3009738,0.0
3009739,1530.9150343663975
3009740,1296.890048709262
3009741,146.70901314483314
3009742,222.4623746759686
3009743,175.11285117016786
3009744,6192.394372164067
3009745,0.0
3009746,0.0
3009747,1.7646621847084134
3009748,0.0
3009749,0.0
3009750,292.8737129758265
3009751,0.0
3009752,0.0
3009753,0.0
3009754,0.0
3009755,0.0
3009756,623.9997369553582
3009757,0.0
3009758,0.0
3009759,0.0
3009760,543.3331389955018
3009761,125.44513529666432
3009762,5480.952367626637
3009763,0.0
3009764,0.0
3009765,0.0
3009766,0.0
3009767,27.159886414811183
3009768,5872.059069977811
3009769,0.0
3009770,1263.729816579018
3009771,0.0
3009772,2013.0775769238342
3009773,1379.2826639019377
3009774,834.8940801146389
3009775,431.22228941295043
3009776,284.7773172943153
3009777,9202.616330679686
3009778,0.0
3009779,0.0
3009780,44.7001039295194
3009781,38.98869911510633
3009782,0.0
3009783,218.90540568633446
3009784,0.0
3009785,0.0
3009786,0.0
3009787,0.0
3009788,0.0
3009789,460.13577176931847
3009790,611.1774637529821
3009791,0.0
3009792,0.0
3009793,457.60686897096883
3009794,246.8010282433691
3009795,1988.0338199569167
3009796,0.0
3009797,0.0
3009798,23.878830613055868
3009799,21.064362100829612
3009800,31.085223054134133
3009801,1857.63165207686
3009802,21.064362100829612
3009803,391.01380832472046
3009804,30.35342245003352
3009805,678.4804441852543
3009806,697.6382016024472
3009807,316.325830647724
3009808,221.64970687553537
3009809,141.82292142046683
3009810,2617.9772298437983
3009811,0.0
3009812,21.064362100829612
3009813,31.516436293611434
3009814,72.18557465331276
3009815,21.064362100829612
3009816,263.39624570306984
3009817,28.829696309842006
3009818,28.829696309842006
3009819,23.878830613055868
3009820,161.39549579167183
3009821,21.782937462128018
3009822,302.4986436844251
3009823,283.10597557507475
3009824,21.782937462128018
3009825,34.45030994924343
3009826,261.1515776566736
3009827,106.22160138426793
3009828,2042.1034845676893
3009829,21.782937462128018
3009830,0.0
3009831,0.0
3009832,0.0
3009833,0.0
3009834,1044.3355024826778
3009835,0.0
3009836,272.8540292849395
3009837,0.0
3009838,588.5842363317366
3009839,371.2140110184776
3009840,271.20049828234676
3009841,173.56983255896412
3009842,32.82845512991162
3009843,2546.9463569474055
3009844,0.0
3009845,0.0
3009846,0.0
3009847,0.0
3009848,0.0
3009849,207.92206841023145
3009850,0.6279267427921127
3009851,0.6279267427921127
3009852,0.0
3009853,40.7171713500295
3009854,0.0
3009855,115.63164894289307
3009856,217.36886469119244
3009857,0.0
3009858,0.6279267427921127
3009859,140.8918569943226
3009860,72.75891121376787
3009861,220.65085712719127
3009862,0.0
3009863,0.0
3009864,16.13855421363786
3009865,13.324085701411605
3009866,14.04266106271001
3009867,4022.2504762319227
3009868,13.324085701411605
3009869,579.4302730751715
3009870,21.141876956883323
3009871,1911.3403394558165
3009872,1015.5864401249673
3009873,473.01295457538043
3009874,629.2829018342974
3009875,141.93666594844618
3009876,6293.1490692377265
3009877,13.24822616982459
3009878,13.324085701411605
3009879,46.3804741101016
3009880,36.49796745011702
3009881,13.324085701411605
3009882,293.2947730668438
3009883,16.13855421363786
3009884,16.13855421363786
3009885,19.618150816691866
3009886,0.0
3009887,14.04266106271001
3009888,270.32408361392925
3009889,459.66290825892804
3009890,14.04266106271001
3009891,19.618150816691866
3009892,272.086544149427
3009893,107.79580876256105
3009894,1339.4409556035455
3009895,91.86533212570032
3009896,0.0
3009897,0.0
3009898,0.0
3009899,0.0
3009900,1903.7534127965746
3009901,0.0
3009902,355.05751939610684
3009903,0.0
3009904,890.4866259538456
3009905,633.6377674628043
3009906,278.22935323583977
3009907,213.13993413041754
3009908,83.41421395535161
3009909,3100.02801300409
3009910,0.0
3009911,0.0
3009912,0.0
3009913,0.0
3009914,0.0
3009915,214.8581056187936
3009916,0.0
3009917,0.0
3009918,33.28366369798795
3009919,3.421372326504752
3009920,0.0
3009921,150.53289652376301
3009922,261.4226467989668
3009923,0.0
3009924,0.0
3009925,157.594919980202
3009926,34.53124649917879
3009927,155.0408958343218
3009928,30.46919518576169
3009929,0.0
3009930,0.0
3009931,0.0
3009932,0.0
3009933,1753.6112263358007
3009934,0.0
3009935,378.34936331224105
3009936,0.0
3009937,828.8662253447852
3009938,453.0575006570151
3009939,300.7128195624533
3009940,238.7593371530607
3009941,115.05415275606745
3009942,3010.9339055031132
3009943,0.0
3009944,0.0
3009945,0.0
3009946,0.0
3009947,0.0
3009948,218.94347445714993
3009949,0.0
3009950,0.0
3009951,0.0
3009952,9.301818443965544
3009953,0.0
3009954,149.89950313861814
3009955,305.243336157508
3009956,0.0
3009957,0.0
3009958,157.594919980202
3009959,34.53124649917879
3009960,155.0408958343218
3009961,0.0
3009962,0.0
3009963,1.2986946865574396
3009964,0.0
3009965,0.0
3009966,1832.9417720914303
3009967,0.0
3009968,346.13362674752665
3009969,0.0
3009970,947.8932364878667
3009971,510.9274002899193
3009972,244.3364019348473
3009973,217.60239608887
3009974,91.05391177800817
3009975,3028.72541005596
3009976,0.0
3009977,0.0
3009978,0.0
3009979,0.0
3009980,0.0
3009981,245.14174584074306
3009982,1.2986946865574396
3009983,1.2986946865574396
3009984,2.0172700478558454
3009985,56.66445421397265
3009986,0.0
3009987,165.84854517359094
3009988,241.88259309321808
3009989,0.0
3009990,1.2986946865574396
3009991,171.5057717705692
3009992,39.17429640609208
3009993,383.8571252275491
3009994,0.0
3009995,0.0
3009996,0.0
3009997,0.0
3009998,0.0
3009999,2003.0184996723742
3010000,0.0
3010001,292.60904153813294
3010002,0.0
3010003,1199.1646519511237
3010004,401.1697752146444
3010005,188.30780468021916
3010006,182.52671372576415
3010007,61.477729178587424
3010008,3660.9419818596025
3010009,0.0
3010010,0.0
3010011,25.66546111307457
3010012,0.0
3010013,0.0
3010014,254.2310063609326
3010015,0.0
3010016,0.0
3010017,0.0
3010018,0.0
3010019,0.0
3010020,131.48528667375595
3010021,224.54752992744383
3010022,0.0
3010023,0.0
3010024,139.18070351533984
3010025,11.59483636402689
3010026,275.3129049449885
3010027,74.67623371056936
3010028,0.0
3010029,9.409191913333416
3010030,6.59472340110716
3010031,6.59472340110716
3010032,1765.1554976477605
3010033,6.59472340110716
3010034,314.7035848724296
3010035,0.0
3010036,768.5856997984267
3010037,382.8607533380111
3010038,203.93213670747957
3010039,184.36358214591505
3010040,80.16952648445806
3010041,2575.049904236636
3010042,0.8939583004700467
3010043,6.59472340110716
3010044,0.0
3010045,0.0
3010046,6.59472340110716
3010047,229.69116471271494
3010048,9.409191913333416
3010049,8.69061655203501
3010050,9.409191913333416
3010051,10.707988901615181
3010052,6.59472340110716
3010053,143.29084367745955
3010054,190.97780385406213
3010055,6.59472340110716
3010056,9.409191913333416
3010057,160.62138647701917
3010058,28.289911112541972
3010059,295.48302844321694
3010060,6.59472340110716
3010061,0.0
3010062,27.96026386665352
3010063,25.145795354427264
3010064,57.93253834186703
3010065,2837.957959886242
3010066,25.145795354427264
3010067,636.6580994104588
3010068,32.963586609898925
3010069,1459.6972396503363
3010070,1031.167870117586
3010071,539.1208525050907
3010072,616.9785880897736
3010073,169.31840215338278
3010074,4420.150028173828
3010075,42.19573604013141
3010076,25.145795354427264
3010077,80.02850471332908
3010078,79.82121725305592
3010079,25.145795354427264
3010080,491.37528766889847
3010081,31.439860469707526
3010082,31.439860469707526
3010083,73.67810561747257
3010084,201.91168867194997
3010085,25.86437071572567
3010086,247.36000063903435
3010087,525.1815695299497
3010088,25.86437071572567
3010089,31.439860469707526
3010090,340.3171360636401
3010091,140.28873332598644
3010092,667.4202719567204
3010093,218.657539160876
3010094,42.15171319656315
3010095,7.734550276161372
3010096,4.920081763935116
3010097,118.61035533113326
3010098,2272.805746242225
3010099,4.920081763935116
3010100,80.85067759507541
3010101,2.433616864374528
3010102,539.3369335826134
3010103,552.9136471991187
3010104,0.0
3010105,0.0
3010106,0.0
3010107,3257.287708675433
3010108,0.0
3010109,4.920081763935116
3010110,14.538153159252488
3010111,14.494130315684231
3010112,4.920081763935116
3010113,218.78849370490323
3010114,12.68541597294751
3010115,12.68541597294751
3010116,121.32507053585377
3010117,0.0
3010118,5.638657125233522
3010119,0.0
3010120,0.0
3010121,5.638657125233522
3010122,12.68541597294751
3010123,0.0
3010124,0.0
3010125,720.1559893072472
3010126,107.93405554912823
3010127,0.0
3010128,0.0
3010129,0.0
3010130,0.0
3010131,2268.557620057795
3010132,0.0
3010133,306.77516299423615
3010134,0.0
3010135,1039.1038666861546
3010136,436.2625608822549
3010137,231.29138408713584
3010138,175.72904036179156
3010139,61.477729178587424
3010140,3479.6552925845917
3010141,0.0
3010142,0.0
3010143,0.0
3010144,0.0
3010145,0.0
3010146,248.45147180121234
3010147,0.0
3010148,0.0
3010149,0.0
3010150,0.0
3010151,0.0
3010152,136.86428827206495
3010153,208.36578660409688
3010154,0.0
3010155,0.0
3010156,143.92631172850386
3010157,11.59483636402689
3010158,351.37515405869533
3010159,62.8128148960501
3010160,0.0
3010161,21.205725740304047
3010162,18.39125722807779
3010163,44.53031093127527
3010164,2651.020705165498
3010165,18.39125722807779
3010166,373.98623194392326
3010167,27.6803175772817
3010168,873.2087852585356
3010169,838.8071024905676
3010170,130.50110106994285
3010171,216.20587557140672
3010172,128.62902370658716
3010173,4003.7276613175277
3010174,0.0
3010175,18.39125722807779
3010176,28.843331420859613
3010177,66.97194601572983
3010178,18.39125722807779
3010179,259.907468892897
3010180,26.156591437090185
3010181,26.156591437090185
3010182,38.98575808755197
3010183,148.83499146293698
3010184,19.109832589376197
3010185,297.0548123802964
3010186,263.9026307921888
3010187,19.109832589376197
3010188,26.156591437090185
3010189,315.79015203931675
3010190,93.02770367038835
3010191,2130.088551659908
3010192,19.109832589376197
3010193,0.0
3010194,22.72001810770223
3010195,19.905549595475975
3010196,29.948984537320314
3010197,3178.005338642104
3010198,19.905549595475975
3010199,514.6152621067779
3010200,25.936286900035043
3010201,1433.5314023645533
3010202,819.7423142575466
3010203,421.2803598206895
3010204,481.03802418595023
3010205,93.8987020928011
3010206,5130.339247712515
3010207,1.7934953203685495
3010208,19.905549595475975
3010209,38.040823194913
3010210,37.0353112937878
3010211,19.905549595475975
3010212,308.98034586616444
3010213,26.199614710756236
3010214,26.199614710756236
3010215,22.72001810770223
3010216,37.24395521888596
3010217,20.62412495677438
3010218,223.98271590268698
3010219,390.6811839301041
3010220,20.62412495677438
3010221,26.199614710756236
3010222,237.41849264076617
3010223,90.00147293501038
3010224,675.9249075164289
3010225,29.854645529714332
3010226,1.7494724768002925
3010227,6.14713200812588
3010228,3.3326634958996237
3010229,12.285034730737834
3010230,2708.788047679804
3010231,3.3326634958996237
3010232,482.48722638201104
3010233,5.883804197404686
3010234,1364.0798268972426
3010235,748.8984176136316
3010236,350.83801322146127
3010237,433.8815813603507
3010238,27.914740487630752
3010239,3842.1837175453948
3010240,9.407423644026949
3010241,3.3326634958996237
3010242,21.46793709533665
3010243,25.191178287989374
3010244,3.3326634958996237
3010245,260.57678453736037
3010246,6.14713200812588
3010247,5.428556646827474
3010248,6.14713200812588
3010249,217.99710592276688
3010250,3.3326634958996237
3010251,132.34521739454743
3010252,380.66109182919246
3010253,3.3326634958996237
3010254,0.0
3010255,145.78099413262657
3010256,0.0
3010257,544.8016320179205
3010258,3.3326634958996237
3010259,5.883804197404686
3010260,2.4553705414721207
3010261,0.35947739054427075
3010262,0.35947739054427075
3010263,1502.1453715598682
3010264,0.35947739054427075
3010265,340.02281648488605
3010266,7.40367804669512
3010267,724.7955490165973
3010268,408.2363938676348
3010269,199.65710383766455
3010270,162.83118745676683
3010271,74.47976264599748
3010272,2403.3872721372027
3010273,2.236065574319184
3010274,0.35947739054427075
3010275,16.858279778893007
3010276,8.522669046704777
3010277,0.35947739054427075
3010278,152.430680730602
3010279,2.4553705414721207
3010280,2.4553705414721207
3010281,7.667005857416314
3010282,43.65888186382631
3010283,0.35947739054427075
3010284,107.66674914482147
3010285,235.4250964476177
3010286,0.35947739054427075
3010287,2.4553705414721207
3010288,113.3239757417997
3010289,5.422192034270779
3010290,338.9550287313716
3010291,35.39997941461604
3010292,2.192042730750927
3010293,0.0
3010294,0.0
3010295,7.530184313180484
3010296,1284.3474580590314
3010297,0.0
3010298,181.58847523755426
3010299,3.296246472213795
3010300,740.4574392882128
3010301,464.7054657249295
3010302,100.89888753749727
3010303,154.4284478811945
3010304,79.67925949098088
3010305,2030.7719173708647
3010306,0.0
3010307,0.0
3010308,10.963483905083592
3010309,24.489467116584308
3010310,0.0
3010311,187.7057532994816
3010312,1.7725203320223955
3010313,0.0
3010314,0.0
3010315,28.76398978762643
3010316,0.0
3010317,200.22729293581878
3010318,53.454161696100584
3010319,0.0
3010320,0.0
3010321,192.52552180287196
3010322,37.595545530466154
3010323,1169.387669622674
3010324,0.0
3010325,0.0
3010326,20.476625745665388
3010327,18.380732594737538
3010328,26.407549751746558
3010329,3253.0368235697524
3010330,18.380732594737538
3010331,623.2221666582268
3010332,22.71892724715525
3010333,1283.2330449251147
3010334,1340.6583228727582
3010335,441.74388847082514
3010336,219.80623516469595
3010337,188.6452983025811
3010338,3855.7587780122813
3010339,0.0
3010340,18.380732594737538
3010341,44.12943076001716
3010342,44.0854079164489
3010343,18.380732594737538
3010344,475.2757971321863
3010345,20.476625745665388
3010346,21.195201106963793
3010347,21.195201106963793
3010348,299.5035936721197
3010349,18.380732594737538
3010350,298.90582937602267
3010351,433.9539002813413
3010352,19.099307956035943
3010353,21.195201106963793
3010354,323.6681110579485
3010355,132.2252467433934
3010356,2943.6485120997004
3010357,18.380732594737538
3010358,0.0
3010359,5.888001572945711
3010360,3.7921084220178614
3010361,0.0
3010362,2092.2635335309596
3010363,3.7921084220178614
3010364,158.1410547262138
3010365,0.0
3010366,723.2966822387243
3010367,377.3396685683905
3010368,127.07001446163329
3010369,71.16426207377089
3010370,12.135962622776901
3010371,2109.9605733604008
3010372,0.0
3010373,3.7921084220178614
3010374,0.9973882723030556
3010375,0.0
3010376,3.7921084220178614
3010377,228.85350878245143
3010378,5.888001572945711
3010379,6.606576934244117
3010380,6.606576934244117
3010381,15.515374726278992
3010382,4.510683783316267
3010383,112.06127277594592
3010384,79.9202848474639
3010385,3.7921084220178614
3010386,6.606576934244117
3010387,109.2613359954482
3010388,0.0
3010389,1425.0115084867703
3010390,3.7921084220178614
3010391,0.0
3010392,18.25421221080444
3010393,16.15831905987659
3010394,16.15831905987659
3010395,844.4767888110098
3010396,16.15831905987659
3010397,151.73641078457467
3010398,6.93393451261727
3010399,300.19102792304375
3010400,401.2781003698335
3010401,13.788313229629296
3010402,68.9809306248203
3010403,11.109261882602652
3010404,1533.0829019067494
3010405,0.0
3010406,16.15831905987659
3010407,11.57654495924919
3010408,11.532522115680933
3010409,16.15831905987659
3010410,28.04068706102447
3010411,18.25421221080444
3010412,18.972787572102845
3010413,18.972787572102845
3010414,11.455865181583704
3010415,16.15831905987659
3010416,51.179391736577486
3010417,0.0
3010418,16.876894421174995
3010419,18.972787572102845
3010420,68.50993453613717
3010421,0.0
3010422,1001.272413891631
3010423,16.15831905987659
3010424,8.803928728461813
3010425,0.0
3010426,0.0
3010427,4.250343353762105
3010428,2647.576404302184
3010429,0.0
3010430,436.3465676069487
3010431,2.6095938482431507
3010432,907.4372099077643
3010433,1145.0616817404496
3010434,210.45984057057237
3010435,202.7030040469439
3010436,112.79506316902913
3010437,3147.948567482811
3010438,0.0
3010439,0.0
3010440,13.57414567639961
3010441,21.928201518464448
3010442,0.0
3010443,298.7045955349929
3010444,0.0
3010445,1.085867708051694
3010446,0.0
3010447,245.4620696376287
3010448,0.0
3010449,239.5697977250339
3010450,309.9064197868592
3010451,0.0
3010452,0.0
3010453,252.9722449808723
3010454,72.72929393420594
3010455,2395.488187507582
3010456,0.0
3010457,0.0
3010458,27.02710540585474
3010459,24.93121225492689
3010460,24.93121225492689
3010461,3034.575142386915
3010462,24.93121225492689
3010463,439.2096915613037
3010464,29.269406907344546
3010465,1610.8228145183891
3010466,927.1583080711152
3010467,316.5947587614349
3010468,426.66094936754126
3010469,106.87129400665029
3010470,4108.461467078978
3010471,29.313429750912803
3010472,24.93121225492689
3010473,42.513309838730606
3010474,37.3680455556767
3010475,24.93121225492689
3010476,368.5357532056562
3010477,27.02710540585474
3010478,27.745680767153146
3010479,27.745680767153146
3010480,90.9103845642939
3010481,24.93121225492689
3010482,199.7370957003138
3010483,321.2549375500505
3010484,25.649787616225296
3010485,27.745680767153146
3010486,183.2620614651146
3010487,74.57521324551499
3010488,958.6337950351065
3010489,24.93121225492689
3010490,29.269406907344546
3010491,7.284120769847675
3010492,5.188227618919825
3010493,5.188227618919825
3010494,2566.9974533405443
3010495,5.188227618919825
3010496,500.5001709763668
3010497,7.739368320424944
3010498,1440.7881845190927
3010499,908.4786502529033
3010500,468.51768301753475
3010501,420.3126133492097
3010502,113.71056511045003
3010503,3711.262552195371
3010504,7.783391163993201
3010505,5.188227618919825
3010506,52.18091594421554
3010507,23.279478374788653
3010508,5.188227618919825
3010509,396.65315279400045
3010510,7.284120769847675
3010511,8.002696131146081
3010512,8.002696131146081
3010513,138.85690072219631
3010514,5.188227618919825
3010515,191.32149724354778
3010516,400.8041227297256
3010517,5.906802980218231
3010518,8.002696131146081
3010519,204.75727398162704
3010520,58.265647124624934
3010521,800.7503649045101
3010522,5.188227618919825
3010523,7.739368320424944
3010524,43.987104090322475
3010525,38.144487966415795
3010526,41.24748988339377
3010527,7574.035075114081
3010528,38.144487966415795
3010529,967.2358884940929
3010530,48.99042683356794
3010531,1743.5115510926794
3010532,2112.2419332456366
3010533,526.4692078995854
3010534,616.3119001653242
3010535,318.63886670276145
3010536,7166.408946718087
3010537,0.0
3010538,38.144487966415795
3010539,41.586101534638544
3010540,72.45777244709717
3010541,38.144487966415795
3010542,715.0472451895307
3010543,47.46670069337648
3010544,187.61415787105756
3010545,0.0
3010546,219.8380779481788
3010547,40.3206000396209
3010548,965.0176719062772
3010549,346.48528901343275
3010550,40.3206000396209
3010551,47.46670069337648
3010552,884.3510739464203
3010553,275.5469447840749
3010554,6887.331975280416
3010555,40.3206000396209
3010556,0.0
3010557,0.0
3010558,0.0
3010559,0.0
3010560,1283.7027931424705
3010561,0.0
3010562,257.4022231950988
3010563,0.0
3010564,463.24432406886183
3010565,232.83654923978054
3010566,166.6512112205232
3010567,154.3726374222208
3010568,29.504917578024788
3010569,2060.619357917424
3010570,0.0
3010571,0.0
3010572,0.0
3010573,0.0
3010574,0.0
3010575,230.398489664053
3010576,0.0
3010577,0.0
3010578,0.0
3010579,22.553895539907273
3010580,0.0
3010581,91.46960406225014
3010582,95.59092662762595
3010583,0.0
3010584,0.0
3010585,108.80014686180976
3010586,0.0
3010587,288.3072972570992
3010588,0.0
3010589,0.0
3010590,22.303173413000252
3010591,19.488704900773996
3010592,19.488704900773996
3010593,2858.471802835642
3010594,19.488704900773996
3010595,477.6861941134939
3010596,23.82689955319171
3010597,1670.0837820133838
3010598,768.9337825911286
3010599,374.95711997102705
3010600,363.9187940368595
3010601,124.64251581808824
3010602,4012.8483134842404
3010603,23.870922396759966
3010604,19.488704900773996
3010605,30.425497186891334
3010606,35.482715782808725
3010607,19.488704900773996
3010608,328.14079646651896
3010609,21.584598051701846
3010610,21.584598051701846
3010611,25.782770016054258
3010612,40.79199074900259
3010613,19.488704900773996
3010614,229.54576211623154
3010615,357.150594726165
3010616,19.488704900773996
3010617,22.303173413000252
3010618,231.3082226517294
3010619,69.05650894714427
3010620,719.4261072259767
3010621,19.488704900773996
3010622,23.108324191893303
3010623,0.7411172586249108
3010624,0.0
3010625,0.0
3010626,1225.2204041798386
3010627,0.0
3010628,251.3797849447747
3010629,0.0
3010630,460.614919697176
3010631,282.03770993254915
3010632,140.14556410920616
3010633,124.9489581821253
3010634,25.24660965291008
3010635,2054.8285610389235
3010636,0.0
3010637,0.0
3010638,0.0
3010639,0.0
3010640,0.0
3010641,142.39012296307274
3010642,0.7411172586249108
3010643,1.4596926199233167
3010644,1.4596926199233167
3010645,45.15946418097286
3010646,0.0
3010647,66.8760652753275
3010648,94.32065492488812
3010649,0.0
3010650,1.4596926199233167
3010651,84.20660807488707
3010652,55.25726974718441
3010653,359.48397128021224
3010654,0.0
3010655,0.0
3010656,15.363159196348931
3010657,12.548690684122676
3010658,12.548690684122676
3010659,2362.9412216867877
3010660,12.548690684122676
3010661,426.5851841293008
3010662,16.886885336540388
3010663,1245.6287355536879
3010664,616.1683396962575
3010665,297.53580972237705
3010666,367.69045985269656
3010667,106.39903647949208
3010668,3661.7190179714457
3010669,16.930908180108645
3010670,12.548690684122676
3010671,27.22828162364266
3010672,19.915793800975337
3010673,12.548690684122676
3010674,420.00001390223565
3010675,14.644583835050526
3010676,14.644583835050526
3010677,18.842755799402937
3010678,49.13899585943125
3010679,12.548690684122676
3010680,180.56027648992998
3010681,285.9233295909049
3010682,12.548690684122676
3010683,15.363159196348931
3010684,186.8508964720531
3010685,54.51942110757602
3010686,661.542053956968
3010687,12.548690684122676
3010688,16.168309975241982
3010689,10.62020956949874
3010690,8.52431641857089
3010691,8.52431641857089
3010692,2496.679225194463
3010693,8.52431641857089
3010694,394.6229612267882
3010695,12.862511070988603
3010696,1470.0302800465934
3010697,724.2170697784194
3010698,364.37828385577563
3010699,362.975484927132
3010700,89.94536971933024
3010701,3985.9242400718445
3010702,12.90653391455686
3010703,8.52431641857089
3010704,30.523891006274084
3010705,29.748968920871448
3010706,8.52431641857089
3010707,296.59688966219085
3010708,10.62020956949874
3010709,11.338784930797146
3010710,11.338784930797146
3010711,37.674944770582215
3010712,8.52431641857089
3010713,182.018669106116
3010714,277.58894713503474
3010715,9.242891779869296
3010716,11.338784930797146
3010717,196.08783922934006
3010718,17.291318134510732
3010719,619.1728448684585
3010720,8.52431641857089
3010721,12.862511070988603
3010722,8.486784070528302
3010723,6.3908909196004515
3010724,6.3908909196004515
3010725,1682.6227331998284
3010726,6.3908909196004515
3010727,256.0590539550434
3010728,0.0
3010729,760.112140101405
3010730,223.91386646784952
3010731,108.149199178544
3010732,101.51027036299246
3010733,15.174209649345926
3010734,2349.6425231828075
3010735,0.0
3010736,6.3908909196004515
3010737,0.0
3010738,0.0
3010739,6.3908909196004515
3010740,186.12907907668122
3010741,8.486784070528302
3010742,9.205359431826707
3010743,9.205359431826707
3010744,50.37549857990683
3010745,6.3908909196004515
3010746,72.50655416611875
3010747,118.25363711274224
3010748,7.109466280898857
3010749,9.205359431826707
3010750,78.79717414824194
3010751,12.82954896902487
3010752,302.593782692328
3010753,6.3908909196004515
3010754,0.0
3010755,19.877784743042582
3010756,17.781891592114732
3010757,17.781891592114732
3010758,2680.540718414385
3010759,17.781891592114732
3010760,440.6235272110185
3010761,8.5575070448553
3010762,1448.3972180387825
3010763,763.3814719066729
3010764,487.51378071817646
3010765,414.62132167277935
3010766,88.42846082701567
3010767,3721.792345937978
3010768,8.601529888423556
3010769,17.781891592114732
3010770,24.324819683453256
3010771,0.0
3010772,17.781891592114732
3010773,290.2820624722579
3010774,19.877784743042582
3010775,20.596360104340988
3010776,20.596360104340988
3010777,30.919395860745055
3010778,17.781891592114732
3010779,193.60097210840573
3010780,318.3473755454832
3010781,18.500466953413138
3010782,20.596360104340988
3010783,195.3634326439035
3010784,32.98354284119057
3010785,752.1284171560344
3010786,17.781891592114732
3010787,8.5575070448553
3010788,4.605699244109644
3010789,1.7912307318833882
3010790,6.408185450869212
3010791,2650.6942477070047
3010792,1.7912307318833882
3010793,462.9362686619269
3010794,6.129425384301101
3010795,931.1473840321906
3010796,827.1523714204591
3010797,298.08019484743767
3010798,180.16169411437912
3010799,163.59018378368248
3010800,3316.696684742714
3010801,0.0
3010802,1.7912307318833882
3010803,10.77203583093302
3010804,24.08604361557144
3010805,1.7912307318833882
3010806,467.52819380545077
3010807,8.08529584716365
3010808,8.08529584716365
3010809,4.605699244109644
3010810,94.45335138845104
3010811,2.509806093181794
3010812,264.9612829723892
3010813,297.1737503289504
3010814,2.509806093181794
3010815,4.605699244109644
3010816,274.69478930179173
3010817,105.15218749880282
3010818,2540.5716682415245
3010819,1.7912307318833882
3010820,0.0
3010821,13.045375409610756
3010822,10.2309068973845
3010823,16.39018258144438
3010824,2009.5346032053676
3010825,10.2309068973845
3010826,327.45663438375635
3010827,18.04869815285622
3010828,844.5750323145926
3010829,733.1751558738285
3010830,101.34743658405301
3010831,111.57286156632213
3010832,80.48318163783381
3010833,3005.4311791162736
3010834,0.0
3010835,10.2309068973845
3010836,47.94399064277252
3010837,38.278861492633325
3010838,10.2309068973845
3010839,291.54994434024974
3010840,16.52497201266476
3010841,13.045375409610756
3010842,16.52497201266476
3010843,122.26505103399583
3010844,10.949482258682906
3010845,198.81910740143755
3010846,186.48847971924167
3010847,10.949482258682906
3010848,13.045375409610756
3010849,206.10595675373472
3010850,37.76607429217415
3010851,1855.5075115849438
3010852,10.2309068973845
3010853,0.0
3010854,6.890284822797298
3010855,4.075816310571042
3010856,4.075816310571042
3010857,2859.206993237392
3010858,4.075816310571042
3010859,565.9559638718491
3010860,8.414010962988755
3010861,1593.938567833307
3010862,1083.9612810970698
3010863,460.26873118469314
3010864,575.2451233846226
3010865,121.91791445342758
3010866,4604.900544789983
3010867,0.0
3010868,4.075816310571042
3010869,26.075390898274236
3010870,29.652781540949206
3010871,4.075816310571042
3010872,297.6901745905078
3010873,10.369881425851304
3010874,10.369881425851304
3010875,21.41686900093606
3010876,0.0
3010877,4.794391671869448
3010878,215.1478445489893
3010879,433.07124285953904
3010880,4.794391671869448
3010881,6.890284822797298
3010882,228.58362128706844
3010883,65.6985141973388
3010884,1389.3652681327671
3010885,85.23543493816345
3010886,11.89360756604276
3010887,27.305413948964485
3010888,24.49094543673823
3010889,45.16142409409821
3010890,2669.0893156955835
3010891,24.49094543673823
3010892,379.48496304899516
3010893,32.30873669220989
3010894,838.8887934644454
3010895,874.8217924576504
3010896,179.57281482720535
3010897,261.5688183967893
3010898,181.74203294172074
3010899,3380.2989126276543
3010900,0.0
3010901,24.49094543673823
3010902,33.471750535787805
3010903,33.42772769221955
3010904,24.49094543673823
3010905,208.26592951329735
3010906,30.78501055201849
3010907,30.78501055201849
3010908,27.305413948964485
3010909,220.47703787343343
3010910,25.209520798036635
3010911,291.66413022474705
3010912,251.35064950754165
3010913,25.209520798036635
3010914,30.78501055201849
3010915,308.9946730243067
3010916,144.73591604606113
3010917,2021.5932830098677
3010918,25.209520798036635
3010919,0.0
3010920,14.242423907812281
3010921,12.146530756884431
3010922,12.146530756884431
3010923,2717.6799663577153
3010924,12.146530756884431
3010925,418.521291850862
3010926,16.484725409302143
3010927,1599.1388275923268
3010928,652.6212573555556
3010929,355.2909288840417
3010930,350.08088872008835
3010931,110.78536565867071
3010932,4612.896268422488
3010933,20.008344855924406
3010934,12.146530756884431
3010935,21.981348112029707
3010936,23.343739790385257
3010937,12.146530756884431
3010938,408.2968531024273
3010939,14.960999269110687
3010940,14.960999269110687
3010941,14.960999269110687
3010942,47.56170253091926
3010943,12.865106118182837
3010944,185.57999905425348
3010945,314.2572068068698
3010946,12.865106118182837
3010947,14.960999269110687
3010948,173.8370539501374
3010949,58.905750286754596
3010950,690.502804287044
3010951,12.146530756884431
3010952,16.484725409302143
3010953,3.3033424609870963
3010954,1.2074493100592463
3010955,5.2164260288390665
3010956,2127.7078294370426
3010957,1.2074493100592463
3010958,316.20175235966735
3010959,5.545643962476959
3010960,790.566609160281
3010961,792.4079258677255
3010962,66.00054088787772
3010963,156.604065039873
3010964,97.57576558887934
3010965,3060.6157933850122
3010966,0.0
3010967,1.2074493100592463
3010968,17.7321136783263
3010969,37.444786607897356
3010970,1.2074493100592463
3010971,238.08421894262457
3010972,4.021917822285502
3010973,4.021917822285502
3010974,4.021917822285502
3010975,14.389293264033938
3010976,1.926024671357652
3010977,202.40291009449723
3010978,216.72366708748334
3010979,1.926024671357652
3010980,0.39044854641417714
3010981,194.70113896155047
3010982,40.40455607428942
3010983,1924.1701853597197
3010984,1.2074493100592463
3010985,0.0
3010986,13.442429766361784
3010987,10.627961254135528
3010988,20.354636440152433
3010989,2238.8188672557253
3010990,10.627961254135528
3010991,548.3535343221946
3010992,13.17910195564059
3010993,716.1547356053909
3010994,705.468549194754
3010995,379.36098737053385
3010996,140.1503801455286
3010997,104.70168405851237
3010998,2810.7179234653167
3010999,25.7359913694321
3011000,10.627961254135528
3011001,17.82171240227251
3011002,22.67543459887304
3011003,10.627961254135528
3011004,450.4648445378818
3011005,16.92202636941579
3011006,16.92202636941579
3011007,0.0
3011008,173.10597635300726
3011009,11.346536615433934
3011010,164.84500681136768
3011011,423.42750059606533
3011012,11.346536615433934
3011013,13.442429766361784
3011014,178.24745406720606
3011015,46.89708115877778
3011016,1867.2298101269216
3011017,10.627961254135528
3011018,17.731767812539545
3011019,11.010095826034046
3011020,8.19562731380779
3011021,7.630642107855806
3011022,3848.310300149581
3011023,8.19562731380779
3011024,463.0973229725699
3011025,0.7582967174610644
3011026,1407.4171348050459
3011027,918.0051935886054
3011028,445.2606787552387
3011029,452.7993750851824
3011030,79.7336472114859
3011031,4020.4169023494846
3011032,0.8023195610293214
3011033,8.19562731380779
3011034,5.491095771338166
3011035,5.447072927769909
3011036,8.19562731380779
3011037,393.08426491700214
3011038,10.29152046473564
3011039,10.29152046473564
3011040,11.010095826034046
3011041,126.13600268170123
3011042,8.19562731380779
3011043,186.06278920165167
3011044,350.3944883814064
3011045,8.19562731380779
3011046,10.29152046473564
3011047,187.82524973714945
3011048,24.94014264741969
3011049,575.056057158221
3011050,8.19562731380779
3011051,0.039721356162658594
3011052,214.02811361726486
3011053,24.279723341972385
3011054,16.742281806439053
3011055,8628.25488125294
3011056,24.279723341972385
3011057,1123.9001602562796
3011058,35.12566220912453
3011059,2244.0714966059304
3011060,2447.6417269818994
3011061,728.2873697921821
3011062,666.8687416555074
3011063,322.360492784213
3011064,8772.711873193204
3011065,0.0
3011066,24.279723341972385
3011067,22.63486619657874
3011068,61.522554123355064
3011069,24.279723341972385
3011070,732.9986541717731
3011071,86.0421423031051
3011072,33.60193606893307
3011073,232.50141296781212
3011074,363.22328386206163
3011075,26.45583541517749
3011076,1033.0215885128734
3011077,630.5290714107351
3011078,26.45583541517749
3011079,24.454895368715086
3011080,952.3549905530169
3011081,291.36317641188185
3011082,7476.711722857495
3011083,340.2087698629322
3011084,0.0
3011085,13.112310705694995
3011086,10.812794950005014
3011087,28.319641045042943
3011088,7979.41736604195
3011089,10.812794950005014
3011090,1278.0344414214105
3011091,21.658733817157156
3011092,2165.0160530881967
3011093,2356.19582271517
3011094,694.4158675696012
3011095,634.7958894896228
3011096,290.28764061832914
3011097,9382.984647569034
3011098,0.0
3011099,10.812794950005014
3011100,7.043428830142602
3011101,51.752126474002694
3011102,10.812794950005014
3011103,978.249876270775
3011104,73.32407090981286
3011105,20.1350076769657
3011106,170.69322922916493
3011107,120.97382274342533
3011108,12.988907023210118
3011109,1000.9487363469892
3011110,706.1519339598526
3011111,12.988907023210118
3011112,20.1350076769657
3011113,921.686935246593
3011114,260.6951211054586
3011115,5776.016688880643
3011116,468.62643653251956
3011117,0.0
3011118,19.68549539669334
3011119,20.414127252683784
3011120,59.69111940459533
3011121,5093.961211313349
3011122,20.414127252683784
3011123,713.838836451413
3011124,29.703187601887635
3011125,1846.4555039355341
3011126,1919.3469153816973
3011127,547.192973599808
3011128,283.46892854218436
3011129,188.34987949300637
3011130,7045.570792453205
3011131,0.0
3011132,20.414127252683784
3011133,21.822812323581672
3011134,100.99730990239169
3011135,20.414127252683784
3011136,566.1597918062622
3011137,115.01203028737936
3011138,28.179461461696178
3011139,62.40583460931583
3011140,173.56196369378551
3011141,21.13270261398219
3011142,700.3754003804827
3011143,611.4547069629117
3011144,21.13270261398219
3011145,77.69062910385776
3011146,552.1039608763956
3011147,142.99763713884005
3011148,2710.6345835688767
3011149,114.05640535201812
3011150,0.0
3011151,201.5807605595108
3011152,43.9402780948252
3011153,86.42267747711225
3011154,6829.451410548483
3011155,43.9402780948252
3011156,1007.5560418349158
3011157,56.25748605570948
3011158,2028.4045113605755
3011159,2009.3247854258832
3011160,408.4273989107798
3011161,524.5690335129307
3011162,195.82050748293216
3011163,8804.002366103165
3011164,0.0
3011165,43.9402780948252
3011166,88.47602454077213
3011167,117.29874837314827
3011168,43.9402780948252
3011169,828.9705999791354
3011170,111.29260260543063
3011171,54.73375991551802
3011172,64.11423473069505
3011173,278.65978881639273
3011174,46.11639016803031
3011175,941.4755053512284
3011176,477.6389429222046
3011177,46.11639016803031
3011178,54.73375991551802
3011179,862.213704250833
3011180,150.46826512876567
3011181,5056.5865511279235
3011182,427.7100636025888
3011183,0.0
3011184,8.5107058493478
3011185,7.181290725300187
3011186,46.45828287721173
3011187,4124.0935540405335
3011188,7.181290725300187
3011189,716.666907940637
3011190,16.470351074504038
3011191,1668.9793672530395
3011192,1499.3006107654764
3011193,523.2892254220656
3011194,253.32168080145647
3011195,158.20263175227845
3011196,6828.7386804020625
3011197,0.0
3011198,7.181290725300187
3011199,58.52072233418119
3011200,87.7644733750081
3011201,7.181290725300187
3011202,534.509269350742
3011203,75.5122944207406
3011204,14.946624934312581
3011205,49.172998081932235
3011206,3.870881115979614
3011207,7.899866086598593
3011208,670.2281526397546
3011209,578.5220189867896
3011210,7.899866086598593
3011211,14.946624934312581
3011212,590.9663515393588
3011213,112.85038939811201
3011214,2125.8095582708356
3011215,104.43022588030124
3011216,0.0
3011217,54.96834845328249
3011218,53.638933329234874
3011219,46.01214306064054
3011220,5846.3693459444185
3011221,53.638933329234874
3011222,1052.0600897680206
3011223,61.45672458470659
3011224,1998.1142910976737
3011225,1977.716417620235
3011226,853.0547875043212
3011227,371.5232649015467
3011228,260.6444930110732
3011229,7649.185180318978
3011230,0.0
3011231,53.638933329234874
3011232,56.84340871347581
3011233,95.77434303226812
3011234,53.638933329234874
3011235,889.9630200250698
3011236,77.42153381091532
3011237,59.932998444515135
3011238,56.45340184146113
3011239,514.0752064290992
3011240,54.35750869053328
3011241,737.6761117589131
3011242,857.2640836099008
3011243,54.35750869053328
3011244,59.932998444515135
3011245,658.4143106585173
3011246,231.05197349820247
3011247,5134.435358668012
3011248,294.93451441659573
3011249,0.0
3011250,7.686144483279975
3011251,4.871675971053719
3011252,22.2081274832517
3011253,1864.6192402333647
3011254,4.871675971053719
3011255,274.5864173669378
3011256,9.209870623471431
3011257,692.4070419076172
3011258,548.1659549765521
3011259,90.45284786053014
3011260,153.3323404023993
3011261,86.55397454165467
3011262,2937.072357247772
3011263,0.0
3011264,4.871675971053719
3011265,15.929728107456867
3011266,33.56515399967441
3011267,4.871675971053719
3011268,293.6212035618934
3011269,7.686144483279975
3011270,6.967569121981569
3011271,0.0
3011272,74.46473860618858
3011273,4.871675971053719
3011274,178.12908854860225
3011275,210.34397738877735
3011276,4.871675971053719
3011277,7.686144483279975
3011278,191.42941432407676
3011279,28.74937164191988
3011280,1794.439966376576
3011281,4.871675971053719
3011282,0.0
3011283,13.54465911852526
3011284,10.730190606299004
3011285,38.53505741063918
3011286,3755.2501234552306
3011287,10.730190606299004
3011288,534.925154401942
3011289,20.019250955502855
3011290,1387.962663097132
3011291,1099.4518399724655
3011292,342.1801215410286
3011293,105.70583185633635
3011294,13.334800436410319
3011295,5427.646009202246
3011296,0.0
3011297,10.730190606299004
3011298,25.2209020639836
3011299,63.22183038815149
3011300,10.730190606299004
3011301,526.1555891685483
3011302,111.18176513187535
3011303,12.826083757226854
3011304,13.54465911852526
3011305,107.24711850303126
3011306,11.44876596759741
3011307,406.70473523357293
3011308,432.5410249134405
3011309,11.44876596759741
3011310,13.54465911852526
3011311,471.3561383576902
3011312,0.0
3011313,1876.880792749426
3011314,40.2752671820935
3011315,0.0
3011316,21.611152279989483
3011317,19.515259129061633
3011318,31.050535609106362
3011319,4316.2292200567235
3011320,19.515259129061633
3011321,628.0551264321314
3011322,23.853453781479345
3011323,1653.3813480565889
3011324,1498.9017167169943
3011325,404.05669336173366
3011326,429.74841723936504
3011327,206.20032004338285
3011328,5413.336497601444
3011329,0.0
3011330,19.515259129061633
3011331,31.760832693688542
3011332,71.73989985189803
3011333,19.515259129061633
3011334,688.5455828292727
3011335,21.611152279989483
3011336,22.32972764128789
3011337,22.32972764128789
3011338,119.66118768608797
3011339,19.515259129061633
3011340,710.4832269532712
3011341,477.80148845920814
3011342,20.23383449036004
3011343,22.32972764128789
3011344,571.1390201661034
3011345,143.76372246129156
3011346,4171.248494104888
3011347,19.515259129061633
3011348,0.0
3011349,67.32664329788008
3011350,64.51217478565383
3011351,0.0
3011352,2614.631209952952
3011353,64.51217478565383
3011354,922.9357083339265
3011355,55.28779023839445
3011356,1371.4294089220975
3011357,1676.4420077085463
3011358,709.8145017246055
3011359,120.64871520392964
3011360,42.09439348947717
3011361,5229.3068904142665
3011362,64.06119958895505
3011363,64.51217478565383
3011364,0.0
3011365,0.0
3011366,64.51217478565383
3011367,609.174811325186
3011368,66.60806793658168
3011369,66.60806793658168
3011370,66.60806793658168
3011371,333.30376504408895
3011372,64.51217478565383
3011373,154.01635234754085
3011374,825.2706236872632
3011375,64.51217478565383
3011376,66.60806793658168
3011377,161.07837580397972
3011378,20.382742961701297
3011379,3458.6965711852627
3011380,64.51217478565383
3011381,61.95624906691478
3011382,11.920679845718837
3011383,9.106211333492581
3011384,37.02095835855903
3011385,1922.3810264734418
3011386,9.106211333492581
3011387,413.6658465218848
3011388,11.657352034997587
3011389,884.3947611234008
3011390,814.1364887173361
3011391,230.1174072374173
3011392,198.6856844260195
3011393,164.43970768043144
3011394,2633.2522560251955
3011395,0.8899451174046362
3011396,9.106211333492581
3011397,12.820365878575501
3011398,33.12375110302298
3011399,9.106211333492581
3011400,215.51557492987573
3011401,11.202104484420431
3011402,11.202104484420431
3011403,11.202104484420431
3011404,126.34421595650386
3011405,9.106211333492581
3011406,295.23815446157573
3011407,361.8634696926255
3011408,9.106211333492581
3011409,11.202104484420431
3011410,238.18755520715766
3011411,108.03990164015784
3011412,1638.878338709107
3011413,9.106211333492581
3011414,10.795989145359556
3011415,8.69301121531879
3011416,5.878542703092535
3011417,0.0
3011418,2148.511042902598
3011419,5.878542703092535
3011420,322.6324302852697
3011421,0.0
3011422,1001.4756896080489
3011423,390.55188507329177
3011424,188.4803616027635
3011425,183.05694396128345
3011426,114.35008517675058
3011427,3143.400635563404
3011428,0.0
3011429,5.878542703092535
3011430,0.0
3011431,0.0
3011432,5.878542703092535
3011433,263.79813282527624
3011434,7.974435854020385
3011435,7.974435854020385
3011436,7.974435854020385
3011437,43.339690253748756
3011438,5.878542703092535
3011439,139.36103253493837
3011440,196.06326296049116
3011441,5.878542703092535
3011442,7.974435854020385
3011443,145.01825913191658
3011444,12.686783767439351
3011445,244.07451330475695
3011446,5.878542703092535
3011447,0.0
3011448,19.93660231007243
3011449,17.122133797846175
3011450,27.142994751150695
3011451,2671.967222855993
3011452,17.122133797846175
3011453,415.76390307412885
3011454,26.411194147050082
3011455,934.0690965610073
3011456,893.777841676573
3011457,198.5636067294504
3011458,171.53266931584014
3011459,134.73199893735173
3011460,4383.697134734801
3011461,0.0
3011462,17.122133797846175
3011463,54.55804878695858
3011464,65.70282258549821
3011465,17.122133797846175
3011466,237.85990975018768
3011467,24.88746800685857
3011468,24.88746800685857
3011469,66.97673857976338
3011470,22.716884544185348
3011471,17.84070915914458
3011472,303.157787611061
3011473,247.85047053209516
3011474,17.84070915914458
3011475,24.88746800685857
3011476,327.5529670494854
3011477,99.13067890115292
3011478,2448.897035099943
3011479,17.84070915914458
3011480,0.0
3011481,16.382052979399703
3011482,13.567584467173447
3011483,28.203614994339603
3011484,4216.358029399351
3011485,13.567584467173447
3011486,570.5276543819317
3011487,21.385375722645165
3011488,1166.0810303852695
3011489,1613.9420913901367
3011490,353.96573975213647
3011491,386.94076984142765
3011492,174.84262793563343
3011493,3687.8582741615282
3011494,0.0
3011495,13.567584467173447
3011496,35.397880908532954
3011497,66.7086665696749
3011498,13.567584467173447
3011499,471.53000822939197
3011500,19.86164958245371
3011501,24.706423166828415
3011502,16.382052979399703
3011503,195.80966652963988
3011504,14.286159828471853
3011505,571.4692436945371
3011506,336.46598721688997
3011507,14.286159828471853
3011508,19.86164958245371
3011509,490.8026457346802
3011510,131.75070601694617
3011511,4495.331582870778
3011512,14.286159828471853
3011513,0.0
3011514,31.486082056760893
3011515,28.671613544534637
3011516,43.30764407170079
3011517,4638.925575545315
3011518,28.671613544534637
3011519,689.5087750662054
3011520,36.489404800006355
3011521,1386.8763777121535
3011522,1677.0296362472827
3011523,468.66520013987196
3011524,298.21600727994695
3011525,234.1724507982045
3011526,4636.414680169197
3011527,0.0
3011528,28.671613544534637
3011529,53.57602000996434
3011530,60.26692687510467
3011531,28.671613544534637
3011532,522.7513075800186
3011533,34.9656786598149
3011534,34.9656786598149
3011535,0.0
3011536,234.2665386256286
3011537,29.390188905833043
3011538,646.9217790209
3011539,490.229708974288
3011540,29.390188905833043
3011541,34.9656786598149
3011542,566.2551810610432
3011543,191.0805288795175
3011544,4176.124775910486
3011545,29.390188905833043
3011546,0.0
3011547,11.320835942599729
3011548,8.506367430373473
3011549,25.101493018897656
3011550,3761.5860375495804
3011551,8.506367430373473
3011552,558.4349418209142
3011553,16.32415868584519
3011554,1694.2344046133373
3011555,962.40445845658
3011556,565.1444765422176
3011557,609.6774917483164
3011558,153.7186205062844
3011559,6140.2055990516965
3011560,3.585734314411752
3011561,8.506367430373473
3011562,33.27346856509786
3011563,31.680249179078885
3011564,8.506367430373473
3011565,273.40399635886104
3011566,14.800432545653734
3011567,14.800432545653734
3011568,27.816208223618162
3011569,106.60358493503426
3011570,9.224942791671879
3011571,270.43272196918605
3011572,458.7466435646567
3011573,9.224942791671879
3011574,14.800432545653734
3011575,283.86849870726525
3011576,119.57776332039927
3011577,1260.0471015487255
3011578,92.21658324610934
3011579,8.386485055218202
3011580,16.95473317563824
3011581,14.140264663411983
3011582,14.85884002471039
3011583,1772.89050132813
3011584,14.140264663411983
3011585,374.8166581015683
3011586,23.42932501261589
3011587,626.0846526657224
3011588,637.0517773945563
3011589,170.85428284231838
3011590,188.77293185136338
3011591,108.94614639629472
3011592,2341.78132349935
3011593,0.0
3011594,14.140264663411983
3011595,24.592338856193805
3011596,62.72095345106402
3011597,14.140264663411983
3011598,225.0994529853782
3011599,21.905598872424378
3011600,21.905598872424378
3011601,16.95473317563824
3011602,7.056669584910765
3011603,14.85884002471039
3011604,269.6218686602531
3011605,230.7101840555429
3011606,14.85884002471039
3011607,43.64440526171876
3011608,208.86388931050973
3011609,73.34482636009568
3011610,1816.1017769887028
3011611,14.85884002471039
3011612,0.0
3011613,0.0
3011614,0.0
3011615,0.0
3011616,988.5750269203977
3011617,0.0
3011618,268.4702921894323
3011619,0.0
3011620,482.6121060530267
3011621,363.1769129718866
3011622,252.04837390207138
3011623,67.75024393386519
3011624,7.501025918233893
3011625,2068.6322338786545
3011626,0.0
3011627,0.0
3011628,0.0
3011629,0.7207788770507477
3011630,0.0
3011631,211.92563766950835
3011632,1.25317511786875
3011633,1.25317511786875
3011634,0.0
3011635,15.389742138351892
3011636,0.0
3011637,90.30421973121554
3011638,211.02593236596536
3011639,0.0
3011640,1.25317511786875
3011641,115.56442778264486
3011642,47.43148200209015
3011643,378.8480395847581
3011644,0.5620010091658969
3011645,0.0
3011646,9.554100497298919
3011647,6.739631985072663
3011648,23.334757573596846
3011649,3912.1879304668455
3011650,6.739631985072663
3011651,519.5891922960166
3011652,14.55742324054438
3011653,1383.781487192179
3011654,1102.7350533650822
3011655,427.9525377729092
3011656,183.60682116645623
3011657,109.3995346453527
3011658,5922.162383102237
3011659,6.663772453485649
3011660,6.739631985072663
3011661,39.79602039376266
3011662,32.20813828097698
3011663,6.739631985072663
3011664,263.4259131134833
3011665,9.554100497298919
3011666,26.04947277831735
3011667,13.033697100352924
3011668,0.0
3011669,7.4582073463710685
3011670,237.7869523108359
3011671,401.5159932011369
3011672,7.4582073463710685
3011673,13.033697100352924
3011674,239.54941284633367
3011675,75.25867745946749
3011676,1794.9689022433377
3011677,30.72481337960693
3011678,0.0
3011679,9.44792300464627
3011680,6.6334544924200145
3011681,6.6334544924200145
3011682,1922.9629085630197
3011683,6.6334544924200145
3011684,357.54559568021415
3011685,0.0
3011686,940.4209897253495
3011687,630.6570553231614
3011688,272.87285061942885
3011689,94.70034399445558
3011690,70.3061247957362
3011691,2757.940670925733
3011692,0.0
3011693,6.6334544924200145
3011694,0.0
3011695,3.4789266419563774
3011696,6.6334544924200145
3011697,253.09793728841564
3011698,8.729347643347865
3011699,8.729347643347865
3011700,56.65415938587586
3011701,23.199552501220353
3011702,6.6334544924200145
3011703,137.42480736414763
3011704,263.9107230830742
3011705,6.6334544924200145
3011706,8.729347643347865
3011707,144.48683082058656
3011708,21.423157339563488
3011709,277.1984071640579
3011710,53.8396908736496
3011711,0.0
3011712,9.44792300464627
3011713,6.6334544924200145
3011714,0.0
3011715,1795.9849601290075
3011716,6.6334544924200145
3011717,382.5316053177124
3011718,0.0
3011719,767.6909195253049
3011720,457.23974266248644
3011721,265.3369272395313
3011722,94.70034399445558
3011723,101.94606359645206
3011724,2683.9952419866295
3011725,0.0
3011726,6.6334544924200145
3011727,3.686214102229542
3011728,3.4789266419563774
3011729,6.6334544924200145
3011730,295.1608169151093
3011731,8.729347643347865
3011732,8.729347643347865
3011733,9.44792300464627
3011734,0.0
3011735,6.6334544924200145
3011736,136.7914139790027
3011737,311.11974388434317
3011738,6.6334544924200145
3011739,8.729347643347865
3011740,144.48683082058656
3011741,21.423157339563488
3011742,350.2860033350662
3011743,53.8396908736496
3011744,0.0
3011745,6.794905244343568
3011746,4.699012093415718
3011747,4.699012093415718
3011748,1757.4207918086972
3011749,4.699012093415718
3011750,324.02459291096335
3011751,0.0
3011752,892.8842115986148
3011753,480.02415386925435
3011754,231.22070572328641
3011755,90.6464446721451
3011756,70.59744474903994
3011757,2784.44349335141
3011758,0.0
3011759,4.699012093415718
3011760,0.2805026094931691
3011761,0.0732151492200046
3011762,4.699012093415718
3011763,261.10489699573185
3011764,6.794905244343568
3011765,6.794905244343568
3011766,7.513480605641973
3011767,29.49384595190196
3011768,4.699012093415718
3011769,145.39207814462262
3011770,232.62568996999852
3011771,4.699012093415718
3011772,6.794905244343568
3011773,151.04930474160082
3011774,18.71782937712385
3011775,723.8778179940059
3011776,13.874909458799948
3011777,0.0
3011778,8.311259390593875
3011779,6.215366239666025
3011780,6.215366239666025
3011781,1896.4837469876445
3011782,6.215366239666025
3011783,290.02685963926655
3011784,0.0
3011785,1074.8306440436036
3011786,411.92692539225635
3011787,225.934881470725
3011788,85.93735018944147
3011789,48.36964001897201
3011790,3080.6883139183155
3011791,0.0
3011792,6.215366239666025
3011793,5.055179800388316
3011794,21.9420380683967
3011795,6.215366239666025
3011796,288.38546919219823
3011797,9.029834751892281
3011798,8.311259390593875
3011799,9.029834751892281
3011800,0.0
3011801,6.215366239666025
3011802,123.12280572730461
3011803,228.72977193291516
3011804,6.215366239666025
3011805,8.311259390593875
3011806,130.8182225688885
3011807,0.0
3011808,1052.1863552852278
3011809,103.07435559425355
3011810,0.0
3011811,14.905402471119544
3011812,12.090933958893288
3011813,12.090933958893288
3011814,1710.5079953711338
3011815,12.090933958893288
3011816,303.75251602784624
3011817,2.866549411633912
3011818,736.164558648446
3011819,371.90968449342785
3011820,189.21499886496414
3011821,79.76205937859493
3011822,59.71305945548983
3011823,2281.469256955962
3011824,6.390168858256175
3011825,12.090933958893288
3011826,7.6724244749707395
3011827,0.0
3011828,12.090933958893288
3011829,278.2900599864192
3011830,14.905402471119544
3011831,14.186827109821138
3011832,14.905402471119544
3011833,3.8215279277159198
3011834,12.090933958893288
3011835,122.83437664849114
3011836,157.7733526940564
3011837,12.090933958893288
3011838,14.905402471119544
3011839,140.1649194480508
3011840,7.833444083573738
3011841,776.7476707012388
3011842,12.090933958893288
3011843,2.866549411633912
3011844,11.873915671419468
3011845,9.059447159193212
3011846,41.84619014663298
3011847,2718.7435089360474
3011848,9.059447159193212
3011849,505.08180613355546
3011850,16.877238414664987
3011851,1282.3688246073998
3011852,877.003693101412
3011853,420.63105748350716
3011854,258.7762395005134
3011855,127.2793763713943
3011856,3885.0081989044993
3011857,26.109387844897356
3011858,9.059447159193212
3011859,63.942156518095146
3011860,17.996229414674644
3011861,9.059447159193212
3011862,391.4653809391532
3011863,15.353512274473474
3011864,15.353512274473474
3011865,36.30163730290968
3011866,159.8726628899615
3011867,9.778022520491618
3011868,205.32097485704574
3011869,395.29944197441006
3011870,9.778022520491618
3011871,15.353512274473474
3011872,230.5811829084752
3011873,98.24970754399806
3011874,1905.249063064978
3011875,91.86854731499773
3011876,26.0653650013291
3011877,0.0
3011878,0.0
3011879,0.0
3011880,1875.2914216635909
3011881,0.0
3011882,49.68199175396637
3011883,0.0
3011884,290.0281413341336
3011885,515.2484943910148
3011886,0.0
3011887,0.0
3011888,0.0
3011889,2601.542567102592
3011890,0.0
3011891,0.0
3011892,0.0
3011893,0.0
3011894,0.0
3011895,219.28619441095276
3011896,0.0
3011897,109.42253657660902
3011898,109.92341527854794
3011899,0.0
3011900,0.0
3011901,0.0
3011902,0.0
3011903,0.0
3011904,0.0
3011905,0.0
3011906,0.0
3011907,2775.9643225118616
3011908,102.71804729477356
3011909,0.0
3011910,9.029834751892281
3011911,6.215366239666025
3011912,5.62795676362299
3011913,2269.475316946823
3011914,6.215366239666025
3011915,334.8826423009866
3011916,0.0
3011917,1012.7215413440659
3011918,440.44480288772615
3011919,201.92900174555334
3011920,86.57074357458634
3011921,48.36964001897201
3011922,3150.590430077234
3011923,0.0
3011924,6.215366239666025
3011925,5.055179800388316
3011926,4.847892340115152
3011927,6.215366239666025
3011928,288.38546919219823
3011929,9.029834751892281
3011930,8.311259390593875
3011931,9.029834751892281
3011932,0.0
3011933,6.215366239666025
3011934,123.75619911244948
3011935,219.12293678170883
3011936,6.215366239666025
3011937,8.311259390593875
3011938,130.8182225688885
3011939,0.0
3011940,491.4962540344454
3011941,103.07435559425355
3011942,0.0
3011943,14.281628302886418
3011944,11.467159790660162
3011945,37.60621349385764
3011946,2340.8774783885788
3011947,11.467159790660162
3011948,321.5904404243913
3011949,20.75622013986407
3011950,822.5071594603678
3011951,791.9365322251303
3011952,0.0
3011953,183.32910054723467
3011954,95.75224868241497
3011955,3656.706494939678
3011956,0.0
3011957,11.467159790660162
3011958,48.90307477977257
3011959,21.875211139873727
3011960,11.467159790660162
3011961,269.2166483739983
3011962,19.232493999672556
3011963,19.232493999672556
3011964,14.281628302886418
3011965,89.67477603906741
3011966,12.185735151958568
3011967,264.1780373561244
3011968,207.29051038368496
3011969,12.185735151958568
3011970,19.232493999672556
3011971,282.91337701514476
3011972,60.15092864621596
3011973,1788.0979177837996
3011974,12.185735151958568
3011975,0.0
3011976,14.006650810160465
3011977,11.19218229793421
3011978,21.23561723977855
3011979,3142.4038436992537
3011980,11.19218229793421
3011981,491.1487811282307
3011982,17.222919602493278
3011983,1028.7582989409023
3011984,779.6978670084142
3011985,410.9003770974619
3011986,169.63716504797264
3011987,59.23265720850492
3011988,4562.943031437604
3011989,0.0
3011990,11.19218229793421
3011991,29.327455897371237
3011992,28.321943996246034
3011993,11.19218229793421
3011994,313.7919199920476
3011995,17.48624741321447
3011996,73.83610602941116
3011997,4.914304920693553
3011998,2.5779103345898307
3011999,11.910757659232615
3012000,189.31667101839082
3012001,367.21470295155683
3012002,11.910757659232615
3012003,17.48624741321447
3012004,202.75244775647002
3012005,55.335428050714256
3012006,1133.054666408424
3012007,58.645372273493706
3012008,0.0
3012009,9.653104762646421
3012010,6.838636250420166
3012011,15.791007485258376
3012012,2665.7269212291017
3012013,6.838636250420166
3012014,471.240085455526
3012015,9.389776951925228
3012016,981.6224456558338
3012017,711.6833121762506
3012018,330.05212767309416
3012019,106.06981420463799
3012020,5.468035655396932
3012021,3585.2506736923738
3012022,12.91339639854749
3012023,6.838636250420166
3012024,23.639932446592525
3012025,28.697151042509915
3012026,6.838636250420166
3012027,277.6076987153059
3012028,9.653104762646421
3012029,9.500332713444095
3012030,9.653104762646421
3012031,59.5954734313965
3012032,6.838636250420166
3012033,109.89851256231364
3012034,365.2529009965529
3012035,6.838636250420166
3012036,10.218908074742501
3012037,123.33428930039284
3012038,0.0
3012039,1779.2097586324815
3012040,6.838636250420166
3012041,9.389776951925228
3012042,7.951581099258249
3012043,5.855687948330399
3012044,5.855687948330399
3012045,1458.211710527591
3012046,5.855687948330399
3012047,332.46007908303056
3012048,12.899888604481248
3012049,715.5386458933781
3012050,398.97949074441544
3012051,180.861456092563
3012052,69.27827595172664
3012053,54.023295617029305
3012054,2127.4280236279405
3012055,7.732276132105312
3012056,5.855687948330399
3012057,22.354490336679135
3012058,25.04625145920511
3012059,5.855687948330399
3012060,251.44131091000432
3012061,7.951581099258249
3012062,7.951581099258249
3012063,13.163216415202442
3012064,58.03200833822825
3012065,5.855687948330399
3012066,87.21028211585326
3012067,226.16819332439832
3012068,5.855687948330399
3012069,7.951581099258249
3012070,92.86750871283152
3012071,0.0
3012072,975.2739427497116
3012073,16.796652641656124
3012074,7.688253288537055
3012075,3.2587751155282376
3012076,0.4443066033019818
3012077,0.0
3012078,1373.1113292334126
3012079,0.4443066033019818
3012080,170.10704722174447
3012081,8.262097858773643
3012082,645.2410816126355
3012083,454.9182034304838
3012084,81.57288062116953
3012085,133.44162168099987
3012086,58.692433290786425
3012087,1885.4029181827934
3012088,0.0
3012089,0.4443066033019818
3012090,9.425111702351558
3012091,15.885312448075183
3012092,0.4443066033019818
3012093,206.2446446932977
3012094,6.738371718582243
3012095,2.540199754229832
3012096,0.0
3012097,0.0
3012098,1.1628819646003876
3012099,179.2404667356242
3012100,43.66689940165497
3012101,1.1628819646003876
3012102,3.2587751155282376
3012103,171.53869560267734
3012104,16.60871933027164
3012105,1075.6222701921017
3012106,0.4443066033019818
3012107,0.0
3012108,19.997884150999027
3012109,17.901991000071177
3012110,25.928808157080255
3012111,3238.610758133879
3012112,17.901991000071177
3012113,571.1809637221083
3012114,22.24018565248889
3012115,1231.1918419889962
3012116,1266.3681181978625
3012117,378.4697751914606
3012118,193.3748159832751
3012119,162.2138791211602
3012120,3692.345252553129
3012121,0.0
3012122,17.901991000071177
3012123,43.65068916535074
3012124,101.4466974755353
3012125,17.901991000071177
3012126,453.20681502186227
3012127,19.997884150999027
3012128,20.716459512297433
3012129,20.716459512297433
3012130,269.6618372159343
3012131,17.901991000071177
3012132,278.17440484128525
3012133,381.91269734522285
3012134,18.620566361369583
3012135,20.716459512297433
3012136,297.2366918765277
3012137,105.79382756197239
3012138,2807.6291720274558
3012139,17.901991000071177
3012140,0.0
3012141,10.85385295950556
3012142,8.75795980857771
3012143,0.0
3012144,2056.276241654946
3012145,8.75795980857771
3012146,156.62286632527272
3012147,1.3206292122310401
3012148,673.9137390602735
3012149,367.5524062739447
3012150,0.0
3012151,50.17743587357626
3012152,0.0
3012153,1985.5370245060549
3012154,0.0
3012155,8.75795980857771
3012156,5.9632396588629035
3012157,11.842226062461691
3012158,8.75795980857771
3012159,248.36481066880023
3012160,10.85385295950556
3012161,11.572428320803965
3012162,11.572428320803965
3012163,24.107401600551157
3012164,9.476535169876115
3012165,91.07444657575127
3012166,46.256083036830375
3012167,8.75795980857771
3012168,11.572428320803965
3012169,88.2745097952536
3012170,0.0
3012171,1320.7202017954482
3012172,8.75795980857771
3012173,0.0
3012174,19.4333103161498
3012175,17.33741716522195
3012176,17.33741716522195
3012177,845.9300269963242
3012178,17.33741716522195
3012179,59.86606935903268
3012180,8.11303261796263
3012181,286.61701234738365
3012182,188.36964080431324
3012183,74.25469400382968
3012184,44.2073511434113
3012185,0.0
3012186,1302.9905483184134
3012187,0.0
3012188,17.33741716522195
3012189,12.755643064594551
3012190,0.0
3012191,17.33741716522195
3012192,24.75999065905853
3012193,19.4333103161498
3012194,20.151885677448206
3012195,20.151885677448206
3012196,0.0
3012197,17.33741716522195
3012198,64.34048888038421
3012199,0.0
3012200,18.055992526520356
3012201,20.151885677448206
3012202,81.6710316799439
3012203,0.0
3012204,560.0340780100735
3012205,17.33741716522195
3012206,9.983026833807173
3012207,0.19570743024740977
3012208,0.0
3012209,0.0
3012210,2558.072929615465
3012211,0.0
3012212,388.09211795204476
3012213,5.917605534791278
3012214,955.0414600903046
3012215,912.9191727420803
3012216,311.8037263335751
3012217,180.0583381467376
3012218,90.15039726882264
3012219,2949.9795037294703
3012220,0.0
3012221,0.0
3012222,7.080619378369192
3012223,25.23621320501252
3012224,0.0
3012225,280.4223667058834
3012226,0.19570743024740977
3012227,4.393879394599821
3012228,0.9142827915458156
3012229,196.53396333772488
3012230,0.0
3012231,216.92513182482762
3012232,261.65197013195524
3012233,0.0
3012234,0.9142827915458156
3012235,230.32757908066608
3012236,50.08462803399942
3012237,2263.255600716552
3012238,0.0
3012239,0.0
3012240,26.746324879160795
3012241,24.650431728232945
3012242,27.495308960304214
3012243,2962.7666148780927
3012244,24.650431728232945
3012245,424.17579735360425
3012246,28.9886263806506
3012247,1184.7069441754945
3012248,912.1244138634162
3012249,292.02211993185335
3012250,136.93193382290062
3012251,80.63783589320172
3012252,3868.4902880917357
3012253,29.032649224218858
3012254,24.650431728232945
3012255,37.13128787255101
3012256,37.087265028982756
3012257,24.650431728232945
3012258,350.8141597648985
3012259,26.746324879160795
3012260,30.928599526323126
3012261,27.4649002404592
3012262,207.30153711441832
3012263,24.650431728232945
3012264,173.5036375868655
3012265,317.36074837774225
3012266,25.36900708953135
3012267,27.4649002404592
3012268,157.02860335166636
3012269,48.34175513206668
3012270,2334.7502012917153
3012271,24.650431728232945
3012272,28.9886263806506
3012273,7.00334024315373
3012274,4.90744709222588
3012275,44.05121045618745
3012276,2500.4918996801657
3012277,4.90744709222588
3012278,476.3168595275169
3012279,28.18514568767972
3012280,965.7743768895376
3012281,761.6879050278542
3012282,443.9450441879531
3012283,175.227436943097
3012284,87.47710699700173
3012285,3471.2913732081283
3012286,7.502610637299256
3012287,4.90744709222588
3012288,51.9001354175216
3012289,22.998697848094707
3012290,4.90744709222588
3012291,411.5914794120954
3012292,7.00334024315373
3012293,92.6800559415779
3012294,7.7219156044521355
3012295,112.62344260874815
3012296,4.90744709222588
3012297,165.0880391300994
3012298,445.80768497226154
3012299,5.6260224535242855
3012300,7.7219156044521355
3012301,178.5238158681786
3012302,32.03218901117663
3012303,2725.1733098827754
3012304,4.90744709222588
3012305,7.458587793730999
3012306,26.744745392458356
3012307,20.902129268551676
3012308,38.7435670260935
3012309,7298.266842900304
3012310,20.902129268551676
3012311,777.2784556785448
3012312,31.748068135703818
3012313,1638.84793762605
3012314,2007.578319779007
3012315,307.97032920051856
3012316,538.3254949926543
3012317,240.65246153009173
3012318,6778.598699869174
3012319,0.0
3012320,20.902129268551676
3012321,38.94110469755327
3012322,23.422333607988378
3012323,20.902129268551676
3012324,640.3558525486958
3012325,30.22434199551236
3012326,170.37179917319338
3012327,0.0
3012328,115.5682323758108
3012329,23.07824134175678
3012330,887.0312667336069
3012331,256.9761538044784
3012332,23.07824134175678
3012333,30.22434199551236
3012334,806.3646687737504
3012335,197.56053961140475
3012336,6647.61552395553
3012337,23.07824134175678
3012338,0.0
3012339,0.0
3012340,0.0
3012341,0.0
3012342,1292.5003709594948
3012343,0.0
3012344,272.43795601441974
3012345,0.0
3012346,444.14061873123177
3012347,226.9558469804608
3012348,102.27866410655417
3012349,13.532544860746157
3012350,5.261697267842067
3012351,1832.8505414473052
3012352,0.0
3012353,0.0
3012354,0.0
3012355,0.0
3012356,0.0
3012357,242.5748875378273
3012358,0.0
3012359,0.0
3012360,0.0
3012361,0.0
3012362,0.0
3012363,67.22638375206742
3012364,82.54727022319213
3012365,0.0
3012366,0.0
3012367,84.55692655162699
3012368,0.0
3012369,832.1610575737722
3012370,0.0
3012371,0.0
3012372,25.809146167520794
3012373,22.994677655294538
3012374,22.994677655294538
3012375,2800.434368723777
3012376,22.994677655294538
3012377,448.5451739442696
3012378,27.33287230771225
3012379,1269.7893324270046
3012380,757.6866416646437
3012381,354.17123442265995
3012382,165.21560723432142
3012383,102.19581098585451
3012384,4012.396705938158
3012385,27.376895151280507
3012386,22.994677655294538
3012387,42.917005205644216
3012388,38.98868853732927
3012389,22.994677655294538
3012390,345.17171064446455
3012391,25.090570806222388
3012392,37.0408437811563
3012393,29.2887427705748
3012394,23.44652735625442
3012395,22.994677655294538
3012396,207.09905728399767
3012397,337.6343799061754
3012398,22.994677655294538
3012399,25.809146167520794
3012400,208.86151781949545
3012401,46.609804114910446
3012402,2252.030235594154
3012403,22.994677655294538
3012404,26.614296946413845
3012405,2.4505745351965516
3012406,0.35468138426870155
3012407,0.35468138426870155
3012408,1267.293020608371
3012409,0.35468138426870155
3012410,241.25114279811814
3012411,0.0
3012412,385.45182219711717
3012413,268.9940535281153
3012414,106.36359917714128
3012415,21.86631384302683
3012416,1.0033893427273597
3012417,1816.6156150956274
3012418,0.0
3012419,0.35468138426870155
3012420,0.0
3012421,0.0
3012422,0.35468138426870155
3012423,206.44372287145018
3012424,2.4505745351965516
3012425,3.1691498964949574
3012426,3.1691498964949574
3012427,7.346237815721167
3012428,0.35468138426870155
3012429,42.632844965144784
3012430,80.60334187545436
3012431,1.0732567455671074
3012432,3.1691498964949574
3012433,59.96338776470435
3012434,31.014049437001688
3012435,741.2400972272699
3012436,0.35468138426870155
3012437,0.0
3012438,20.859369754135002
3012439,18.044901241908747
3012440,18.044901241908747
3012441,2277.1567175484106
3012442,18.044901241908747
3012443,417.32828100608134
3012444,22.38309589432646
3012445,1180.82626420823
3012446,600.3365284008974
3012447,278.74016197727553
3012448,110.89718382031319
3012449,85.94256945052388
3012450,3397.0909529784603
3012451,22.427118737894716
3012452,18.044901241908747
3012453,34.294171320057444
3012454,26.981683497390122
3012455,18.044901241908747
3012456,437.3705384807841
3012457,20.140794392836597
3012458,20.140794392836597
3012459,24.33896635718901
3012460,28.682528830463013
3012461,18.044901241908747
3012462,160.10380946096168
3012463,310.22080965567795
3012464,18.044901241908747
3012465,20.859369754135002
3012466,166.39442944308482
3012467,34.06295407860779
3012468,1371.1202018113077
3012469,18.044901241908747
3012470,21.664520533028053
3012471,10.339429042804795
3012472,8.243535891876945
3012473,8.243535891876945
3012474,2774.781133377363
3012475,8.243535891876945
3012476,370.43964977793837
3012477,12.581730544294658
3012478,1040.322260577977
3012479,704.4852440010231
3012480,311.7262558024392
3012481,121.07930580852528
3012482,63.71191160588194
3012483,3739.065431133815
3012484,12.625753387862915
3012485,8.243535891876945
3012486,30.24311047958014
3012487,34.56942983366315
3012488,8.243535891876945
3012489,311.5352162802858
3012490,10.339429042804795
3012491,90.70278403691447
3012492,11.058004404103201
3012493,3.455967232694377
3012494,8.243535891876945
3012495,155.78521099266763
3012496,264.2492186486991
3012497,8.962111253175351
3012498,11.058004404103201
3012499,169.85438111589175
3012500,0.0
3012501,1370.6812910333338
3012502,8.243535891876945
3012503,12.581730544294658
3012504,13.982994628314486
3012505,11.887101477386636
3012506,11.887101477386636
3012507,1607.1017529170954
3012508,11.887101477386636
3012509,270.80803055699573
3012510,2.66271693012726
3012511,774.0194750049474
3012512,365.73255750714094
3012513,117.94523860398832
3012514,5.8874259649915075
3012515,0.0
3012516,2056.1030412562322
3012517,2.706739773695517
3012518,11.887101477386636
3012519,3.988995390410082
3012520,3.7817079301369176
3012521,11.887101477386636
3012522,206.84439677925616
3012523,13.982994628314486
3012524,14.701569989612892
3012525,14.701569989612892
3012526,16.349025495869626
3012527,11.887101477386636
3012528,52.05008713715051
3012529,118.41979107074866
3012530,12.605676838685042
3012531,14.701569989612892
3012532,58.3407071192737
3012533,0.0
3012534,624.0473239069402
3012535,11.887101477386636
3012536,2.66271693012726
3012537,23.383757497563124
3012538,21.287864346635274
3012539,21.287864346635274
3012540,2608.370407097707
3012541,21.287864346635274
3012542,429.37638628453357
3012543,12.063479799375841
3012544,1170.9238355498655
3012545,798.8075399971331
3012546,406.24898289819737
3012547,111.24448919341927
3012548,65.98175599478185
3012549,3547.9833623027293
3012550,12.107502642944098
3012551,21.287864346635274
3012552,27.8307924379738
3012553,3.1863863259149525
3012554,21.287864346635274
3012555,307.3129766502033
3012556,23.383757497563124
3012557,39.70136585095406
3012558,24.10233285886153
3012559,178.94739278417077
3012560,21.287864346635274
3012561,171.15426727617182
3012562,332.4543864357786
3012563,22.00643970793368
3012564,24.10233285886153
3012565,172.9167278116696
3012566,10.53683800895675
3012567,2568.591760649648
3012568,21.287864346635274
3012569,12.063479799375841
3012570,7.913710930657771
3012571,5.0992424184315155
3012572,0.0
3012573,2581.015791359589
3012574,5.0992424184315155
3012575,414.68181900702297
3012576,9.437437070849228
3012577,882.8929343772867
3012578,770.7072890771963
3012579,240.28700057065163
3012580,157.51702821417277
3012581,140.94551788347607
3012582,3122.013919331942
3012583,0.0
3012584,5.0992424184315155
3012585,14.080047517481148
3012586,85.23408645587239
3012587,5.0992424184315155
3012588,310.8217699660385
3012589,11.393307533711777
3012590,11.393307533711777
3012591,7.913710930657771
3012592,221.09293648141252
3012593,5.817817779729921
3012594,242.31661707218296
3012595,242.52720338298576
3012596,5.817817779729921
3012597,7.913710930657771
3012598,252.05012340158544
3012599,82.50752159859644
3012600,2408.339081450495
3012601,5.0992424184315155
3012602,0.0
3012603,12.80848111031139
3012604,9.994012598085135
3012605,29.480763075563175
3012606,1972.76250132559
3012607,9.994012598085135
3012608,275.657278743005
3012609,17.811803853556853
3012610,807.2840289055043
3012611,677.9502671375377
3012612,115.95830430999374
3012613,85.38328968026838
3012614,54.29360975177991
3012615,2734.7338004386365
3012616,0.0
3012617,9.994012598085135
3012618,47.707096343473154
3012619,38.04196719333396
3012620,9.994012598085135
3012621,273.8013194278789
3012622,16.288077713365396
3012623,12.80848111031139
3012624,16.288077713365396
3012625,74.54420529583064
3012626,10.71258795938354
3012627,172.62953551538376
3012628,134.6891240784902
3012629,10.71258795938354
3012630,12.80848111031139
3012631,179.91638486768088
3012632,11.576502406120255
3012633,1733.4456733187571
3012634,9.994012598085135
3012635,0.0
3012636,5.193511891458627
3012637,2.379043379232371
3012638,2.379043379232371
3012639,2824.7425354497645
3012640,2.379043379232371
3012641,512.6967295990586
3012642,6.7172380316500835
3012643,1227.1433595311005
3012644,659.4918065093555
3012645,324.7442463447711
3012646,150.92842476128928
3012647,94.26846393533481
3012648,4038.456018231255
3012649,0.0
3012650,2.379043379232371
3012651,24.378617966935565
3012652,27.956008609610535
3012653,2.379043379232371
3012654,274.40316114351145
3012655,8.673108494512633
3012656,76.38530595022866
3012657,5.193511891458627
3012658,0.0
3012659,3.097618740530777
3012660,187.49839403089604
3012661,379.8120085867483
3012662,3.097618740530777
3012663,5.193511891458627
3012664,200.93417076897524
3012665,38.04906367924565
3012666,2591.98622889885
3012667,57.25522160712717
3012668,10.19683463470409
3012669,16.306912644252634
3012670,13.492444132026378
3012671,20.835447995968195
3012672,2454.2077415936624
3012673,13.492444132026378
3012674,316.9240004028314
3012675,21.31023538749804
3012676,776.3278308182817
3012677,806.7356085573924
3012678,181.73502836879757
3012679,224.61763950532307
3012680,144.7908540502544
3012681,2885.0521382762813
3012682,0.0
3012683,13.492444132026378
3012684,22.473249231075954
3012685,22.429226387507697
3012686,13.492444132026378
3012687,169.81748838255848
3012688,19.78650924730664
3012689,19.78650924730664
3012690,16.306912644252634
3012691,162.03498638601766
3012692,14.211019493324784
3012693,254.71295133328084
3012694,188.78968686137776
3012695,14.211019493324784
3012696,19.78650924730664
3012697,272.04349413284046
3012698,107.78473715459475
3012699,1817.8006119632837
3012700,14.211019493324784
3012701,0.0
3012702,19.738634465598352
3012703,17.642741314670502
3012704,17.642741314670502
3012705,2618.352775057452
3012706,17.642741314670502
3012707,409.26438872764254
3012708,21.980935967088215
3012709,1423.1914178718778
3012710,665.0106975297817
3012711,280.3331386398523
3012712,115.28351299949165
3012713,90.32889862970245
3012714,4336.937019913221
3012715,25.504555413710477
3012716,17.642741314670502
3012717,27.477558669815778
3012718,28.839950348171328
3012719,17.642741314670502
3012720,456.8957483761314
3012721,20.457209826896758
3012722,20.457209826896758
3012723,20.457209826896758
3012724,28.28036890322477
3012725,18.361316675968908
3012726,165.12353202528507
3012727,305.0003036836502
3012728,18.361316675968908
3012729,20.457209826896758
3012730,153.38058692116905
3012731,38.44928325778636
3012732,1895.399047001265
3012733,17.642741314670502
3012734,21.980935967088215
3012735,3.066448161687731
3012736,0.970555010759881
3012737,18.307006522957863
3012738,1894.9370611989339
3012739,0.970555010759881
3012740,258.01029942785533
3012741,5.3087496631775934
3012742,749.688606056216
3012743,740.608570226974
3012744,0.0
3012745,130.4144931538191
3012746,71.38619370282544
3012747,2760.859542504953
3012748,0.0
3012749,0.970555010759881
3012750,17.495219379026935
3012751,19.528443572812193
3012752,0.970555010759881
3012753,216.55583797520012
3012754,3.785023522986137
3012755,3.785023522986137
3012756,0.15355424711481191
3012757,0.0
3012758,1.6891303720582869
3012759,176.21333820844333
3012760,131.5701516077655
3012761,1.6891303720582869
3012762,0.15355424711481191
3012763,168.51156707549657
3012764,14.214984188235746
3012765,1715.6661866375944
3012766,0.970555010759881
3012767,0.0
3012768,18.40828115292163
3012769,15.593812640695376
3012770,6.8210856638581845
3012771,2228.2047667300913
3012772,15.593812640695376
3012773,538.5662720277489
3012774,18.144953342200438
3012775,663.595703901994
3012776,707.7250485322536
3012777,360.034980454206
3012778,119.16355394533394
3012779,83.71485785831783
3012780,2630.8647344993587
3012781,30.701842755992004
3012782,15.593812640695376
3012783,22.787563788832358
3012784,27.641285985432944
3012785,15.593812640695376
3012786,332.22560805892783
3012787,21.887877755975637
3012788,21.887877755975637
3012789,18.40828115292163
3012790,167.97240266703267
3012791,16.31238800199378
3012792,143.85818061117297
3012793,419.97705660986304
3012794,16.31238800199378
3012795,18.40828115292163
3012796,157.26062786701135
3012797,25.910254958583266
3012798,1773.4644106963492
3012799,15.593812640695376
3012800,22.697619199099393
3012801,14.516068580554588
3012802,11.701600068328332
3012803,11.701600068328332
3012804,3835.024527388971
3012805,11.701600068328332
3012806,451.8501820460849
3012807,4.264269471981606
3012808,1322.5015780019132
3012809,906.7580526621205
3012810,422.78062748550764
3012811,119.8668357399192
3012812,57.28694237925197
3012813,3772.4151171418102
3012814,4.308292315549863
3012815,11.701600068328332
3012816,8.997068525858708
3012817,19.804379526345315
3012818,11.701600068328332
3012819,411.8093448163116
3012820,13.797493219256182
3012821,77.14333921714535
3012822,14.516068580554588
3012823,0.0
3012824,11.701600068328332
3012825,163.6160843694178
3012826,339.1473474549214
3012827,11.701600068328332
3012828,13.797493219256182
3012829,165.37854490491563
3012830,2.493437815185871
3012831,2052.842115001179
3012832,11.701600068328332
3012833,3.5456941106832005
3012834,181.83046688865448
3012835,0.0
3012836,0.0
3012837,8477.246857389273
3012838,0.0
3012839,1029.8590915146685
3012840,2.9280154805142615
3012841,2132.716978036572
3012842,1926.56529301575
3012843,511.38209601975365
3012844,593.1127839167945
3012845,248.6045350455006
3012846,8403.379913083565
3012847,0.0
3012848,0.0
3012849,0.0
3012850,3.0414669950471875
3012851,0.0
3012852,742.3165474893077
3012853,27.167287280535447
3012854,1.404289340322805
3012855,173.62655794524247
3012856,263.1838857236515
3012857,0.0
3012858,959.2656307741609
3012859,530.0959053780632
3012860,0.0
3012861,1.404289340322805
3012862,878.5990328143039
3012863,217.6072186731693
3012864,8243.982125327278
3012865,281.3339148403626
3012866,0.0
3012867,0.0
3012868,0.0
3012869,0.0
3012870,7372.896427413228
3012871,0.0
3012872,963.459780175291
3012873,0.0
3012874,1931.5638200175372
3012875,2086.7799683464286
3012876,308.5279054611032
3012877,544.9566942603036
3012878,200.4484453890097
3012879,8826.659320501436
3012880,0.0
3012881,0.0
3012882,0.0
3012883,27.92277851231472
3012884,0.0
3012885,738.8062427278289
3012886,17.945481755601804
3012887,0.0
3012888,0.0
3012889,166.23270529619163
3012890,0.0
3012891,911.1095411176697
3012892,451.89055784878633
3012893,0.0
3012894,0.0
3012895,831.847740017274
3012896,170.8559258761391
3012897,5469.656209642626
3012898,259.95462863858404
3012899,0.0
3012900,6.409484720534238
3012901,7.138116576524681
3012902,46.41510872843622
3012903,4645.134149872321
3012904,7.138116576524681
3012905,581.5330532187704
3012906,16.42717692572853
3012907,1732.0386276409217
3012908,1405.1645738018938
3012909,360.5781436676095
3012910,209.44887139121926
3012911,114.32982234204115
3012912,6735.304323364308
3012913,0.0
3012914,7.138116576524681
3012915,8.54680164742257
3012916,87.72129922623259
3012917,7.138116576524681
3012918,490.54829113970357
3012919,85.67501191552037
3012920,14.903450785537075
3012921,49.12982393315673
3012922,80.02289004746075
3012923,7.856691937823086
3012924,626.3553432295175
3012925,472.7568264392085
3012926,7.856691937823086
3012927,64.41461842769866
3012928,478.08390372543056
3012929,68.97757998787489
3012930,2443.489593863095
3012931,36.10257130312095
3012932,0.0
3012933,168.932082209046
3012934,11.29159974436044
3012935,53.77399912664754
3012936,6337.424959367631
3012937,11.29159974436044
3012938,736.1145515156086
3012939,23.608807705244715
3012940,1802.121827918646
3012941,1783.0421019839537
3012942,65.67260772909401
3012943,431.17630868765997
3012944,102.4277826576614
3012945,8290.810209962365
3012946,0.0
3012947,11.29159974436044
3012948,55.82734619030742
3012949,89.91587081550898
3012950,11.29159974436044
3012951,691.3592633814039
3012952,47.84910726723365
3012953,22.085081565053258
3012954,5.182115980532728
3012955,52.37710537446304
3012956,13.467711817565544
3012957,848.0827805259582
3012958,277.64310005697564
3012959,13.467711817565544
3012960,22.085081565053258
3012961,768.8209794255623
3012962,57.075540303495075
3012963,4746.6725422939535
3012964,255.77932934440432
3012965,0.0
3012966,0.0
3012967,0.0
3012968,33.182272201052626
3012969,4034.6603816184943
3012970,0.0
3012971,623.1278342943122
3012972,3.1943403983449343
3012973,1600.482562368111
3012974,1405.7615371191507
3012975,490.4508483754514
3012976,179.3016236504914
3012977,84.1825746013132
3012978,6516.088268244305
3012979,0.0
3012980,0.0
3012981,0.158738704413679
3012982,74.48846269884899
3012983,0.0
3012984,482.9870643762398
3012985,51.18178190031506
3012986,1.6706142581534777
3012987,17.007045754548358
3012988,78.61554735973215
3012989,0.0
3012990,596.2080954887897
3012991,484.9829453404649
3012992,0.0
3012993,33.65262810327641
3012994,516.9462943883938
3012995,38.830332247146885
3012996,2036.2698156671236
3012997,71.63519870878224
3012998,0.0
3012999,32.38684717155871
3013000,31.0574320475111
3013001,40.95979557595541
3013002,5217.55871487694
3013003,31.0574320475111
3013004,848.7800241471909
3013005,38.87522330298282
3013006,1785.8052856784636
3013007,1768.0442547083442
3013008,550.306868306556
3013009,288.19771714501707
3013010,177.31894525454334
3013011,7161.07657131223
3013012,0.0
3013013,31.0574320475111
3013014,45.980078820930544
3013015,70.40847903699171
3013016,31.0574320475111
3013017,618.9799118494257
3013018,47.101798238457775
3013019,37.35149716279136
3013020,43.67451078067592
3013021,257.7690989328388
3013022,31.776007408809505
3013023,654.3505640023835
3013024,608.8252111116917
3013025,31.776007408809505
3013026,37.35149716279136
3013027,575.0887629019876
3013028,147.72642574167264
3013029,5035.590125458733
3013030,152.39849527057103
3013031,0.0
3013032,7.44925018398061
3013033,4.634781671754354
3013034,21.971233183952336
3013035,1725.6319920060198
3013036,4.634781671754354
3013037,302.77529692519903
3013038,8.972976324172066
3013039,640.6076862668657
3013040,496.36659933580097
3013041,103.3695498651069
3013042,127.14276851634546
3013043,60.36440265560066
3013044,2598.24864132383
3013045,0.0
3013046,4.634781671754354
3013047,33.3722825439433
3013048,41.72633838600814
3013049,4.634781671754354
3013050,247.79318942576754
3013051,7.44925018398061
3013052,6.730674822682204
3013053,0.0
3013054,0.0
3013055,4.634781671754354
3013056,151.93951666254836
3013057,154.32829285905402
3013058,4.634781671754354
3013059,7.44925018398061
3013060,137.1058598435491
3013061,2.559799755866095
3013062,1672.378128110389
3013063,4.634781671754354
3013064,0.0
3013065,11.030255447778643
3013066,8.215786935552387
3013067,36.020653739892566
3013068,3474.5463419525895
3013069,8.215786935552387
3013070,413.38097817471186
3013071,17.504847284756238
3013072,1305.1851964562184
3013073,1022.1995945856473
3013074,179.77424684030385
3013075,42.447381710783645
3013076,0.0
3013077,5193.068446433037
3013078,0.0
3013079,8.215786935552387
3013080,22.706498393236984
3013081,60.70742671740487
3013082,8.215786935552387
3013083,494.93808784366115
3013084,82.38392106143124
3013085,10.311680086480237
3013086,11.030255447778643
3013087,17.70522795778112
3013088,8.934362296850793
3013089,343.44628508802043
3013090,343.3714609814674
3013091,8.934362296850793
3013092,11.030255447778643
3013093,408.09768821213754
3013094,0.0
3013095,1631.3079157678012
3013096,18.241847015987105
3013097,0.0
3013098,3.26891702288583
3013099,1.1730238719579802
3013100,1.1730238719579802
3013101,4184.0196424724345
3013102,1.1730238719579802
3013103,535.8419254959225
3013104,5.511218524375693
3013105,1640.026080518388
3013106,1400.296418489724
3013107,220.54930206001418
3013108,350.6621355074554
3013109,127.11403831147314
3013110,4935.401694314682
3013111,0.0
3013112,1.1730238719579802
3013113,54.35360051013271
3013114,53.39766459479438
3013115,1.1730238719579802
3013116,609.4947205723763
3013117,3.26891702288583
3013118,3.987492384184236
3013119,3.987492384184236
3013120,14.29146555448051
3013121,1.1730238719579802
3013122,631.3969452213616
3013123,372.80409294087804
3013124,1.891599233256386
3013125,3.987492384184236
3013126,492.0527384341939
3013127,64.67744072938206
3013128,4168.1601561344705
3013129,1.1730238719579802
3013130,0.0
3013131,61.46939735144281
3013132,58.65492883921655
3013133,0.0
3013134,2705.9345053124716
3013135,58.65492883921655
3013136,801.5885173058205
3013137,49.430544291957176
3013138,1287.1042334950762
3013139,1282.1789436180668
3013140,578.9285660746164
3013141,88.83879167073786
3013142,10.284469956285534
3013143,5002.628308674737
3013144,58.20395364251783
3013145,58.65492883921655
3013146,31.9895409036846
3013147,0.0
3013148,58.65492883921655
3013149,517.7998411228738
3013150,60.7508219901444
3013151,60.7508219901444
3013152,60.7508219901444
3013153,312.01974877164616
3013154,58.65492883921655
3013155,122.2064288143489
3013156,703.9234326591567
3013157,58.65492883921655
3013158,60.7508219901444
3013159,129.26845227078783
3013160,0.0
3013161,3354.108074421694
3013162,58.65492883921655
3013163,56.09900312047756
3013164,20.960935099572907
3013165,18.14646658734665
3013166,18.14646658734665
3013167,1654.922301782144
3013168,18.14646658734665
3013169,418.2048052602257
3013170,20.697607288851657
3013171,898.2068842717957
3013172,825.0585196568481
3013173,220.95657144772142
3013174,181.7732620931191
3013175,147.52728534753132
3013176,2483.9155507589467
3013177,9.930200371258707
3013178,18.14646658734665
3013179,42.20802920044531
3013180,58.52473036842082
3013181,18.14646658734665
3013182,213.82927812228027
3013183,20.2423597382745
3013184,20.2423597382745
3013185,20.2423597382745
3013186,106.78885441508129
3013187,18.14646658734665
3013188,278.32573212867527
3013189,363.9355442461757
3013190,18.14646658734665
3013191,20.2423597382745
3013192,221.27513287425728
3013193,91.12747930725749
3013194,1530.0626884629937
3013195,18.14646658734665
3013196,19.836244399213626
3013197,14.189221773104975
3013198,11.37475326087872
3013199,0.0
3013200,2088.520497090711
3013201,11.37475326087872
3013202,320.945122581709
3013203,2.1503687136193435
3013204,1026.6868502877348
3013205,376.54281540248616
3013206,164.9325473100757
3013207,64.1589320334923
3013208,93.89361814778238
3013209,2867.400221700041
3013210,2.1943915571876005
3013211,11.37475326087872
3013212,6.956243776956171
3013213,6.748956316683007
3013214,11.37475326087872
3013215,284.5134505278512
3013216,13.47064641180657
3013217,13.47064641180657
3013218,13.47064641180657
3013219,29.739088046746986
3013220,11.37475326087872
3013221,118.90456550596991
3013222,188.50052555863567
3013223,11.37475326087872
3013224,13.47064641180657
3013225,124.5617921029482
3013226,0.0
3013227,698.4697189361762
3013228,11.37475326087872
3013229,1.4317933523209376
3013230,13.012504872654802
3013231,10.198036360428546
3013232,20.218897313733066
3013233,2634.5986850974346
3013234,10.198036360428546
3013235,307.7126956545505
3013236,19.487096709632453
3013237,881.6733050414754
3013238,841.3820501570412
3013239,53.09205892404475
3013240,138.6558942916681
3013241,101.85522391317966
3013242,3964.6627809940064
3013243,0.0
3013244,10.198036360428546
3013245,47.63395134954095
3013246,58.77872514808058
3013247,10.198036360428546
3013248,239.86813572001157
3013249,17.96337056944094
3013250,17.96337056944094
3013251,13.122969625026201
3013252,1.0289061621212454
3013253,10.916611721726952
3013254,270.281012586889
3013255,191.23835012359135
3013256,10.916611721726952
3013257,17.96337056944094
3013258,294.67619202531336
3013259,66.25390387698053
3013260,2249.1787679206554
3013261,10.916611721726952
3013262,0.0
3013263,4.62364903067305
3013264,1.8091805184467944
3013265,16.44521104561295
3013266,3994.9208936088694
3013267,1.8091805184467944
3013268,466.02332291264077
3013269,9.626971773918513
3013270,1067.9687962070398
3013271,1337.848520023746
3013272,160.1409067807136
3013273,314.43831941789506
3013274,102.34017751210052
3013275,3998.7087696943972
3013276,0.0
3013277,1.8091805184467944
3013278,23.639476959806302
3013279,9.66157721415027
3013280,1.8091805184467944
3013281,512.4658221820905
3013282,8.103245633727056
3013283,12.948019218101763
3013284,0.0
3013285,84.06343616905622
3013286,2.5277558797452
3013287,498.96679327100446
3013288,152.2454935683526
3013289,2.5277558797452
3013290,8.103245633727056
3013291,418.30019531114766
3013292,59.24825559341366
3013293,4255.987640292131
3013294,2.5277558797452
3013295,0.0
3013296,19.72767810803424
3013297,16.913209595807984
3013298,31.54924012297414
3013299,4394.900556015564
3013300,16.913209595807984
3013301,585.0044435969144
3013302,24.731000851279703
3013303,1288.7641435339224
3013304,1525.5551851225212
3013305,277.4772096757679
3013306,225.7135568564143
3013307,161.6700003746717
3013308,4288.570845379911
3013309,0.0
3013310,16.913209595807984
3013311,32.0085763284589
3013312,48.50852292637802
3013313,16.913209595807984
3013314,454.6112942275828
3013315,23.207274711088246
3013316,23.207274711088246
3013317,0.0
3013318,124.69871293160679
3013319,17.63178495710639
3013320,574.4193285973674
3013321,398.5095720871184
3013322,17.63178495710639
3013323,14.693538896468851
3013324,493.7527306375106
3013325,118.57807845598478
3013326,3910.4973929321372
3013327,17.63178495710639
3013328,0.0
3013329,0.9496289450462427
3013330,0.0
3013331,14.73028602134417
3013332,3644.5459025488353
3013333,0.0
3013334,496.5012734819087
3013335,5.952951688291705
3013336,1211.6574683408535
3013337,900.470790117575
3013338,445.26435909546154
3013339,191.60202244307985
3013340,117.39473592197638
3013341,6119.284173607991
3013342,0.0
3013343,0.0
3013344,22.90226156754437
3013345,18.013465139601408
3013346,0.0
3013347,235.05045155458913
3013348,4.4292255481002485
3013349,80.34024460549443
3013350,20.079772786650835
3013351,24.140238049405696
3013352,0.0
3013353,234.1088373848782
3013354,396.8129752256512
3013355,0.0
3013356,4.4292255481002485
3013357,208.77067403950176
3013358,83.25387873609122
3013359,1932.1061983559102
3013360,57.92975821522202
3013361,0.0
3013362,14.456811233368057
3013363,11.642342721141802
3013364,21.663203674446322
3013365,2134.796064721583
3013366,11.642342721141802
3013367,361.47507687914896
3013368,20.93140307034571
3013369,650.5314160844366
3013370,688.6631696733222
3013371,64.02994272745138
3013372,225.57324757862446
3013373,145.7464621235558
3013374,2413.5495892902495
3013375,0.0
3013376,11.642342721141802
3013377,22.094416913923624
3013378,60.22303150879384
3013379,11.642342721141802
3013380,171.75080465538483
3013381,19.407676930154196
3013382,0.0
3013383,14.456811233368057
3013384,103.34882083212355
3013385,12.360918082440207
3013386,306.4221843875141
3013387,256.8511131956212
3013388,12.360918082440207
3013389,19.407676930154196
3013390,265.07511835976277
3013391,110.14514208735673
3013392,3597.348654977769
3013393,12.360918082440207
3013394,0.0
3013395,2.3185616863698897
3013396,0.0
3013397,0.22266853544203968
3013398,891.5259195845997
3013399,0.0
3013400,147.460247193972
3013401,0.0
3013402,468.6691065257022
3013403,269.45167662191847
3013404,83.79922171291747
3013405,40.294270014365395
3013406,0.0
3013407,1862.410117303601
3013408,0.0
3013409,0.0
3013410,0.0
3013411,6.737031142338026
3013412,0.0
3013413,128.02832661036805
3013414,7.269427383156028
3013415,7.269427383156028
3013416,2.3185616863698897
3013417,23.528942339286004
3013418,0.22266853544203968
3013419,62.84824581171563
3013420,120.04161862442916
3013421,0.22266853544203968
3013422,7.269427383156028
3013423,88.10845386314514
3013424,19.975508082590352
3013425,140.6604425668765
3013426,0.0
3013427,0.0
3013428,5.4235694839619555
3013429,2.6091009717356997
3013430,19.204226560259883
3013431,3711.885000688678
3013432,2.6091009717356997
3013433,426.8819045153008
3013434,10.426892227207418
3013435,1306.7409029959608
3013436,1179.8526643887212
3013437,335.2452499921934
3013438,152.7337074864133
3013439,78.52642096530968
3013440,5752.04771043582
3013441,2.533241440148686
3013442,2.6091009717356997
3013443,35.6654893804257
3013444,28.07760726764002
3013445,2.6091009717356997
3013446,197.46120799947357
3013447,5.4235694839619555
3013448,5.4235694839619555
3013449,8.903166087015961
3013450,0.0
3013451,3.3276763330341055
3013452,206.91383863079287
3013453,313.51715299613085
3013454,3.3276763330341055
3013455,8.903166087015961
3013456,208.67629916629065
3013457,44.38556377942439
3013458,1022.728387291379
3013459,0.0
3013460,0.0
3013461,17.801734742284907
3013462,14.987266230058651
3013463,14.987266230058651
3013464,1783.5134904839979
3013465,14.987266230058651
3013466,297.2266617054935
3013467,5.762881682799332
3013468,811.2843049099379
3013469,636.6894626225769
3013470,186.934513622065
3013471,70.59618109776449
3013472,46.20196189904516
3013473,2609.225349406693
3013474,5.806904526367589
3013475,14.987266230058651
3013476,12.040025839868292
3013477,11.832738379595128
3013478,14.987266230058651
3013479,175.61169520020974
3013480,17.0831593809865
3013481,17.0831593809865
3013482,0.0
3013483,0.0
3013484,14.987266230058651
3013485,113.32064446745659
3013486,177.97238608571033
3013487,14.987266230058651
3013488,17.0831593809865
3013489,120.38266792389553
3013490,0.0
3013491,66.98213792121874
3013492,0.0
3013493,5.044306321500926
3013494,17.801734742284907
3013495,14.987266230058651
3013496,0.0
3013497,1679.1234257892563
3013498,14.987266230058651
3013499,296.5932683203486
3013500,5.762881682799332
3013501,704.3404662672122
3013502,498.9847878243898
3013503,253.96182288426468
3013504,70.59618109776449
3013505,77.84190069976103
3013506,2532.023244392552
3013507,5.806904526367589
3013508,14.987266230058651
3013509,12.040025839868292
3013510,11.832738379595128
3013511,14.987266230058651
3013512,241.68045455207508
3013513,17.0831593809865
3013514,17.0831593809865
3013515,17.801734742284907
3013516,0.0
3013517,14.987266230058651
3013518,112.6872510823116
3013519,223.48724116561547
3013520,14.987266230058651
3013521,17.0831593809865
3013522,120.38266792389553
3013523,0.0
3013524,75.58088534330551
3013525,35.28730683188985
3013526,5.044306321500926
3013527,7.619998607777177
3013528,5.524105456849327
3013529,5.524105456849327
3013530,1586.7017873012467
3013531,5.524105456849327
3013532,264.92711699323246
3013533,0.0
3013534,796.9287252423686
3013535,455.33204180459063
3013536,220.37552655292876
3013537,56.52513241657135
3013538,36.47613249346625
3013539,2599.706897820473
3013540,0.0
3013541,5.524105456849327
3013542,1.1055959729267784
3013543,0.0
3013544,5.524105456849327
3013545,200.0958162584925
3013546,7.619998607777177
3013547,7.619998607777177
3013548,8.338573969075583
3013549,31.03591058797531
3013550,5.524105456849327
3013551,111.2707658890489
3013552,127.91952703952276
3013553,5.524105456849327
3013554,7.619998607777177
3013555,116.9279924860272
3013556,0.0
3013557,285.3245036770396
3013558,0.0
3013559,0.0
3013560,14.327511655881153
3013561,12.231618504953303
3013562,12.231618504953303
3013563,1910.1407548582497
3013564,12.231618504953303
3013565,193.68687489157023
3013566,4.794287908606634
3013567,908.4067268567769
3013568,650.8060267441405
3013569,102.22106886995931
3013570,78.440001102797
3013571,59.48853080124411
3013572,2940.0626082447343
3013573,4.838310752174891
3013574,12.231618504953303
3013575,28.16557779395714
3013576,27.958290333683976
3013577,12.231618504953303
3013578,236.39484794829872
3013579,15.046087017179559
3013580,14.327511655881153
3013581,15.046087017179559
3013582,0.0
3013583,12.231618504953303
3013584,95.6668318078049
3013585,130.68894733851326
3013586,12.231618504953303
3013587,14.327511655881153
3013588,114.97736444776845
3013589,0.0
3013590,260.97883667324106
3013591,93.45196403392464
3013592,4.794287908606634
3013593,15.730495834553153
3013594,12.916027322326897
3013595,12.916027322326897
3013596,1624.0130547955948
3013597,12.916027322326897
3013598,208.908771411453
3013599,3.691642775067521
3013600,617.6211885529283
3013601,498.96534326053177
3013602,89.1810026061313
3013603,45.64074712302124
3013604,25.591747199916142
3013605,2119.4365093815
3013606,7.215262221689784
3013607,12.916027322326897
3013608,8.497517838404349
3013609,0.0
3013610,12.916027322326897
3013611,193.28009992801128
3013612,15.730495834553153
3013613,15.011920473254747
3013614,15.730495834553153
3013615,0.0
3013616,12.916027322326897
3013617,88.71306439291749
3013618,87.45958009596035
3013619,12.916027322326897
3013620,15.730495834553153
3013621,106.04360719247722
3013622,0.0
3013623,192.54717428655596
3013624,12.916027322326897
3013625,3.691642775067521
3013626,9.675969253395408
3013627,6.861500741169152
3013628,39.64824372860892
3013629,2535.693651645534
3013630,6.861500741169152
3013631,407.5774594300714
3013632,14.679291996640927
3013633,1061.0103379468746
3013634,940.1400146428317
3013635,323.1267107800233
3013636,223.10606689770216
3013637,91.60920376858326
3013638,3719.02772596066
3013639,23.911441426873296
3013640,6.861500741169152
3013641,16.00557045692375
3013642,61.53692263979792
3013643,6.861500741169152
3013644,325.73909469909245
3013645,13.155565856449414
3013646,13.155565856449414
3013647,43.52871433732713
3013648,153.1517259456949
3013649,7.580076102467558
3013650,169.6508022542346
3013651,296.10092954956224
3013652,7.580076102467558
3013653,13.155565856449414
3013654,194.91101030566406
3013655,62.57953494118681
3013656,769.1753934552075
3013657,0.0
3013658,23.86741858330504
3013659,0.0
3013660,0.0
3013661,9.4168897673473
3013662,1832.563284253225
3013663,0.0
3013664,3.2709729927629496
3013665,0.0
3013666,451.6079175987364
3013667,572.0979015881774
3013668,0.0
3013669,0.0
3013670,0.0
3013671,1732.6553731006934
3013672,0.0
3013673,0.0
3013674,6.197031017992572
3013675,6.153008174424315
3013676,0.0
3013677,242.65224818461752
3013678,4.344293831687594
3013679,4.344293831687594
3013680,80.18352484248982
3013681,0.0
3013682,0.0
3013683,0.0
3013684,0.0
3013685,0.0
3013686,4.344293831687594
3013687,0.0
3013688,0.0
3013689,727.3544188011334
3013690,38.504321105978136
3013691,0.0
3013692,15.046087017179559
3013693,12.231618504953303
3013694,11.644209028910268
3013695,2152.392099819738
3013696,12.231618504953303
3013697,193.68687489157023
3013698,4.794287908606634
3013699,908.2438389054206
3013700,647.3264322905513
3013701,136.64473345055248
3013702,59.114769655086434
3013703,20.91366609947221
3013704,2995.26662146035
3013705,4.838310752174891
3013706,12.231618504953303
3013707,11.071432065675594
3013708,10.86414460540243
3013709,12.231618504953303
3013710,228.48217851845635
3013711,15.046087017179559
3013712,14.327511655881153
3013713,15.046087017179559
3013714,0.0
3013715,12.231618504953303
3013716,96.30022519294982
3013717,123.25788058939574
3013718,12.231618504953303
3013719,14.327511655881153
3013720,103.36224864938876
3013721,0.0
3013722,260.97883667324106
3013723,4.003763034259123
3013724,4.794287908606634
3013725,11.783706360616236
3013726,8.96923784838998
3013727,35.108291551587456
3013728,2703.4164351671798
3013729,8.96923784838998
3013730,371.03628000701815
3013731,18.258298197593888
3013732,845.2597571577184
3013733,877.3047153915074
3013734,7.782150961887794
3013735,220.12941627449575
3013736,132.55256440967602
3013737,3744.711102759339
3013738,0.0
3013739,8.96923784838998
3013740,19.421312041171802
3013741,46.36112999393413
3013742,8.96923784838998
3013743,215.86800004400476
3013744,16.734572057402374
3013745,0.0
3013746,13.445545957971206
3013747,65.21621859606444
3013748,9.687813209688386
3013749,300.9783530833854
3013750,235.95360269137115
3013751,9.687813209688386
3013752,16.734572057402374
3013753,319.7136927424058
3013754,96.95124437347704
3013755,3539.4626218595827
3013756,9.687813209688386
3013757,0.0
3013758,9.876119796823502
3013759,7.061651284597247
3013760,7.780226645895652
3013761,2944.099060300354
3013762,7.061651284597247
3013763,400.13565906887885
3013764,13.092388589156315
3013765,838.2124748576286
3013766,640.9538179989809
3013767,318.1930893167462
3013768,138.76405136792977
3013769,28.359543528461984
3013770,4380.6544765036415
3013771,0.0
3013772,7.061651284597247
3013773,24.235435826477328
3013774,24.19141298290907
3013775,7.061651284597247
3013776,249.52138059940177
3013777,13.355716399877508
3013778,13.355716399877508
3013779,9.876119796823502
3013780,5.755273752577011
3013781,7.780226645895652
3013782,158.4435573383479
3013783,269.5190478358453
3013784,7.780226645895652
3013785,13.355716399877508
3013786,158.22732751155064
3013787,24.462314370671322
3013788,576.4490940048715
3013789,6.387053058906645
3013790,0.0
3013791,10.001355003591641
3013792,7.186886491365385
3013793,7.186886491365385
3013794,2552.1372239492666
3013795,7.186886491365385
3013796,378.8323416192726
3013797,9.738027192870447
3013798,784.6899129047611
3013799,589.7826075209543
3013800,237.6443838368407
3013801,75.49624446905739
3013802,34.54448024449755
3013803,3454.9233497676482
3013804,13.26164663949271
3013805,7.186886491365385
3013806,25.322160090802413
3013807,29.045401283455135
3013808,7.186886491365385
3013809,217.81594057694215
3013810,10.001355003591641
3013811,9.282779642293235
3013812,10.001355003591641
3013813,135.56796344604942
3013814,7.186886491365385
3013815,79.32494282673315
3013816,277.00620706645407
3013817,7.186886491365385
3013818,10.001355003591641
3013819,92.76071956481223
3013820,0.0
3013821,431.4383988645931
3013822,7.186886491365385
3013823,9.738027192870447
3013824,8.776674462691858
3013825,6.680781311764008
3013826,6.680781311764008
3013827,1311.2989170376704
3013828,6.680781311764008
3013829,238.52752697801557
3013830,13.724981967914857
3013831,576.3848117190827
3013832,260.3737298407483
3013833,84.90596973631676
3013834,35.15696369615296
3013835,19.90198336145562
3013836,1977.8968461329262
3013837,8.557369495538921
3013838,6.680781311764008
3013839,12.204520990670687
3013840,14.843972967924515
3013841,6.680781311764008
3013842,112.13691769593783
3013843,8.776674462691858
3013844,8.776674462691858
3013845,13.98830977863605
3013846,18.03033823782897
3013847,6.680781311764008
3013848,53.088969860279576
3013849,131.9068726895158
3013850,6.680781311764008
3013851,8.776674462691858
3013852,58.74619645725784
3013853,0.0
3013854,240.42240718086202
3013855,0.0
3013856,8.513346651970664
3013857,0.7608531732580559
3013858,0.0
3013859,9.99811375747015
3013860,1399.0263201518235
3013861,0.0
3013862,194.55381064045886
3013863,5.764175916503461
3013864,576.1861307612785
3013865,553.6500252693819
3013866,106.01964403988379
3013867,170.241937408261
3013868,95.49274901804745
3013869,1995.1794399331316
3013870,0.0
3013871,0.0
3013872,6.927189760081376
3013873,13.387390505805001
3013874,0.0
3013875,184.3433337149568
3013876,4.240449776312062
3013877,0.04227781195965008
3013878,0.7608531732580559
3013879,4.729903698580472
3013880,0.0
3013881,216.04078246288523
3013882,68.11366282036931
3013883,0.0
3013884,0.7608531732580559
3013885,208.33901132993847
3013886,53.409035057532776
3013887,1594.0930789275667
3013888,0.0
3013889,0.0
3013890,16.044220735904332
3013891,13.948327584976482
3013892,13.948327584976482
3013893,3157.2430240881613
3013894,13.948327584976482
3013895,619.6576611905059
3013896,18.286522237394195
3013897,1077.913538270357
3013898,1364.857670559325
3013899,404.1658550129501
3013900,231.42444811331143
3013901,200.26351125119655
3013902,3771.3024593699834
3013903,0.0
3013904,13.948327584976482
3013905,22.929132684026115
3013906,78.08964502437027
3013907,13.948327584976482
3013908,306.6892848916357
3013909,16.044220735904332
3013910,84.64412187768744
3013911,16.762796097202738
3013912,304.6457017668701
3013913,13.948327584976482
3013914,316.2240369713215
3013915,407.60877716671234
3013916,14.666902946274888
3013917,16.762796097202738
3013918,335.28632400656386
3013919,143.8434596920088
3013920,5798.628437883876
3013921,13.948327584976482
3013922,0.0
3013923,6.900189544410864
3013924,4.804296393483014
3013925,4.804296393483014
3013926,2184.240775924076
3013927,4.804296393483014
3013928,174.0498722532577
3013929,0.0
3013930,695.5313089791769
3013931,451.5044944088326
3013932,15.266246156972784
3013933,88.2270680036126
3013934,29.198768552618617
3013935,2047.0937174132564
3013936,0.0
3013937,4.804296393483014
3013938,2.0095762437682083
3013939,1.9655534001999513
3013940,4.804296393483014
3013941,225.00775821763503
3013942,6.900189544410864
3013943,16.631087009124712
3013944,7.61876490570927
3013945,16.052473612226493
3013946,5.52287175478142
3013947,129.12407870578764
3013948,71.95216285831987
3013949,4.804296393483014
3013950,7.61876490570927
3013951,126.32414192528998
3013952,0.0
3013953,2554.9620289252007
3013954,4.804296393483014
3013955,0.0
3013956,16.93538837387962
3013957,14.839495222951768
3013958,14.839495222951768
3013959,902.8274899444705
3013960,14.839495222951768
3013961,84.31283277774719
3013962,5.615110675692449
3013963,127.81994549407244
3013964,219.2085015140883
3013965,7.398823078277815
3013966,81.00766687067244
3013967,23.135998128454673
3013968,1378.7788681537468
3013969,5.033853423396863
3013970,14.839495222951768
3013971,10.25772112232437
3013972,10.213698278756112
3013973,14.839495222951768
3013974,2.8586796807179553
3013975,16.93538837387962
3013976,1.2478367484299042
3013977,17.653963735178024
3013978,0.0
3013979,14.839495222951768
3013980,101.14080460764535
3013981,0.0
3013982,15.558070584250174
3013983,17.653963735178024
3013984,118.47134740720503
3013985,11.18467146781154
3013986,941.0022291362237
3013987,14.839495222951768
3013988,4.784199137192786
3013989,0.0
3013990,0.0
3013991,0.0
3013992,2750.2916773351335
3013993,0.0
3013994,475.6559675722258
3013995,1.9639421196965827
3013996,883.184674352986
3013997,1012.8743651624517
3013998,176.66856039391197
3013999,218.10797027677384
3014000,128.20002939885902
3014001,3087.2155601920845
3014002,0.0
3014003,0.0
3014004,12.928493947853042
3014005,21.28254978991788
3014006,0.0
3014007,224.51947009823635
3014008,0.0
3014009,53.58646471877262
3014010,0.0
3014011,228.0747162334056
3014012,0.0
3014013,254.97476395486387
3014014,280.77314178130416
3014015,0.0
3014016,0.0
3014017,264.10894016800063
3014018,88.13426016403565
3014019,3943.402197452931
3014020,0.0
3014021,0.0
3014022,24.071535338648346
3014023,21.975642187720496
3014024,21.975642187720496
3014025,2788.077349870836
3014026,21.975642187720496
3014027,332.20948096435416
3014028,26.31383684013815
3014029,1047.5519921739556
3014030,926.3085394996068
3014031,282.5503077451462
3014032,104.80950374008225
3014033,48.51540581038347
3014034,3697.1262990225437
3014035,26.35785968370641
3014036,21.975642187720496
3014037,34.456498332038564
3014038,41.85394689450186
3014039,21.975642187720496
3014040,284.61103040234923
3014041,24.071535338648346
3014042,24.79011069994675
3014043,24.79011069994675
3014044,112.9366889258537
3014045,21.975642187720496
3014046,141.3812075040474
3014047,223.40414419425124
3014048,22.6942175490189
3014049,24.79011069994675
3014050,124.90617326884816
3014051,16.219325049248425
3014052,846.4210668900201
3014053,21.975642187720496
3014054,26.31383684013815
3014055,4.32855070264128
3014056,2.23265755171343
3014057,41.376420915675
3014058,2355.5779883630016
3014059,2.23265755171343
3014060,465.7309372702138
3014061,4.783798253218549
3014062,828.6194248879991
3014063,923.3962761853444
3014064,398.140063313856
3014065,143.10500686027885
3014066,55.35467691418347
3014067,3299.9273841389363
3014068,4.827821096786806
3014069,2.23265755171343
3014070,49.22534587700915
3014071,49.18132303344089
3014072,2.23265755171343
3014073,347.0825157709101
3014074,4.32855070264128
3014075,5.047126063939686
3014076,5.047126063939686
3014077,149.55554259434814
3014078,2.23265755171343
3014079,132.96560904728125
3014080,351.8510807887706
3014081,2.951232913011836
3014082,5.047126063939686
3014083,146.40138578536045
3014084,0.0
3014085,688.5376367594231
3014086,2.23265755171343
3014087,4.783798253218549
3014088,30.782373420542797
3014089,24.939757296636117
3014090,28.04275921361409
3014091,7572.010694315825
3014092,24.939757296636117
3014093,919.5995815316062
3014094,35.78569616378826
3014095,1672.0384376958446
3014096,2043.0036581272966
3014097,368.25883050307834
3014098,613.6043911110797
3014099,315.93135764851695
3014100,7000.159578782611
3014101,0.0
3014102,24.939757296636117
3014103,28.381370864858866
3014104,8.056572600002426
3014105,24.939757296636117
3014106,632.0399282682336
3014107,34.2619700235968
3014108,500.60391261298963
3014109,0.0
3014110,146.86406834963515
3014111,27.11586936984122
3014112,962.3101628520321
3014113,399.29727965754006
3014114,27.11586936984122
3014115,27.496104727446436
3014116,881.6435648921758
3014117,272.83943572983026
3014118,10118.941154644914
3014119,27.11586936984122
3014120,109.88544895612716
3014121,0.0
3014122,0.0
3014123,0.0
3014124,1169.6163517926939
3014125,0.0
3014126,168.64015237329465
3014127,0.0
3014128,292.4595896532391
3014129,336.4560824419147
3014130,5.472319613124796
3014131,0.0
3014132,0.0
3014133,1632.6344089953448
3014134,0.0
3014135,0.0
3014136,0.0
3014137,0.0
3014138,0.0
3014139,177.08702554630585
3014140,0.0
3014141,0.0
3014142,0.0
3014143,0.0
3014144,0.0
3014145,32.80552755203138
3014146,58.273369084852504
3014147,0.0
3014148,0.0
3014149,50.13607035159106
3014150,0.0
3014151,312.4931364781866
3014152,0.0
3014153,0.0
3014154,23.134356627008344
3014155,20.31988811478209
3014156,20.31988811478209
3014157,2655.520457406612
3014158,20.31988811478209
3014159,372.48244900351796
3014160,24.6580827671998
3014161,1156.4405914429958
3014162,845.0206040400354
3014163,223.48443656881565
3014164,133.09317715150334
3014165,70.07338090303637
3014166,3630.926715310043
3014167,24.702105610768058
3014168,20.31988811478209
3014169,31.256680400899427
3014170,36.31389899681682
3014171,20.31988811478209
3014172,280.6627470032795
3014173,22.41578126570994
3014174,22.41578126570994
3014175,26.61395323006235
3014176,20.273332931980804
3014177,20.31988811478209
3014178,174.97662720117947
3014179,243.67777572268437
3014180,20.31988811478209
3014181,23.134356627008344
3014182,176.7390877366773
3014183,14.487374032092191
3014184,611.0001323621036
3014185,20.31988811478209
3014186,23.939507405901395
3014187,0.0
3014188,0.0
3014189,0.0
3014190,1100.0257738932837
3014191,0.0
3014192,170.1604874633868
3014193,0.0
3014194,325.2220742675506
3014195,274.6053409269037
3014196,71.9427429771053
3014197,0.0
3014198,0.0
3014199,1607.427058644221
3014200,0.0
3014201,0.0
3014202,0.0
3014203,0.0
3014204,0.0
3014205,86.10733202038836
3014206,0.0
3014207,0.0
3014208,0.0
3014209,1.8746172742297063
3014210,0.0
3014211,8.211988765108742
3014212,0.0
3014213,0.0
3014214,0.0
3014215,25.542531564668423
3014216,0.0
3014217,248.2825825880547
3014218,0.0
3014219,0.0
3014220,17.20568186328643
3014221,14.391213351060173
3014222,14.391213351060173
3014223,2058.1512783744643
3014224,14.391213351060173
3014225,321.07325070537274
3014226,18.729408003477886
3014227,1156.376911632826
3014228,898.742716754014
3014229,206.4910114017384
3014230,76.47632762027712
3014231,51.52171325048795
3014232,3236.324956219094
3014233,18.773430847046143
3014234,14.391213351060173
3014235,30.64048342920887
3014236,21.758316467912834
3014237,14.391213351060173
3014238,375.22746961328926
3014239,16.487106501988023
3014240,16.487106501988023
3014241,20.685278466340435
3014242,22.03577488769787
3014243,14.391213351060173
3014244,125.6829532609257
3014245,213.965779354969
3014246,14.391213351060173
3014247,17.20568186328643
3014248,131.97357324304883
3014249,0.0
3014250,554.1274185460247
3014251,14.391213351060173
3014252,18.01083264217948
3014253,6.208898029467832
3014254,4.113004878539982
3014255,8.823680690433775
3014256,2654.922749480504
3014257,4.113004878539982
3014258,271.3402647061621
3014259,8.451199530957695
3014260,1011.1689533586916
3014261,734.9283723712936
3014262,195.37755409890346
3014263,90.20619212848243
3014264,32.838797925839
3014265,3568.950758467398
3014266,8.495222374525952
3014267,4.113004878539982
3014268,20.53690664003409
3014269,30.438898820326187
3014270,4.113004878539982
3014271,269.3268766091204
3014272,6.208898029467832
3014273,6.927473390766238
3014274,6.927473390766238
3014275,87.07905503413434
3014276,4.113004878539982
3014277,124.91209731262475
3014278,169.84776514661942
3014279,4.831580239838388
3014280,6.927473390766238
3014281,138.98126743584882
3014282,0.0
3014283,505.5043752505469
3014284,4.113004878539982
3014285,8.451199530957695
3014286,14.808087991748096
3014287,12.712194840820246
3014288,12.712194840820246
3014289,1420.852313938798
3014290,12.712194840820246
3014291,154.92517437816366
3014292,0.0
3014293,634.8656408306523
3014294,443.5177502108594
3014295,63.340717487421614
3014296,0.0
3014297,0.0
3014298,1929.5964349467658
3014299,3.5318331371291265
3014300,12.712194840820246
3014301,4.814088753843691
3014302,4.606801293570527
3014303,12.712194840820246
3014304,117.88569899937542
3014305,14.808087991748096
3014306,15.526663353046501
3014307,15.526663353046501
3014308,11.176948898840521
3014309,12.712194840820246
3014310,17.928774881576828
3014311,22.464304714502305
3014312,13.430770202118651
3014313,15.526663353046501
3014314,24.219394863700018
3014315,0.0
3014316,204.06116114181833
3014317,12.712194840820246
3014318,3.4878102935608695
3014319,23.046527429402033
3014320,20.950634278474183
3014321,20.950634278474183
3014322,2443.4834644637176
3014323,20.950634278474183
3014324,338.7715931238516
3014325,11.726249731214864
3014326,892.8000503302657
3014327,401.8090054936622
3014328,380.2016119117135
3014329,82.47387013340989
3014330,76.0905073148183
3014331,3379.971184256346
3014332,11.770272574783121
3014333,20.950634278474183
3014334,0.0
3014335,27.266359785578572
3014336,20.950634278474183
3014337,245.1415724813694
3014338,23.046527429402033
3014339,23.76510279070044
3014340,23.76510279070044
3014341,0.0
3014342,20.950634278474183
3014343,142.38364821616247
3014344,216.49544145831598
3014345,21.66920963977259
3014346,23.76510279070044
3014347,144.14610875166025
3014348,0.0
3014349,654.0002998354256
3014350,20.950634278474183
3014351,11.726249731214864
3014352,3.960047515563076
3014353,1.1455790033368203
3014354,5.762533722322644
3014355,2615.08286196244
3014356,1.1455790033368203
3014357,442.8402518352078
3014358,5.483773655754533
3014359,908.5890141987762
3014360,862.8500099004428
3014361,265.9830803921411
3014362,195.5666603442091
3014363,178.9951500135123
3014364,3294.071149573282
3014365,0.0
3014366,1.1455790033368203
3014367,10.126384102386453
3014368,15.042313201391778
3014369,1.1455790033368203
3014370,298.5930641449834
3014371,7.439644118617082
3014372,13.32534163908133
3014373,3.960047515563076
3014374,217.1165183956742
3014375,1.864154364635226
3014376,280.36624920221925
3014377,272.4396120934472
3014378,1.864154364635226
3014379,3.960047515563076
3014380,290.09975553162167
3014381,120.55715372863276
3014382,4147.418823626542
3014383,1.1455790033368203
3014384,0.0
3014385,8.854817695216695
3014386,6.04034918299044
3014387,25.52709966046848
3014388,2111.8099431517685
3014389,6.04034918299044
3014390,286.7966497565392
3014391,13.858140438462158
3014392,832.9801087269941
3014393,850.6782680965315
3014394,0.0
3014395,123.43292181030452
3014396,92.3432418818162
3014397,2901.604656769612
3014398,0.0
3014399,6.04034918299044
3014400,43.75343292837846
3014401,42.48638246387236
3014402,6.04034918299044
3014403,208.430376772487
3014404,12.334414298270701
3014405,23.463748113291842
3014406,12.334414298270701
3014407,62.41076740491957
3014408,6.7589245442888455
3014409,210.67916764542
3014410,151.63452732575027
3014411,6.7589245442888455
3014412,6.655072023327023
3014413,217.96601699771716
3014414,49.62613453615654
3014415,3007.452678710339
3014416,6.04034918299044
3014417,0.0
3014418,1.0629808781216639
3014419,0.0
3014420,12.156274490241515
3014421,2656.9467765224244
3014422,0.0
3014423,419.9894418183428
3014424,2.5867070183131204
3014425,979.9818929392046
3014426,1069.591968567573
3014427,232.03695856405525
3014428,120.05531108124634
3014429,63.39535025529176
3014430,3842.269518332547
3014431,0.0
3014432,0.0
3014433,20.2480869535986
3014434,21.530853049074665
3014435,0.0
3014436,208.43845602950176
3014437,4.54257748117567
3014438,4.54257748117567
3014439,15.589565056260426
3014440,0.0
3014441,0.0
3014442,156.62528035085322
3014443,304.78017384494365
3014444,0.0
3014445,1.0629808781216639
3014446,139.51858722486722
3014447,7.175949999202601
3014448,1201.5543001649612
3014449,0.0
3014450,6.066303621367126
3014451,13.808990701982452
3014452,10.994522189756196
3014453,18.337526053698014
3014454,2650.2871725454274
3014455,10.994522189756196
3014456,346.0686953912424
3014457,18.812313445227858
3014458,848.1472072271677
3014459,844.2667960313336
3014460,48.382859313881966
3014461,261.4179552325841
3014462,181.59116977751555
3014463,2995.860775031961
3014464,0.0
3014465,10.994522189756196
3014466,40.270227808455274
3014467,40.22620496488702
3014468,10.994522189756196
3014469,156.07354689452484
3014470,17.288587305036458
3014471,0.0
3014472,13.808990701982452
3014473,175.7132493991891
3014474,11.713097551054602
3014475,291.51326706054186
3014476,213.2364502800922
3014477,11.713097551054602
3014478,17.288587305036458
3014479,308.84380986010143
3014480,144.58505288185583
3014481,2856.1605252421664
3014482,11.713097551054602
3014483,0.0
3014484,16.08494657474978
3014485,13.989053423821929
3014486,13.989053423821929
3014487,2440.63369549106
3014488,13.989053423821929
3014489,313.009358426934
3014490,18.32724807623964
3014491,1283.7380397531201
3014492,985.9101368494189
3014493,184.0781083391433
3014494,80.86265679945564
3014495,81.86981133075813
3014496,4163.274604726812
3014497,21.850867522861904
3014498,13.989053423821929
3014499,23.823870778967205
3014500,23.61658331869404
3014501,13.989053423821929
3014502,363.52430881348084
3014503,16.803521936048185
3014504,16.803521936048185
3014505,16.803521936048185
3014506,21.633614960459624
3014507,14.707628785120335
3014508,130.70267582524914
3014509,208.74527338294124
3014510,14.707628785120335
3014511,16.803521936048185
3014512,135.72650903708248
3014513,4.028427057750321
3014514,583.088168876101
3014515,13.989053423821929
3014516,18.32724807623964
3014517,0.0
3014518,0.0
3014519,14.353343107863168
3014520,2204.3824712641476
3014521,0.0
3014522,287.9227081383167
3014523,1.3550862480828982
3014524,775.3846858777056
3014525,794.9349189674235
3014526,0.0
3014527,168.46412528385534
3014528,109.43582583286158
3014529,2902.393738701059
3014530,0.0
3014531,0.0
3014532,13.54155596393224
3014533,15.574780157717498
3014534,0.0
3014535,200.24862225155854
3014536,0.0
3014537,0.0
3014538,0.0
3014539,27.323257633745186
3014540,0.0
3014541,214.26297033847962
3014542,155.6765280845012
3014543,0.0
3014544,0.0
3014545,206.5611992055328
3014546,52.26461631827203
3014547,2845.5529381604297
3014548,0.0
3014549,0.0
3014550,14.454617737826936
3014551,11.64014922560068
3014552,2.867422248763546
3014553,2492.0818789841287
3014554,11.64014922560068
3014555,560.1013019430841
3014556,14.191289927105743
3014557,732.0635531324349
3014558,757.384373296419
3014559,385.7310602756955
3014560,157.21318607537017
3014561,121.76448998835406
3014562,2751.514774170827
3014563,40.06910470056141
3014564,11.64014922560068
3014565,18.833900373737663
3014566,23.687622570338192
3014567,11.64014922560068
3014568,315.9183923352863
3014569,17.934214340880942
3014570,133.52235232812419
3014571,47.86559419393262
3014572,150.5116195226506
3014573,12.358724586899086
3014574,181.90781274120926
3014575,445.67313643135253
3014576,12.358724586899086
3014577,14.454617737826936
3014578,195.31025999704764
3014579,63.959887088619496
3014580,3340.8257311736584
3014581,11.64014922560068
3014582,16.043050029660492
3014583,11.841279040042139
3014584,9.026810527815883
3014585,8.461825321863898
3014586,3660.3352623817145
3014587,9.026810527815883
3014588,357.893577862594
3014589,1.5894799314691568
3014590,1135.4085105370166
3014591,785.2997131538926
3014592,330.5181890233807
3014593,87.74440565710114
3014594,25.164512296433827
3014595,3612.4234769429963
3014596,1.6335027750374138
3014597,9.026810527815883
3014598,6.322278985346259
3014599,6.278256141778002
3014600,9.026810527815883
3014601,300.48092766454755
3014602,11.122703678743733
3014603,11.122703678743733
3014604,11.841279040042139
3014605,0.0
3014606,9.026810527815883
3014607,131.4936542865997
3014608,245.19074327143045
3014609,9.026810527815883
3014610,11.122703678743733
3014611,133.2561148220975
3014612,0.0
3014613,647.2559705930555
3014614,9.026810527815883
3014615,0.870904570170751
3014616,188.0546408836566
3014617,0.0
3014618,0.0
3014619,8729.493908300423
3014620,0.0
3014621,1169.3195297029201
3014622,9.152189475516423
3014623,2229.2854355741283
3014624,1957.8399282229284
3014625,570.7439148250868
3014626,664.8281550306743
3014627,320.31990615938037
3014628,8814.9586545609
3014629,16.29158249548533
3014630,0.0
3014631,0.0
3014632,0.0
3014633,0.0
3014634,637.2225951866476
3014635,236.34784804017028
3014636,30.439441396889663
3014637,132.672267696155
3014638,261.80723333051367
3014639,0.4823626815693842
3014640,1030.9810018880405
3014641,715.7685902477677
3014642,0.4823626815693842
3014643,7.628463335324966
3014644,950.3144039281838
3014645,289.32258978704925
3014646,13244.502982395643
3014647,233.98752730021437
3014648,103.9283051155031
3014649,0.0
3014650,0.0
3014651,14.687743175669652
3014652,8025.318485203082
3014653,0.0
3014654,1030.6675218132423
3014655,8.026835947783809
3014656,1894.444530515334
3014657,2040.8340495945913
3014658,330.8339720419327
3014659,579.6163131496799
3014660,235.10806427838597
3014661,8849.697901172322
3014662,0.0
3014663,0.0
3014664,9.297504772253262
3014665,0.0
3014666,0.0
3014667,741.9159413044222
3014668,0.0
3014669,0.0
3014670,0.0
3014671,195.0652577384592
3014672,0.0
3014673,945.7691600070457
3014674,646.2211120938864
3014675,0.0
3014676,6.503109807592352
3014677,866.5073589066502
3014678,205.51554476551536
3014679,7652.432663109011
3014680,228.2394152796345
3014681,0.0
3014682,15.70455386163411
3014683,16.433185717624553
3014684,55.710177869536096
3014685,5225.0090162043625
3014686,16.433185717624553
3014687,674.6468957625407
3014688,25.722246066828404
3014689,1919.7905853496625
3014690,1361.9343795725717
3014691,358.4824407015633
3014692,219.70672073371975
3014693,124.58767168454153
3014694,6762.897345582795
3014695,0.0
3014696,16.433185717624553
3014697,62.92784374213085
3014698,97.01636836733246
3014699,16.433185717624553
3014700,487.4898079722567
3014701,115.24850928161933
3014702,86.26014681211245
3014703,58.4248930742566
3014704,47.24513631929665
3014705,17.15176107892296
3014706,636.6131925720181
3014707,565.8706689829785
3014708,38.799846126290106
3014709,73.70968756879853
3014710,557.351391471622
3014711,79.23542933037527
3014712,3017.6716227554507
3014713,0.0
3014714,0.0
3014715,153.374590253828
3014716,0.0
3014717,38.21650717142944
3014718,6767.528028566055
3014719,0.0
3014720,749.8575820052561
3014721,8.051315750026617
3014722,1733.981795576085
3014723,1567.575186801419
3014724,56.95793146956544
3014725,434.8151847366781
3014726,106.06665870667942
3014727,8308.504633924946
3014728,0.0
3014729,0.0
3014730,51.98802562426778
3014731,23.40574863169735
3014732,0.0
3014733,754.7313852071863
3014734,0.0
3014735,243.88824507053388
3014736,0.0
3014737,5.164575405402445
3014738,0.0
3014739,851.7216565749762
3014740,242.6415832207464
3014741,0.0
3014742,6.527589609835161
3014743,705.1980875893581
3014744,60.71441635251307
3014745,6628.370912779089
3014746,154.2766635587788
3014747,0.0
3014748,4.52976431428857
3014749,3.2003491902409564
3014750,42.4773413421525
3014751,4746.008446372716
3014752,3.2003491902409564
3014753,645.3039220180974
3014754,12.489409539444807
3014755,1772.9481948600815
3014756,1360.6947353411178
3014757,334.5786925238207
3014758,189.55947299299183
3014759,94.4404239438137
3014760,6489.754894815473
3014761,0.0
3014762,3.2003491902409564
3014763,54.53978079912196
3014764,83.78353183994886
3014765,3.2003491902409564
3014766,479.9285812087929
3014767,10.96568339925335
3014768,55.71807984483519
3014769,18.762144674097044
3014770,56.25557848698952
3014771,3.9189245515393623
3014772,606.4659448312902
3014773,431.5499866670873
3014774,3.9189245515393623
3014775,10.96568339925335
3014776,527.2041437308942
3014777,49.08818158964726
3014778,2394.499302685197
3014779,27.35970631473174
3014780,0.0
3014781,33.46771762934725
3014782,32.138302505299635
3014783,42.040666033743946
3014784,5964.222811848814
3014785,32.138302505299635
3014786,843.8014356043435
3014787,39.95609376077135
3014788,1811.4590053271884
3014789,1707.650858424847
3014790,539.9969666571984
3014791,290.24136780420616
3014792,179.3625959137325
3014793,7193.943206545165
3014794,0.0
3014795,32.138302505299635
3014796,35.34277788954057
3014797,71.48934949478024
3014798,32.138302505299635
3014799,607.7072299986673
3014800,43.423897499666566
3014801,0.0
3014802,6.462050551169284
3014803,227.19493137678484
3014804,32.85687786659804
3014805,656.3942146615726
3014806,722.943689961819
3014807,32.85687786659804
3014808,38.432367620579896
3014809,577.1324135611766
3014810,149.77007640086163
3014811,10660.763112948602
3014812,61.1420946068917
3014813,0.0
3014814,7.974368023168097
3014815,5.159899510941841
3014816,5.159899510941841
3014817,1884.0422132602976
3014818,5.159899510941841
3014819,247.08851977077427
3014820,9.498094163359553
3014821,713.9759230229893
3014822,591.1623535224767
3014823,0.0
3014824,165.49194459084399
3014825,98.71357873009924
3014826,2774.220271262147
3014827,0.0
3014828,5.159899510941841
3014829,16.21795164734499
3014830,42.251456225195625
3014831,5.159899510941841
3014832,259.9656342775769
3014833,7.974368023168097
3014834,0.0
3014835,0.0
3014836,4.666316943087452
3014837,5.159899510941841
3014838,190.28869273704694
3014839,184.5402455139778
3014840,5.159899510941841
3014841,7.974368023168097
3014842,203.58901851252145
3014843,40.90897583036468
3014844,1808.2404215070978
3014845,5.159899510941841
3014846,0.0
3014847,20.325324588878516
3014848,17.51085607665226
3014849,45.31572288099244
3014850,4033.853182680151
3014851,17.51085607665226
3014852,521.0530733810065
3014853,26.79991642585611
3014854,1314.0108460268589
3014855,873.6827120357556
3014856,175.04170136693872
3014857,52.70523105328414
3014858,0.0
3014859,5168.7921666671355
3014860,0.0
3014861,17.51085607665226
3014862,32.00156753433686
3014863,70.00249585850474
3014864,17.51085607665226
3014865,491.8796046762143
3014866,56.94007782454554
3014867,40.976245390133556
3014868,20.325324588878516
3014869,0.0
3014870,18.229431437950666
3014871,353.7041344305208
3014872,321.33431397595746
3014873,18.229431437950666
3014874,20.325324588878516
3014875,418.355537554638
3014876,0.0
3014877,1981.0234424632345
3014878,0.0
3014879,0.0
3014880,9.358997805220952
3014881,7.263104654293102
3014882,18.79838113433783
3014883,4182.808389235754
3014884,7.263104654293102
3014885,782.6286775350986
3014886,11.601299306710814
3014887,1595.1027917996732
3014888,1507.5698739620436
3014889,260.87604403036823
3014890,357.7149964911911
3014891,134.1668992952087
3014892,4171.501541353412
3014893,0.0
3014894,7.263104654293102
3014895,19.50867821892001
3014896,104.76760134262827
3014897,7.263104654293102
3014898,659.2764671967511
3014899,9.358997805220952
3014900,54.13312835606746
3014901,10.077573166519358
3014902,39.10183700781249
3014903,7.263104654293102
3014904,638.4498062050974
3014905,419.52293220229274
3014906,7.9816800155915075
3014907,10.077573166519358
3014908,499.1055994179295
3014909,71.73030171311774
3014910,7951.480408991093
3014911,7.263104654293102
3014912,37.75185853265606
3014913,63.73517004746799
3014914,60.92070153524173
3014915,0.0
3014916,3088.658673785524
3014917,60.92070153524173
3014918,856.7729952372447
3014919,51.69631698798236
3014920,1268.2314680382037
3014921,1240.8531810376408
3014922,616.977807921721
3014923,93.08159611862101
3014924,14.52727440416868
3014925,5945.755560797139
3014926,64.32849543757067
3014927,60.92070153524173
3014928,34.25531359970978
3014929,0.0
3014930,60.92070153524173
3014931,596.322738948913
3014932,63.01659468616958
3014933,290.9268030355995
3014934,63.01659468616958
3014935,301.0016823822616
3014936,60.92070153524173
3014937,126.44923326223201
3014938,746.9610418412568
3014939,60.92070153524173
3014940,63.01659468616958
3014941,133.51125671867095
3014942,0.0
3014943,8734.812277341738
3014944,60.92070153524173
3014945,67.60753397938674
3014946,20.800572629654084
3014947,17.98610411742783
3014948,45.900851142494275
3014949,2004.0380508739524
3014950,17.98610411742783
3014951,446.0033797017489
3014952,20.537244818932948
3014953,999.4532620221432
3014954,919.3037351001285
3014955,250.4493116106084
3014956,221.92538884318895
3014957,187.67941209760102
3014958,2905.305719450999
3014959,23.0907632610041
3014960,17.98610411742783
3014961,21.700258662510862
3014962,58.36436789850211
3014963,17.98610411742783
3014964,222.93400495396932
3014965,20.08199726835568
3014966,4.540675084629868
3014967,20.08199726835568
3014968,114.00526751606134
3014969,17.98610411742783
3014970,318.4778588787452
3014971,390.03995296633497
3014972,17.98610411742783
3014973,20.08199726835568
3014974,261.4272596243272
3014975,131.27960605732738
3014976,2820.7824491783736
3014977,17.98610411742783
3014978,16.974976174950598
3014979,15.014315136538585
3014980,12.199846624312329
3014981,12.199846624312329
3014982,1902.2710581124145
3014983,12.199846624312329
3014984,224.98963622546253
3014985,2.9754620770529527
3014986,850.5111783625509
3014987,498.73377287961216
3014988,73.05557085641556
3014989,30.03761977791862
3014990,59.77230589220869
3014991,2667.483633192544
3014992,3.0194849206212098
3014993,12.199846624312329
3014994,7.78133714038978
3014995,7.574049680116616
3014996,12.199846624312329
3014997,195.62079221948275
3014998,14.295739775240179
3014999,14.295739775240179
3015000,14.295739775240179
3015001,10.997005394648909
3015002,12.199846624312329
3015003,84.78325325039623
3015004,90.85087348102553
3015005,12.199846624312329
3015006,14.295739775240179
3015007,90.44047984737438
3015008,0.0
3015009,291.5506412889174
3015010,12.199846624312329
3015011,2.256886715754547
3015012,10.51458293038462
3015013,7.700114418158364
3015014,17.720975371462885
3015015,2713.8188307503488
3015016,7.700114418158364
3015017,338.0877926465568
3015018,16.98917476736227
3015019,1046.7072986048963
3015020,894.5288159601539
3015021,77.53882234275909
3015022,175.45621001892923
3015023,138.65553964044065
3015024,4124.680576176612
3015025,0.0
3015026,7.700114418158364
3015027,56.32482604937866
3015028,56.2808032058104
3015029,7.700114418158364
3015030,214.59887661377317
3015031,15.465448627170758
3015032,13.350306664507798
3015033,0.0
3015034,71.74895950200977
3015035,8.41868977945677
3015036,307.08132831415
3015037,247.07628699727877
3015038,8.41868977945677
3015039,15.465448627170758
3015040,331.4765077525744
3015041,103.05421960424164
3015042,2805.63296523414
3015043,8.41868977945677
3015044,100.3511954226114
3015045,0.7589649759300414
3015046,0.0
3015047,12.580526990869942
3015048,4279.0158009899715
3015049,0.0
3015050,498.2004793855426
3015051,5.762287719175504
3015052,1093.7538553888812
3015053,1406.3591530481397
3015054,185.9259659625549
3015055,352.576930908283
3015056,140.4787890024883
3015057,3449.288890307845
3015058,0.0
3015059,0.0
3015060,19.774792905063293
3015061,0.0
3015062,0.0
3015063,492.1690759162145
3015064,4.238561578984047
3015065,91.45190828787554
3015066,7.035974147146646
3015067,89.05782707843673
3015068,0.0
3015069,537.1054047613925
3015070,185.23709016264266
3015071,0.0
3015072,4.238561578984047
3015073,456.4388068015356
3015074,97.38686708380163
3015075,7519.177049141262
3015076,0.0
3015077,94.42556031228105
3015078,15.862994053291231
3015079,13.048525541064976
3015080,27.68455606823113
3015081,4668.905620807208
3015082,13.048525541064976
3015083,597.9356244990681
3015084,20.866316796536694
3015085,1284.8143589756812
3015086,1660.2930581300268
3015087,303.2622688576091
3015088,263.85216834680233
3015089,199.8086118650598
3015090,4506.237275041821
3015091,0.0
3015092,13.048525541064976
3015093,28.143892273715892
3015094,44.64383887163501
3015095,13.048525541064976
3015096,533.7547338564265
3015097,19.342590656345237
3015098,80.37976129810153
3015099,0.0
3015100,116.73276430363387
3015101,13.767100902363381
3015102,612.5579400877554
3015103,326.4302657990271
3015104,13.767100902363381
3015105,19.342590656345237
3015106,531.8913421278985
3015107,156.7166899463727
3015108,6279.092317545229
3015109,13.767100902363381
3015110,0.0
3015111,0.0
3015112,0.0
3015113,10.599755008007207
3015114,3481.448208304701
3015115,0.0
3015116,405.4881514225569
3015117,1.822420674954742
3015118,1091.0553757382243
3015119,1207.2617499514895
3015120,352.5570713147457
3015121,160.72890876303697
3015122,86.52162224193341
3015123,5569.690670367552
3015124,0.0
3015125,0.0
3015126,24.361932143330307
3015127,19.473135715387343
3015128,0.0
3015129,169.08574644057944
3015130,0.29869453476328545
3015131,0.29869453476328545
3015132,0.0
3015133,0.0
3015134,0.0
3015135,203.23572370483518
3015136,339.22050275136235
3015137,0.0
3015138,0.29869453476328545
3015139,216.67150044291432
3015140,52.38076505604812
3015141,1143.5572842795596
3015142,0.0
3015143,0.0
3015144,19.511901253300096
3015145,16.69743274107384
3015146,17.416008102372246
3015147,1951.4136177712744
3015148,16.69743274107384
3015149,264.5071420850139
3015150,25.986493090277747
3015151,535.2656127911387
3015152,526.3821307519673
3015153,0.0
3015154,224.48037800744916
3015155,122.28292027442225
3015156,2085.6468290470075
3015157,0.0
3015158,16.69743274107384
3015159,32.205722452396344
3015160,48.091184696199264
3015161,16.69743274107384
3015162,98.17669231220555
3015163,24.462766950086234
3015164,24.462766950086234
3015165,19.511901253300096
3015166,35.5539103432867
3015167,17.416008102372246
3015168,272.7505035040682
3015169,189.31981530760575
3015170,17.416008102372246
3015171,24.462766950086234
3015172,223.7992385609031
3015173,78.88030820630286
3015174,1818.6289982274955
3015175,17.416008102372246
3015176,105.74980748171507
3015177,4.746727722072421
3015178,1.9322592098461655
3015179,2.6508345711445713
3015180,719.1254812104996
3015181,1.9322592098461655
3015182,213.30759382807508
3015183,0.0
3015184,387.71339197710864
3015185,286.5331531234005
3015186,77.15517808874671
3015187,91.31728170138359
3015188,66.37719535588656
3015189,1705.4339434329454
3015190,0.0
3015191,1.9322592098461655
3015192,0.0
3015193,0.0
3015194,1.9322592098461655
3015195,155.14632470858078
3015196,9.69759341885856
3015197,9.69759341885856
3015198,4.746727722072421
3015199,15.352300002138179
3015200,2.6508345711445713
3015201,151.8421044452133
3015202,113.31066356198028
3015203,2.6508345711445713
3015204,9.69759341885856
3015205,116.76878554015039
3015206,58.01349229225656
3015207,106.25659023435838
3015208,0.0
3015209,0.0
3015210,10.760356428092791
3015211,7.945887915866535
3015212,8.664463277164941
3015213,3645.1756892963194
3015214,7.945887915866535
3015215,424.8229951561135
3015216,15.763679171338254
3015217,1171.0756579788547
3015218,823.0070470804396
3015219,280.1868182769804
3015220,159.29866571076153
3015221,87.80087630593937
3015222,5871.399836368519
3015223,7.820239183220053
3015224,7.945887915866535
3015225,19.07465104676652
3015226,16.22745737924413
3015227,7.945887915866535
3015228,83.453530480589
3015229,10.760356428092791
3015230,10.760356428092791
3015231,14.239953031146797
3015232,0.0
3015233,8.664463277164941
3015234,204.48606006390204
3015235,257.0938657848445
3015236,8.664463277164941
3015237,14.239953031146797
3015238,206.9842157120576
3015239,49.801827660218294
3015240,1057.0582804111673
3015241,0.0
3015242,0.0
3015243,25.50919541439356
3015244,22.694726902167304
3015245,22.694726902167304
3015246,1559.5634148047197
3015247,22.694726902167304
3015248,233.99470443356577
3015249,13.47034235490787
3015250,719.0551449792267
3015251,481.1068270651159
3015252,148.34952143934495
3015253,90.31163761137833
3015254,56.79058239514313
3015255,2336.315603579813
3015256,9.776128261602423
3015257,22.694726902167304
3015258,13.78648073203999
3015259,0.0
3015260,22.694726902167304
3015261,181.8770535912125
3015262,24.790620053095154
3015263,24.790620053095154
3015264,0.0
3015265,0.0
3015266,22.694726902167304
3015267,124.84071287471338
3015268,143.99841403440908
3015269,22.694726902167304
3015270,24.790620053095154
3015271,117.10205104235186
3015272,3.049498120746591
3015273,46.456327647193575
3015274,0.0
3015275,12.751766993609465
3015276,25.50919541439356
3015277,22.694726902167304
3015278,22.694726902167304
3015279,1505.2637447114073
3015280,22.694726902167304
3015281,231.91783634093377
3015282,13.47034235490787
3015283,629.1829263052283
3015284,340.33161428477433
3015285,149.30601835285287
3015286,89.31171225299062
3015287,87.43059583747129
3015288,2184.1446515966745
3015289,9.776128261602423
3015290,22.694726902167304
3015291,13.78648073203999
3015292,0.0
3015293,22.694726902167304
3015294,228.0253020562624
3015295,24.790620053095154
3015296,24.790620053095154
3015297,25.50919541439356
3015298,0.0
3015299,22.694726902167304
3015300,168.45007234535385
3015301,184.44880557137446
3015302,22.694726902167304
3015303,24.790620053095154
3015304,116.10212568396415
3015305,3.049498120746591
3015306,0.0
3015307,0.0
3015308,12.751766993609465
3015309,12.922309127716858
3015310,10.826415976789008
3015311,0.0
3015312,1522.6283139535662
3015313,10.826415976789008
3015314,193.12228201675214
3015315,1.6020314295296316
3015316,703.8482637490852
3015317,273.5648273043286
3015318,179.52315528251168
3015319,72.83551341962868
3015320,44.65960283739531
3015321,2226.4801499141436
3015322,0.0
3015323,10.826415976789008
3015324,0.44690071292961875
3015325,6.200619032593295
3015326,10.826415976789008
3015327,191.4588166371236
3015328,12.922309127716858
3015329,12.922309127716858
3015330,13.640884489015264
3015331,32.379351196954076
3015332,10.826415976789008
3015333,103.97591956721428
3015334,92.89905876083361
3015335,10.826415976789008
3015336,12.922309127716858
3015337,110.24230009392664
3015338,0.0
3015339,262.39354325084525
3015340,10.826415976789008
3015341,1.6020314295296316
3015342,22.530391202459214
3015343,20.434498051531364
3015344,20.434498051531364
3015345,1648.9881634462076
3015346,20.434498051531364
3015347,204.6965426091098
3015348,12.99716745518458
3015349,837.3297716294217
3015350,273.37453980378064
3015351,49.9472897911117
3015352,64.50804588742773
3015353,17.18010631429769
3015354,2569.053053616069
3015355,8.139824246702403
3015356,20.434498051531364
3015357,13.3133058323167
3015358,18.97423304773531
3015359,20.434498051531364
3015360,145.04438882799437
3015361,23.24896656375762
3015362,22.530391202459214
3015363,23.24896656375762
3015364,0.0
3015365,20.434498051531364
3015366,68.88479998768031
3015367,87.07893339561707
3015368,20.434498051531364
3015369,0.0
3015370,85.75945148657263
3015371,0.0
3015372,197.58262243701515
3015373,20.434498051531364
3015374,12.99716745518458
3015375,22.39689551014635
3015376,19.582426997920095
3015377,19.582426997920095
3015378,1541.6918961131078
3015379,19.582426997920095
3015380,173.91381272619384
3015381,10.358042450660719
3015382,732.5190487153033
3015383,244.96716167076835
3015384,46.59148657283987
3015385,61.03295155944966
3015386,31.857115618828573
3015387,1807.1778327784232
3015388,10.143424960409277
3015389,19.582426997920095
3015390,0.0
3015391,14.956630053724382
3015392,19.582426997920095
3015393,196.5569424423599
3015394,22.39689551014635
3015395,21.678320148847945
3015396,22.39689551014635
3015397,0.0
3015398,19.582426997920095
3015399,40.83638415409246
3015400,41.70948634019368
3015401,19.582426997920095
3015402,22.39689551014635
3015403,98.43973823374785
3015404,0.0
3015405,193.39476111193437
3015406,19.582426997920095
3015407,10.358042450660719
3015408,12.920811575310154
3015409,10.106343063083898
3015410,25.70614921799705
3015411,2533.8704385432297
3015412,10.106343063083898
3015413,315.7431939795818
3015414,17.924134318555673
3015415,1074.2686719096755
3015416,606.2756497421157
3015417,284.62074508210515
3015418,244.48898713907363
3015419,103.86528799243885
3015420,3609.8077074820767
3015421,27.106494547728573
3015422,10.106343063083898
3015423,13.289406998901654
3015424,19.04312531856533
3015425,10.106343063083898
3015426,221.96389379579742
3015427,16.40040817836416
3015428,16.40040817836416
3015429,0.0
3015430,69.14912606879682
3015431,10.824918424382304
3015432,409.06462798549
3015433,257.40232393495774
3015434,10.824918424382304
3015435,16.40040817836416
3015436,193.29785715187793
3015437,70.97742770520631
3015438,744.1869648309882
3015439,15.009046472933733
3015440,27.112260905219784
3015441,0.0
3015442,0.0
3015443,0.0
3015444,1723.7968145993518
3015445,0.0
3015446,78.60852161761909
3015447,0.0
3015448,101.79159740174623
3015449,179.99251578542774
3015450,0.0
3015451,0.0
3015452,0.0
3015453,1689.4823582603328
3015454,0.0
3015455,0.0
3015456,0.0
3015457,0.0
3015458,0.0
3015459,84.60016383460095
3015460,1.8877328216496494
3015461,1.8877328216496494
3015462,0.0
3015463,0.0
3015464,0.0
3015465,0.0
3015466,0.0
3015467,0.0
3015468,1.8877328216496494
3015469,0.0
3015470,0.0
3015471,653.28444991996
3015472,8.059601337186393
3015473,0.0
3015474,22.75354768928821
3015475,19.939079177061956
3015476,2.1647328684921945
3015477,2086.521035368376
3015478,19.939079177061956
3015479,201.0142617240239
3015480,12.501748580715173
3015481,819.1074912003287
3015482,212.93586135857967
3015483,63.26954471399648
3015484,77.83030081031251
3015485,30.50236123718247
3015486,2662.5367072263443
3015487,12.495982223223962
3015488,19.939079177061956
3015489,12.725095853602227
3015490,18.57160527751097
3015491,19.939079177061956
3015492,116.80435622979522
3015493,22.75354768928821
3015494,22.034972327989806
3015495,22.75354768928821
3015496,0.0
3015497,19.939079177061956
3015498,73.44712938075781
3015499,89.10018744593162
3015500,19.939079177061956
3015501,22.034972327989806
3015502,99.08170640945741
3015503,0.0
3015504,240.45302639921564
3015505,19.939079177061956
3015506,12.501748580715173
3015507,16.779597868313203
3015508,13.965129356086948
3015509,14.683704717385353
3015510,2905.440873427407
3015511,13.965129356086948
3015512,302.8414621231862
3015513,23.25418970529074
3015514,754.3929831946384
3015515,682.3902122217003
3015516,0.0
3015517,254.35692857022462
3015518,144.40940442744673
3015519,3530.446939812121
3015520,0.0
3015521,13.965129356086948
3015522,19.676515103605368
3015523,45.35888131121226
3015524,13.965129356086948
3015525,205.06026540633948
3015526,21.730463565099342
3015527,21.730463565099342
3015528,1.254500633141447
3015529,28.342888817456412
3015530,14.683704717385353
3015531,302.62705406684364
3015532,190.64043104667863
3015533,14.683704717385353
3015534,21.730463565099342
3015535,313.7581948104504
3015536,101.00679235932739
3015537,1825.3121275043516
3015538,14.683704717385353
3015539,0.0
3015540,15.722346164758108
3015541,12.907877652531852
3015542,28.584269196522143
3015543,2721.8273787493576
3015544,12.907877652531852
3015545,311.4074507514091
3015546,18.93861495709092
3015547,724.3917658555604
3015548,670.0170965362072
3015549,287.972664275541
3015550,168.02494906560946
3015551,38.143438292895496
3015552,4723.870558001146
3015553,0.0
3015554,9.448488365210892
3015555,36.075171790780246
3015556,30.999128408400622
3015557,12.907877652531852
3015558,269.25627646107165
3015559,19.201942767812113
3015560,19.201942767812113
3015561,12.262956877437148
3015562,4.149759729729624
3015563,13.626453013830258
3015564,101.95443183887147
3015565,243.0596764383203
3015566,13.626453013830258
3015567,19.201942767812113
3015568,170.0632966608527
3015569,30.388017675268827
3015570,576.8676287730129
3015571,0.0
3015572,0.0
3015573,19.269138725204698
3015574,16.454670212978442
3015575,16.454670212978442
3015576,2472.936099609515
3015577,16.454670212978442
3015578,285.17254860556824
3015579,19.005810914483504
3015580,721.7003255567113
3015581,537.0184610524041
3015582,201.43324299069218
3015583,98.76642636179412
3015584,0.0
3015585,3537.5190619936934
3015586,18.791193424232063
3015587,16.454670212978442
3015588,34.148234566033466
3015589,43.946141607214145
3015590,16.454670212978442
3015591,239.2782280709267
3015592,19.269138725204698
3015593,18.550563363906292
3015594,19.269138725204698
3015595,167.1073548711029
3015596,16.454670212978442
3015597,237.52195035192483
3015598,239.56775252899016
3015599,16.454670212978442
3015600,19.269138725204698
3015601,84.95396634429517
3015602,0.0
3015603,435.2784909864132
3015604,16.454670212978442
3015605,19.005810914483504
3015606,19.92916385268518
3015607,17.83327070175733
3015608,17.83327070175733
3015609,1312.0653275641655
3015610,17.83327070175733
3015611,216.13039890968284
3015612,24.877471357908178
3015613,488.9748320439469
3015614,229.78592251760688
3015615,73.72804154844272
3015616,80.13741700393655
3015617,32.935707217050606
3015618,1851.2759187769486
3015619,15.971621948658537
3015620,17.83327070175733
3015621,17.396004600727167
3015622,42.65679081477799
3015623,17.83327070175733
3015624,231.18614173702724
3015625,19.92916385268518
3015626,19.92916385268518
3015627,25.14079916862937
3015628,17.286908263938358
3015629,17.83327070175733
3015630,103.73671345301798
3015631,31.475780069524433
3015632,17.83327070175733
3015633,19.92916385268518
3015634,57.910682935211184
3015635,0.0
3015636,246.16151905939392
3015637,4.718749167534554
3015638,19.665836041963985
3015639,10.278561543383887
3015640,7.464093031157631
3015641,8.182668392456037
3015642,1471.3600622672054
3015643,7.464093031157631
3015644,114.00369135263472
3015645,15.281884286629406
3015646,449.6591449516576
3015647,370.50497046213917
3015648,53.35538060107257
3015649,167.11507213608533
3015650,69.99521146791363
3015651,1473.530373544878
3015652,0.0
3015653,7.464093031157631
3015654,11.704209684944033
3015655,5.71816204340422
3015656,7.464093031157631
3015657,104.81405486654984
3015658,13.758158146437893
3015659,9.559986182085481
3015660,0.0
3015661,0.0
3015662,8.182668392456037
3015663,180.33510587843895
3015664,0.0
3015665,8.182668392456037
3015666,10.278561543383887
3015667,165.0291358300785
3015668,20.110205475478324
3015669,1025.371418570966
3015670,7.464093031157631
3015671,94.25696279155915
3015672,21.585278815433867
3015673,19.489385664506017
3015674,19.489385664506017
3015675,3009.781577060613
3015676,19.489385664506017
3015677,504.77470043673384
3015678,23.82758031692373
3015679,954.7213552364229
3015680,1007.4680971782775
3015681,320.01489056637564
3015682,195.88880587241428
3015683,168.87358966142662
3015684,3296.421797070545
3015685,0.0
3015686,19.489385664506017
3015687,14.912379866362585
3015688,62.93543846332932
3015689,19.489385664506017
3015690,219.04798505150094
3015691,21.585278815433867
3015692,22.303854176732273
3015693,22.303854176732273
3015694,224.77203678878098
3015695,19.489385664506017
3015696,274.62597634723915
3015697,298.4429455957299
3015698,20.207961025804423
3015699,22.303854176732273
3015700,280.4242246876639
3015701,104.65224607031817
3015702,2699.7349673101644
3015703,19.489385664506017
3015704,54.20748647875763
3015705,14.508166636837302
3015706,12.412273485909452
3015707,0.0
3015708,1914.4170257505561
3015709,12.412273485909452
3015710,83.71386267737563
3015711,4.974942889562669
3015712,673.4841189590193
3015713,235.74025116429104
3015714,0.0
3015715,68.73940427123836
3015716,0.0
3015717,1511.2752529166232
3015718,0.0
3015719,12.412273485909452
3015720,4.876864890931358
3015721,0.0
3015722,12.412273485909452
3015723,36.75520433741326
3015724,14.508166636837302
3015725,15.226741998135708
3015726,15.226741998135708
3015727,13.995567709296154
3015728,13.130848847207858
3015729,77.0576036611427
3015730,0.0
3015731,12.412273485909452
3015732,15.226741998135708
3015733,66.65346796523141
3015734,0.0
3015735,1252.7754216899766
3015736,12.412273485909452
3015737,1.4664793671582856
3015738,22.47644645340921
3015739,20.38055330248136
3015740,0.0
3015741,1029.5826985314764
3015742,20.38055330248136
3015743,69.77230001243424
3015744,11.156168755221927
3015745,255.44427740666856
3015746,344.377398362137
3015747,8.780438116095695
3015748,70.98849220047299
3015749,0.0
3015750,855.3383115125398
3015751,2.1288546527769086
3015752,20.38055330248136
3015753,11.058090756590559
3015754,15.75475635828559
3015755,20.38055330248136
3015756,20.363762896642754
3015757,22.47644645340921
3015758,23.195021814707616
3015759,23.195021814707616
3015760,0.0
3015761,20.38055330248136
3015762,59.17621201032017
3015763,0.0
3015764,21.099128663779766
3015765,23.195021814707616
3015766,68.90255589446616
3015767,0.0
3015768,872.4074517163724
3015769,20.38055330248136
3015770,13.026162971066583
3015771,4.7186913887632045
3015772,2.6227982378353545
3015773,0.0
3015774,2444.1866791213943
3015775,2.6227982378353545
3015776,323.33984359477176
3015777,10.440589493307073
3015778,751.6401961032033
3015779,756.403212322055
3015780,301.1805270588755
3015781,211.6577782858004
3015782,99.37916512992729
3015783,2634.186407979445
3015784,0.0
3015785,2.6227982378353545
3015786,6.862914891621699
3015787,12.5722603310017
3015788,2.6227982378353545
3015789,139.87062035072782
3015790,4.7186913887632045
3015791,8.916863353115616
3015792,5.43726675006161
3015793,148.46353743809786
3015794,2.6227982378353545
3015795,215.94576065161974
3015796,268.32456256759684
3015797,3.3413735991337603
3015798,5.43726675006161
3015799,221.7440089920445
3015800,50.87871047803861
3015801,2169.1502209953296
3015802,2.6227982378353545
3015803,58.515365750928936
3015804,27.84128008316287
3015805,25.74538693223502
3015806,25.74538693223502
3015807,2748.630126006293
3015808,25.74538693223502
3015809,264.9324631760103
3015810,30.083581584652677
3015811,908.6769110548034
3015812,617.852499169805
3015813,233.80004315044695
3015814,100.3951466061929
3015815,46.81054579277537
3015816,3588.966065239938
3015817,30.077815227161466
3015818,25.74538693223502
3015819,16.298617798763075
3015820,20.995283400458106
3015821,25.74538693223502
3015822,182.59497899351817
3015823,27.84128008316287
3015824,28.559855444461277
3015825,28.559855444461277
3015826,34.22245526391106
3015827,25.74538693223502
3015828,92.23111617278545
3015829,160.25221242512745
3015830,26.463962293533427
3015831,28.559855444461277
3015832,142.1455854296556
3015833,11.28966695694902
3015834,821.9432266000691
3015835,25.74538693223502
3015836,30.083581584652677
3015837,11.54332416504053
3015838,9.44743101411268
3015839,9.44743101411268
3015840,2323.5923035179667
3015841,9.44743101411268
3015842,383.7419483574844
3015843,11.9985717156178
3015844,720.3136581314443
3015845,728.4597690383
3015846,377.16339468724544
3015847,164.32217849380166
3015848,57.0948456144601
3015849,3406.0580014216175
3015850,8.304357622312352
3015851,9.44743101411268
3015852,62.43362893577677
3015853,27.53868176998151
3015854,9.44743101411268
3015855,381.7446270367147
3015856,11.54332416504053
3015857,12.261899526338937
3015858,12.261899526338937
3015859,187.54988426867902
3015860,9.44743101411268
3015861,293.84373834855717
3015862,325.9182843017628
3015863,10.166006375411087
3015864,12.261899526338937
3015865,158.3414761263144
3015866,0.0
3015867,690.3247186220294
3015868,9.44743101411268
3015869,11.9985717156178
3015870,31.922142629094026
3015871,26.079526505187346
3015872,20.863813606897793
3015873,6942.643682800548
3015874,26.079526505187346
3015875,620.4826889776535
3015876,36.92546537233949
3015877,1456.5199843026855
3015878,1675.119391141313
3015879,5.785237658547146
3015880,650.1724145804158
3015881,193.41240063864694
3015882,6587.636307623735
3015883,0.0
3015884,26.079526505187346
3015885,14.334071641062508
3015886,0.0
3015887,26.079526505187346
3015888,364.3262784102747
3015889,35.40173923214803
3015890,175.54919640982905
3015891,0.0
3015892,82.44971634377856
3015893,28.25563857839245
3015894,828.6384700503397
3015895,0.0
3015896,28.25563857839245
3015897,35.40173923214803
3015898,734.7078333956654
3015899,142.51918668803916
3015900,6510.998302731536
3015901,28.25563857839245
3015902,106.04080248890003
3015903,0.0
3015904,0.0
3015905,0.0
3015906,1056.592022912441
3015907,0.0
3015908,105.71943781425557
3015909,0.0
3015910,195.06474773225045
3015911,204.55209802836566
3015912,0.0
3015913,0.0
3015914,0.0
3015915,1298.6646004921993
3015916,0.0
3015917,0.0
3015918,0.0
3015919,0.0
3015920,0.0
3015921,177.42827876657347
3015922,0.0
3015923,0.0
3015924,0.0
3015925,0.0
3015926,0.0
3015927,16.574128896739012
3015928,0.0
3015929,0.0
3015930,0.0
3015931,39.596612098780895
3015932,0.0
3015933,287.9906759135647
3015934,0.0
3015935,0.0
3015936,30.493591501721482
3015937,27.679122989495227
3015938,27.679122989495227
3015939,2567.688769199633
3015940,27.679122989495227
3015941,253.97765844562468
3015942,32.01731764191294
3015943,969.9124344233231
3015944,578.1903422485311
3015945,227.5243274247683
3015946,120.73290207274059
3015947,60.42260294055501
3015948,3545.093463754113
3015949,27.15997443343076
3015950,27.679122989495227
3015951,16.688289997822608
3015952,21.38495559951764
3015953,27.679122989495227
3015954,175.33039959958612
3015955,29.775016140423077
3015956,29.775016140423077
3015957,33.97318810477549
3015958,0.0
3015959,27.679122989495227
3015960,151.36242562245948
3015961,175.0417051851853
3015962,27.679122989495227
3015963,30.493591501721482
3015964,156.1217709793332
3015965,0.9784046097748273
3015966,546.7459593656813
3015967,27.679122989495227
3015968,31.298742280614533
3015969,2.5276970258602205
3015970,0.4318038749323705
3015971,0.4318038749323705
3015972,1031.3846725613175
3015973,0.4318038749323705
3015974,110.49892464104371
3015975,0.0
3015976,192.43534336056467
3015977,83.64855129445408
3015978,27.869999231123188
3015979,0.0
3015980,0.0
3015981,1288.6059287029477
3015982,0.0
3015983,0.4318038749323705
3015984,0.0
3015985,0.0
3015986,0.4318038749323705
3015987,105.45383024775637
3015988,2.5276970258602205
3015989,3.2462723871586263
3015990,3.2462723871586263
3015991,0.0
3015992,0.4318038749323705
3015993,0.0
3015994,0.0
3015995,1.1503792362307763
3015996,3.2462723871586263
3015997,15.003073311858259
3015998,0.0
3015999,223.7801220234329
3016000,0.4318038749323705
3016001,0.0
3016002,24.913142535395025
3016003,22.09867402316877
3016004,22.09867402316877
3016005,2053.6606761860157
3016006,22.09867402316877
3016007,271.89125507860774
3016008,26.43686867558648
3016009,948.7201550878648
3016010,396.61620142882316
3016011,130.1301626145396
3016012,95.82525216064795
3016013,61.110408388198096
3016014,2912.116672834286
3016015,26.43110231809527
3016016,22.09867402316877
3016017,32.386938321380626
3016018,31.035456278650145
3016019,22.09867402316877
3016020,310.47051976542383
3016021,24.19456717409662
3016022,24.19456717409662
3016023,28.39273913844903
3016024,26.95949905011929
3016025,22.09867402316877
3016026,110.01910582408473
3016027,166.65826986722342
3016028,22.09867402316877
3016029,24.913142535395025
3016030,127.69303100311745
3016031,5.372601556445886
3016032,533.6016082719993
3016033,22.09867402316877
3016034,25.718293314288076
3016035,9.096063739115209
3016036,7.000170588187359
3016037,7.000170588187359
3016038,2338.0121735584726
3016039,7.000170588187359
3016040,200.727818321993
3016041,11.338365240605071
3016042,745.1311538429626
3016043,633.1673660084795
3016044,173.4646342947432
3016045,84.9092559597259
3016046,30.251358873363756
3016047,3479.308734523334
3016048,11.33259888311386
3016049,7.000170588187359
3016050,24.259056730627265
3016051,16.139127697446895
3016052,7.000170588187359
3016053,199.52374361681976
3016054,9.096063739115209
3016055,9.814639100413615
3016056,9.814639100413615
3016057,24.83113837022131
3016058,7.000170588187359
3016059,0.0
3016060,117.24163987919692
3016061,7.718745949485765
3016062,9.814639100413615
3016063,78.92855359223864
3016064,0.0
3016065,502.55841402164776
3016066,7.000170588187359
3016067,11.338365240605071
3016068,21.474487667341293
3016069,19.378594516413443
3016070,19.378594516413443
3016071,1389.3274573058172
3016072,19.378594516413443
3016073,110.97567244470264
3016074,10.154209969154067
3016075,538.313228822756
3016076,161.3635566908597
3016077,0.0
3016078,0.0
3016079,0.0
3016080,1591.8559420659465
3016081,6.45999587584862
3016082,19.378594516413443
3016083,5.519482649500048
3016084,11.273200969163724
3016085,19.378594516413443
3016086,125.10627883119403
3016087,21.474487667341293
3016088,22.1930630286397
3016089,22.1930630286397
3016090,0.0
3016091,19.378594516413443
3016092,0.0
3016093,0.0
3016094,20.09716987771185
3016095,22.1930630286397
3016096,17.61545126335841
3016097,0.0
3016098,178.09105726512632
3016099,19.378594516413443
3016100,10.154209969154067
3016101,29.751861467997514
3016102,27.655968317069664
3016103,27.655968317069664
3016104,2412.9780859432785
3016105,27.655968317069664
3016106,242.6280153733905
3016107,18.431583769810345
3016108,912.3001974719841
3016109,568.2287522238012
3016110,329.6750333233642
3016111,80.36170890845654
3016112,38.441866211245326
3016113,3304.4452310442275
3016114,14.737369676504898
3016115,27.655968317069664
3016116,29.4582079631449
3016117,0.0
3016118,27.655968317069664
3016119,312.57128263931827
3016120,29.751861467997514
3016121,30.47043682929592
3016122,30.47043682929592
3016123,43.701519465622766
3016124,27.655968317069664
3016125,91.38946355781576
3016126,165.09124491215556
3016127,28.37454367836807
3016128,30.47043682929592
3016129,133.7769058481254
3016130,0.0
3016131,632.4580488395555
3016132,27.655968317069664
3016133,18.431583769810345
3016134,12.436694889173566
3016135,9.62222637694731
3016136,0.0
3016137,2483.2998920712007
3016138,9.62222637694731
3016139,350.8446130424865
3016140,13.960421029365023
3016141,777.0445359489937
3016142,697.3811598231852
3016143,184.4011732664048
3016144,162.60007542415016
3016145,149.54089235943573
3016146,2781.716889777218
3016147,0.0
3016148,9.62222637694731
3016149,13.862343030733655
3016150,6.332023742475599
3016151,9.62222637694731
3016152,218.69775257265033
3016153,15.916291492227572
3016154,15.916291492227572
3016155,12.436694889173566
3016156,211.41768362933047
3016157,10.340801738245716
3016158,241.33724589897517
3016159,159.93234323296704
3016160,10.340801738245716
3016161,12.436694889173566
3016162,237.80671353356
3016163,83.93499742778039
3016164,2301.95789176384
3016165,9.62222637694731
3016166,0.0
3016167,18.313327553107456
3016168,15.4988590408812
3016169,16.217434402179606
3016170,1961.7994914043627
3016171,15.4988590408812
3016172,251.5245537003896
3016173,23.31665029635292
3016174,724.9375934461054
3016175,644.1717118911045
3016176,0.0
3016177,128.47665209080273
3016178,100.89929942829667
3016179,2501.2448330586813
3016180,0.0
3016181,15.4988590408812
3016182,31.28431750847932
3016183,26.359876803603413
3016184,15.4988590408812
3016185,212.65181333758954
3016186,21.79292415616146
3016187,18.313327553107456
3016188,21.79292415616146
3016189,52.0819158172589
3016190,16.217434402179606
3016191,209.660479542733
3016192,83.52967095688808
3016193,16.217434402179606
3016194,18.313327553107456
3016195,203.68329020021255
3016196,51.014293435861475
3016197,1743.3141017265787
3016198,15.4988590408812
3016199,48.269486768535614
3016200,7.258335961079865
3016201,4.443867448853609
3016202,1.164692740673047
3016203,2560.7864157835033
3016204,4.443867448853609
3016205,306.2113764388228
3016206,8.782062101271322
3016207,816.2862888049846
3016208,493.2801505678559
3016209,152.8046584624552
3016210,100.75223519784385
3016211,46.801771488170516
3016212,3715.05698125144
3016213,0.0
3016214,4.443867448853609
3016215,21.702753591293515
3016216,10.539271299506197
3016217,4.443867448853609
3016218,93.5951809280806
3016219,10.737932564133871
3016220,10.737932564133871
3016221,7.232754867278118
3016222,0.0
3016223,5.162442810152015
3016224,261.22475598164306
3016225,204.9509412917532
3016226,5.162442810152015
3016227,7.258335961079865
3016228,94.77153283035659
3016229,0.0
3016230,1211.9916964396452
3016231,4.418286355051862
3016232,12.261658704325328
3016233,18.86408072191449
3016234,16.049612209688235
3016235,16.76818757098664
3016236,2517.3933055129987
3016237,16.049612209688235
3016238,268.1859651895636
3016239,23.867403465159896
3016240,686.1421843288431
3016241,676.2955050400358
3016242,0.0
3016243,260.95847904655375
3016244,158.76102131352687
3016245,2835.0980866218397
3016246,0.0
3016247,16.049612209688235
3016248,23.3976925505973
3016249,24.986394465169553
3016250,16.049612209688235
3016251,72.08164969592411
3016252,22.343677324968496
3016253,22.343677324968496
3016254,18.86408072191449
3016255,108.22913341522221
3016256,16.76818757098664
3016257,258.47497956224083
3016258,139.1467847639764
3016259,16.76818757098664
3016260,22.343677324968496
3016261,268.2013234463868
3016262,113.95361238594657
3016263,1849.3652003049342
3016264,16.76818757098664
3016265,113.44145483200109
3016266,24.287826121327782
3016267,22.191932970399932
3016268,22.191932970399932
3016269,2399.109910653994
3016270,22.191932970399932
3016271,260.1119430284905
3016272,26.530127622817645
3016273,1154.5988158018654
3016274,408.81736672215976
3016275,187.96647175938378
3016276,86.88932641694169
3016277,52.17448264449189
3016278,3885.0159195941787
3016279,25.152381017389473
3016280,22.191932970399932
3016281,8.878807713081756
3016282,33.38914200390076
3016283,22.191932970399932
3016284,270.47968397181234
3016285,25.00640148262619
3016286,25.00640148262619
3016287,25.00640148262619
3016288,13.235084199996265
3016289,22.91050833169834
3016290,177.9954849999434
3016291,156.3845828658156
3016292,22.91050833169834
3016293,25.00640148262619
3016294,84.80339011093486
3016295,0.0
3016296,524.0951872460263
3016297,22.191932970399932
3016298,26.530127622817645
3016299,9.003093195948793
3016300,6.907200045020943
3016301,6.907200045020943
3016302,2089.6302959639856
3016303,6.907200045020943
3016304,186.2145309527938
3016305,11.245394697438655
3016306,666.6730657914791
3016307,559.8504764938083
3016308,0.0
3016309,148.39553100295294
3016310,66.99655927400102
3016311,2475.690534813379
3016312,0.0
3016313,6.907200045020943
3016314,18.69117596802471
3016315,25.957600510332327
3016316,6.907200045020943
3016317,113.06969626232527
3016318,9.721668557247199
3016319,9.721668557247199
3016320,9.721668557247199
3016321,0.0
3016322,7.625775406319349
3016323,161.6155647453065
3016324,89.1946182173744
3016325,7.625775406319349
3016326,9.721668557247199
3016327,146.3095946969461
3016328,1.3906643423458718
3016329,1665.7004668956702
3016330,6.907200045020943
3016331,0.0
3016332,26.37629382932215
3016333,23.561825317095895
3016334,20.422054942404714
3016335,2221.197850584106
3016336,23.561825317095895
3016337,508.1625018107054
3016338,26.112966018600957
3016339,612.4385788585781
3016340,674.978560464401
3016341,331.92274911804793
3016342,153.57462941713652
3016343,171.74546206618612
3016344,2456.6350186309965
3016345,43.54472394190719
3016346,23.561825317095895
3016347,26.01488801996959
3016348,41.24225526397936
3016349,23.561825317095895
3016350,377.79889078894956
3016351,29.855890432376157
3016352,29.855890432376157
3016353,0.0
3016354,163.46937254143032
3016355,24.2804006783943
3016356,145.69044477070491
3016357,273.093502306473
3016358,24.2804006783943
3016359,26.37629382932215
3016360,151.4886931111297
3016361,30.149366120507125
3016362,1715.1494981062158
3016363,23.561825317095895
3016364,147.39697119737644
3016365,20.083092949622426
3016366,17.26862443739617
3016367,0.0
3016368,3596.5061133175554
3016369,17.26862443739617
3016370,257.5318521971624
3016371,9.831293841049444
3016372,1140.1318312607168
3016373,629.1839566835548
3016374,342.9419626369217
3016375,75.63331622806072
3016376,16.39631336881962
3016377,3541.0314727316027
3016378,4.973950632567266
3016379,17.26862443739617
3016380,0.0
3016381,25.371403895413152
3016382,17.26862443739617
3016383,230.67530463179813
3016384,19.36451758832402
3016385,19.36451758832402
3016386,20.083092949622426
3016387,0.0
3016388,17.26862443739617
3016389,277.72614773081074
3016390,218.2911875791137
3016391,17.26862443739617
3016392,19.36451758832402
3016393,112.88798371447572
3016394,0.0
3016395,583.8843766315003
3016396,17.26862443739617
3016397,9.112718479751038
3016398,193.20053049299787
3016399,3.4521402177056757
3016400,0.0
3016401,8303.782014170312
3016402,3.4521402177056757
3016403,720.1489895979689
3016404,14.298079084857818
3016405,1986.9421847144547
3016406,2086.021015852284
3016407,245.5812190957007
3016408,701.8607940292388
3016409,194.32246410665448
3016410,8604.560668386326
3016411,0.0
3016412,3.4521402177056757
3016413,0.0
3016414,0.0
3016415,3.4521402177056757
3016416,372.06735842084703
3016417,0.0
3016418,12.774352944666362
3016419,118.69822056400193
3016420,189.1635591742393
3016421,5.62825229091078
3016422,935.0167779651244
3016423,279.2430932038942
3016424,5.62825229091078
3016425,12.774352944666362
3016426,841.0861413104506
3016427,159.46695627448696
3016428,8275.322211418332
3016429,228.1906826618912
3016430,70.96423529146483
3016431,2.823196567749278
3016432,0.5236808120592968
3016433,0.0
3016434,7977.756912421594
3016435,0.5236808120592968
3016436,689.001929038214
3016437,11.36961967921144
3016438,1765.9974000868967
3016439,1845.5062961126664
3016440,14.314550421717286
3016441,625.2922262574148
3016442,117.75389633483013
3016443,8714.994807263216
3016444,0.0
3016445,0.5236808120592968
3016446,11.29905663232853
3016447,38.410098313614924
3016448,0.5236808120592968
3016449,386.43940465867644
3016450,0.0
3016451,9.845893539019983
3016452,0.0
3016453,136.9045767091951
3016454,2.699792885264401
3016455,858.4482101933008
3016456,244.4663917516084
3016457,2.699792885264401
3016458,9.845893539019983
3016459,765.9223703980873
3016460,84.3031853621236
3016461,5524.01401867355
3016462,214.24736747233675
3016463,38.85642719530989
3016464,24.36203750578545
3016465,25.090669361775895
3016466,29.651570884122123
3016467,5292.194845915737
3016468,25.090669361775895
3016469,393.7648048369514
3016470,34.379729710979746
3016471,1800.5950589265972
3016472,1436.0944898527275
3016473,0.0
3016474,387.07893435936995
3016475,128.92980425890119
3016476,6545.344552622975
3016477,0.0
3016478,25.090669361775895
3016479,21.758665987410495
3016480,26.307114901486216
3016481,25.090669361775895
3016482,425.9450511511317
3016483,42.393209937775396
3016484,32.85600357078829
3016485,0.0
3016486,47.091090777237355
3016487,25.8092447230743
3016488,670.988543276188
3016489,7.279181613963658
3016490,25.8092447230743
3016491,65.1802343804232
3016492,492.26612824475643
3016493,79.7193704448988
3016494,2583.3975005853817
3016495,0.0
3016496,0.0
3016497,155.90069769904332
3016498,0.0
3016499,14.894746004338515
3016500,6543.275427316431
3016501,0.0
3016502,505.43485586119783
3016503,10.577423195241977
3016504,1580.865424081273
3016505,1653.0704187035121
3016506,0.0
3016507,510.1311892900598
3016508,18.35258220877057
3016509,8183.377476966431
3016510,0.0
3016511,0.0
3016512,41.454729808952266
3016513,15.78527173022809
3016514,0.0
3016515,554.1173203329745
3016516,260.70472595385
3016517,34.46486660337473
3016518,0.0
3016519,0.0
3016520,0.4363273075628058
3016521,794.0407982068776
3016522,0.0
3016523,0.4363273075628058
3016524,9.05369705505052
3016525,625.9344757111744
3016526,0.0
3016527,4773.149126998028
3016528,184.6267463426472
3016529,7.702804249146254
3016530,2.638104839229925
3016531,1.308689715182311
3016532,5.869591237528539
3016533,4436.10305526819
3016534,1.308689715182311
3016535,388.0148781910205
3016536,10.597750064386162
3016537,1439.555473644216
3016538,1049.1339580085594
3016539,76.99052523385723
3016540,295.74417192899745
3016541,37.59504182852862
3016542,5939.954138967527
3016543,0.0
3016544,1.308689715182311
3016545,2.8214599251916184
3016546,64.70493553236355
3016547,1.308689715182311
3016548,209.37540625203982
3016549,0.0
3016550,9.074023924194705
3016551,26.11346023928769
3016552,8.756825223457781
3016553,2.0272650764807167
3016554,579.6537808458154
3016555,176.42363558445751
3016556,2.0272650764807167
3016557,9.074023924194705
3016558,400.93136581438387
3016559,0.0
3016560,2088.4652634171625
3016561,17.7631913443995
3016562,0.0
3016563,12.235753689290163
3016564,35.8198189738693
3016565,11.0060918727483
3016566,6129.02998271697
3016567,35.8198189738693
3016568,562.0766888781197
3016569,43.63761022934102
3016570,1898.3770010245453
3016571,1788.402578665035
3016572,5.0318063061186535
3016573,422.1808465224158
3016574,148.27199358065138
3016575,7012.749216998188
3016576,0.0
3016577,35.8198189738693
3016578,28.81484046949879
3016579,5.2034293708128985
3016580,35.8198189738693
3016581,492.0322111396957
3016582,30.072336710204752
3016583,42.113884089149565
3016584,0.0
3016585,205.45025059196303
3016586,36.53839433516771
3016587,655.3368304583018
3016588,105.49327615748916
3016589,36.53839433516771
3016590,42.113884089149565
3016591,562.8109906630883
3016592,114.82128260794451
3016593,5205.176249917366
3016594,87.83530166012741
3016595,63.32042688374395
3016596,16.451015396778587
3016597,13.636546884552331
3016598,13.636546884552331
3016599,1742.0145576953644
3016600,13.636546884552331
3016601,163.21507376415227
3016602,17.974741536970043
3016603,575.2684906280921
3016604,449.1605376180412
3016605,0.0
3016606,159.04175259987053
3016607,69.89271446116766
3016608,2335.6288681705946
3016609,0.0
3016610,13.636546884552331
3016611,20.44642247895132
3016612,25.14308808064635
3016613,13.636546884552331
3016614,128.36692288432945
3016615,16.451015396778587
3016616,15.732440035480181
3016617,0.0
3016618,41.34698271293428
3016619,13.636546884552331
3016620,151.25968943380283
3016621,100.24353530394694
3016622,13.636546884552331
3016623,16.451015396778587
3016624,156.9558162938637
3016625,4.2868195295124565
3016626,1650.9972882942182
3016627,13.636546884552331
3016628,125.13043556838414
3016629,23.71295975022599
3016630,20.898491237999735
3016631,13.9872674127746
3016632,3323.6304700192923
3016633,20.898491237999735
3016634,184.72725112594608
3016635,30.187551587203586
3016636,1001.8317383497719
3016637,683.7836277769414
3016638,0.0
3016639,126.58244945749797
3016640,0.0
3016641,4616.484123051917
3016642,0.0
3016643,20.898491237999735
3016644,40.700270268222084
3016645,56.20319418732555
3016646,20.898491237999735
3016647,352.95426710019194
3016648,43.140776153366346
3016649,22.994384388927585
3016650,23.71295975022599
3016651,0.0
3016652,21.61706659929814
3016653,294.5844899132542
3016654,63.58546745196213
3016655,21.61706659929814
3016656,23.71295975022599
3016657,345.97185434255374
3016658,0.0
3016659,1509.255761976405
3016660,0.0
3016661,8.859673835540548
3016662,21.398692269438925
3016663,19.302799118511075
3016664,19.302799118511075
3016665,3511.8294463244265
3016666,19.302799118511075
3016667,361.0235191591394
3016668,23.640993770928787
3016669,1318.0345372789789
3016670,1109.2085289773343
3016671,33.77036063372162
3016672,290.6267654987969
3016673,67.28128838185745
3016674,3901.3789103840195
3016675,0.0
3016676,19.302799118511075
3016677,26.807684237874696
3016678,42.622331619642296
3016679,19.302799118511075
3016680,544.9841289117334
3016681,21.398692269438925
3016682,22.11726763073733
3016683,22.11726763073733
3016684,0.0
3016685,19.302799118511075
3016686,602.5420101790663
3016687,292.3315146613645
3016688,20.02137447980948
3016689,34.61358312908669
3016690,449.93376469708085
3016691,0.9864993399301625
3016692,3865.068560654865
3016693,19.302799118511075
3016694,34.53865395385725
3016695,75.31701123547424
3016696,72.50254272324798
3016697,72.50254272324798
3016698,3208.141513433525
3016699,72.50254272324798
3016700,802.3257504488479
3016701,63.27815817598861
3016702,1199.3217942405022
3016703,1097.4008428018221
3016704,579.8248792665386
3016705,111.85522441606969
3016706,6.987129851574878
3016707,6019.016025705847
3016708,74.1061374782131
3016709,72.50254272324798
3016710,34.79302378516991
3016711,0.0
3016712,72.50254272324798
3016713,557.5623504931912
3016714,74.59843587417583
3016715,74.59843587417583
3016716,74.59843587417583
3016717,0.0
3016718,72.50254272324798
3016719,111.74622283842433
3016720,676.7452766774574
3016721,72.50254272324798
3016722,74.59843587417583
3016723,111.20404737944972
3016724,0.0
3016725,3405.662909029965
3016726,72.50254272324798
3016727,75.73942389304653
3016728,32.722248721149356
3016729,29.9077802089231
3016730,42.16536371680661
3016731,1867.3096093191646
3016732,29.9077802089231
3016733,394.7382458574382
3016734,32.458920910428105
3016735,810.4945278367807
3016736,578.6414791660322
3016737,194.94683473159697
3016738,218.28683218495527
3016739,161.67018316140948
3016740,2541.05722369315
3016741,26.566382502349825
3016742,29.9077802089231
3016743,54.86161097890448
3016744,59.55827658059951
3016745,29.9077802089231
3016746,272.71374628499007
3016747,32.00367335985095
3016748,32.00367335985095
3016749,32.00367335985095
3016750,138.98688002364707
3016751,29.9077802089231
3016752,282.2604909082408
3016753,303.04545566124574
3016754,29.9077802089231
3016755,32.00367335985095
3016756,217.60569273840918
3016757,97.46908508921501
3016758,1545.009371995195
3016759,29.9077802089231
3016760,31.597558020790075
3016761,21.680714812131782
3016762,18.866246299905526
3016763,18.866246299905526
3016764,1837.308153068097
3016765,18.866246299905526
3016766,184.77833570456718
3016767,9.64186175264615
3016768,766.9555256253914
3016769,237.06754914132406
3016770,30.78071998165501
3016771,45.429824214347036
3016772,66.03767431112124
3016773,2340.0762780275973
3016774,5.947647659340703
3016775,18.866246299905526
3016776,8.486731036046137
3016777,14.240449355709814
3016778,18.866246299905526
3016779,182.61874444851853
3016780,20.962139450833376
3016781,20.962139450833376
3016782,20.962139450833376
3016783,20.418676392383702
3016784,18.866246299905526
3016785,70.10001330211418
3016786,40.82045341651326
3016787,18.866246299905526
3016788,20.962139450833376
3016789,82.83661088864517
3016790,0.0
3016791,141.98624597347438
3016792,18.866246299905526
3016793,8.923286391347744
3016794,15.510474438081587
3016795,12.696005925855331
3016796,5.529930046633126
3016797,2781.339052956912
3016798,12.696005925855331
3016799,287.5202064629132
3016800,21.985066275059125
3016801,855.4629533421673
3016802,729.1703187193469
3016803,36.63461950372516
3016804,183.16732938557257
3016805,150.51237965821136
3016806,3926.7571973000313
3016807,0.0
3016808,12.696005925855331
3016809,39.39309227928561
3016810,44.08975788098064
3016811,12.696005925855331
3016812,203.7911419761079
3016813,20.461340134867726
3016814,20.461340134867726
3016815,0.0
3016816,34.875629723401744
3016817,13.414581287153737
3016818,272.1321791430896
3016819,149.76604357886353
3016820,13.414581287153737
3016821,20.461340134867726
3016822,319.861170041215
3016823,107.10976759009199
3016824,2239.827953507507
3016825,13.414581287153737
3016826,90.8610558521259
3016827,6.825868868826319
3016828,4.011400356600063
3016829,0.0
3016830,4059.8702372104494
3016831,4.011400356600063
3016832,441.9242919889271
3016833,11.829191612071781
3016834,1058.0891604000512
3016835,1131.1756299930285
3016836,0.0
3016837,282.7723382316132
3016838,74.81991697694593
3016839,3145.937386998472
3016840,0.0
3016841,4.011400356600063
3016842,3.914071520169614
3016843,18.41977685464343
3016844,4.011400356600063
3016845,274.06528906651243
3016846,10.305465471880325
3016847,15.150239056255032
3016848,0.0
3016849,0.0
3016850,4.729975717898469
3016851,461.2383937015373
3016852,37.53608895589343
3016853,4.729975717898469
3016854,10.305465471880325
3016855,367.30775704686295
3016856,23.926703026338657
3016857,4123.681845893723
3016858,4.729975717898469
3016859,86.00643312699486
3016860,19.884345425349863
3016861,17.069876913123608
3016862,0.0
3016863,4171.269453521732
3016864,17.069876913123608
3016865,619.0593586941465
3016866,24.887668168595326
3016867,1329.2915075788003
3016868,1530.9991301702546
3016869,0.0
3016870,373.3794621093294
3016871,150.2489251483804
3016872,4005.0778162524666
3016873,0.0
3016874,17.069876913123608
3016875,20.046658100763352
3016876,0.0
3016877,17.069876913123608
3016878,607.577669336903
3016879,23.36394202840387
3016880,23.36394202840387
3016881,0.0
3016882,78.62721193048549
3016883,17.788452274422013
3016884,551.8455175792536
3016885,0.0
3016886,17.788452274422013
3016887,23.36394202840387
3016888,457.91488092457917
3016889,99.35571119777319
3016890,4102.407223961485
3016891,17.788452274422013
3016892,0.0
3016893,0.0
3016894,0.0
3016895,0.0
3016896,3430.844134857055
3016897,0.0
3016898,359.84134356753816
3016899,4.223618325004622
3016900,980.0328551893732
3016901,713.2364812442949
3016902,292.86888458408777
3016903,164.3582776933042
3016904,92.86048828848209
3016905,6068.846803486864
3016906,0.0
3016907,0.0
3016908,4.83550451559023
3016909,2.392771985711647
3016910,0.0
3016911,50.44831390625018
3016912,2.699892184813166
3016913,2.699892184813166
3016914,0.0
3016915,0.0
3016916,0.0
3016917,334.18171536204187
3016918,244.88435274432595
3016919,0.0
3016920,2.699892184813166
3016921,212.04382769460025
3016922,54.861439642760956
3016923,1324.4942948706616
3016924,0.0
3016925,0.0
3016926,20.83399378656668
3016927,18.019525274340424
3016928,18.73810063563883
3016929,2220.7621213766042
3016930,18.019525274340424
3016931,325.8868936252883
3016932,27.308585623544218
3016933,579.5240849475085
3016934,525.7461544150872
3016935,356.64972945977297
3016936,145.49624696548634
3016937,66.93249632338211
3016938,2188.445240065509
3016939,0.0
3016940,18.019525274340424
3016941,32.91835546254248
3016942,0.9539575455480076
3016943,18.019525274340424
3016944,159.97923804670793
3016945,25.784859483352818
3016946,25.784859483352818
3016947,20.83399378656668
3016948,78.59581716147494
3016949,18.73810063563883
3016950,597.0483623698915
3016951,175.02336361590866
3016952,18.73810063563883
3016953,25.784859483352818
3016954,444.9059684886705
3016955,76.31079050999432
3016956,1772.5021452610404
3016957,18.73810063563883
3016958,65.73732441769278
3016959,0.0
3016960,0.0
3016961,0.0
3016962,713.3183525605023
3016963,0.0
3016964,218.85292599827596
3016965,0.0
3016966,457.17447517978906
3016967,289.35382264072445
3016968,285.82941073179177
3016969,63.7987681058832
3016970,17.821184003683186
3016971,1928.3748650224834
3016972,0.0
3016973,0.0
3016974,0.0
3016975,0.0
3016976,0.0
3016977,93.36121409551248
3016978,1.1688488855976402
3016979,1.1688488855976402
3016980,0.0
3016981,12.21123550256192
3016982,0.0
3016983,107.65826246164676
3016984,119.2154805602076
3016985,0.0
3016986,1.1688488855976402
3016987,140.624551439254
3016988,57.75164008753944
3016989,127.06575274654108
3016990,0.0
3016991,0.0
3016992,6.509348210680059
3016993,3.6948796984538035
3016994,6.018371373546756
3016995,3795.5558826179386
3016996,3.6948796984538035
3016997,373.2329762858414
3016998,11.512670953925522
3016999,1313.5237527974914
3017000,833.395455652418
3017001,417.9371776388604
3017002,141.8744838776772
3017003,74.9049466250226
3017004,5943.744355841298
3017005,8.065776162287136
3017006,3.6948796984538035
3017007,26.926390189132917
3017008,14.891752080926892
3017009,3.6948796984538035
3017010,164.94473244638834
3017011,6.509348210680059
3017012,6.509348210680059
3017013,9.988944813734065
3017014,20.818542032971152
3017015,4.413455059752209
3017016,210.326248935488
3017017,260.0100528388232
3017018,4.413455059752209
3017019,9.988944813734065
3017020,355.94359798791294
3017021,0.0
3017022,999.7292592147187
3017023,0.0
3017024,0.0
3017025,16.17345641666742
3017026,13.358987904441165
3017027,13.358987904441165
3017028,1757.1022050050674
3017029,13.358987904441165
3017030,217.23603576556323
3017031,4.1346033571817316
3017032,758.1923981077312
3017033,369.93988902468067
3017034,240.2031791272061
3017035,55.05717768097293
3017036,44.934592395684945
3017037,2430.420701119772
3017038,8.625382196170335
3017039,13.358987904441165
3017040,14.858503509671039
3017041,10.204460053977527
3017042,13.358987904441165
3017043,158.60750776024065
3017044,15.454881055369015
3017045,15.454881055369015
3017046,0.0
3017047,0.0
3017048,13.358987904441165
3017049,112.0532749640964
3017050,131.0688618681976
3017051,13.358987904441165
3017052,15.454881055369015
3017053,150.32181131743192
3017054,0.0
3017055,0.0
3017056,0.0
3017057,3.4160279958833257
3017058,16.17345641666742
3017059,13.358987904441165
3017060,0.0
3017061,1605.9974091957622
3017062,13.358987904441165
3017063,214.79955446089085
3017064,4.1346033571817316
3017065,655.3412970490111
3017066,444.0019454126381
3017067,298.1023369055198
3017068,55.05717768097293
3017069,76.57453119640081
3017070,2297.610971760173
3017071,8.625382196170335
3017072,13.358987904441165
3017073,14.858503509671039
3017074,0.0
3017075,13.358987904441165
3017076,203.06159050392665
3017077,15.454881055369015
3017078,15.454881055369015
3017079,16.17345641666742
3017080,0.0
3017081,13.358987904441165
3017082,118.4537662239336
3017083,183.61760159308477
3017084,13.358987904441165
3017085,15.454881055369015
3017086,198.1642255038459
3017087,0.0
3017088,0.0
3017089,0.0
3017090,3.4160279958833257
3017091,9.745634472414281
3017092,7.649741321486431
3017093,0.0
3017094,1514.7352937632643
3017095,7.649741321486431
3017096,195.02191848954524
3017097,0.0
3017098,783.1547630234118
3017099,294.2475892075538
3017100,140.58834407171875
3017101,55.1624158957747
3017102,55.53617704193266
3017103,2454.299217378574
3017104,2.9161356132156584
3017105,7.649741321486431
3017106,7.677987832984229
3017107,0.0
3017108,7.649741321486431
3017109,174.34833514857533
3017110,9.745634472414281
3017111,9.745634472414281
3017112,10.464209833712687
3017113,34.59035657533616
3017114,7.649741321486431
3017115,124.17968328168345
3017116,103.94296629223413
3017117,7.649741321486431
3017118,9.745634472414281
3017119,171.8184474805777
3017120,0.0
3017121,279.95602821889975
3017122,0.0
3017123,0.0
3017124,12.699233330263667
3017125,10.603340179335817
3017126,10.603340179335817
3017127,1712.6776967479068
3017128,10.603340179335817
3017129,176.45591029708137
3017130,3.166009582989034
3017131,910.9733064613517
3017132,296.8772461810564
3017133,190.16555687050317
3017134,49.976257498131986
3017135,19.64629659611188
3017136,2720.380867951697
3017137,7.656788421977637
3017138,10.603340179335817
3017139,13.88990973547834
3017140,9.23586627978483
3017141,10.603340179335817
3017142,201.16431534287818
3017143,13.417808691562072
3017144,12.699233330263667
3017145,13.417808691562072
3017146,0.0
3017147,10.603340179335817
3017148,101.43334694942672
3017149,50.64144412468056
3017150,10.603340179335817
3017151,12.699233330263667
3017152,125.74084984934419
3017153,0.0
3017154,260.4551944469334
3017155,0.0
3017156,3.166009582989034
3017157,15.6681267783689
3017158,12.853658266142645
3017159,12.853658266142645
3017160,1399.0689728821383
3017161,12.853658266142645
3017162,206.8616052649587
3017163,3.629273718883269
3017164,742.8112222910461
3017165,240.51451436241751
3017166,26.387936210688736
3017167,36.11909606616723
3017168,30.341730056493304
3017169,1912.635965333668
3017170,11.599649160925878
3017171,12.853658266142645
3017172,12.881904777640443
3017173,8.227861321946932
3017174,12.853658266142645
3017175,188.65207617569857
3017176,15.6681267783689
3017177,14.949551417070495
3017178,15.6681267783689
3017179,0.0
3017180,12.853658266142645
3017181,93.46304724949454
3017182,34.6954651090868
3017183,12.853658266142645
3017184,15.6681267783689
3017185,99.40858563559675
3017186,0.0
3017187,199.26232782102605
3017188,12.853658266142645
3017189,3.629273718883269
3017190,11.18273226661097
3017191,8.368263754384714
3017192,26.88337282839325
3017193,2508.8200573106706
3017194,8.368263754384714
3017195,367.6409759113581
3017196,16.186055009856375
3017197,1160.5446575170386
3017198,597.0637432824369
3017199,529.5442124609112
3017200,209.6585285729628
3017201,92.4332993572753
3017202,3552.2278589392176
3017203,29.864960435509204
3017204,8.368263754384714
3017205,21.959089465559543
3017206,17.305046009866032
3017207,8.368263754384714
3017208,293.6436034325046
3017209,14.662328869664975
3017210,14.662328869664975
3017211,42.62894010399879
3017212,72.79872679378224
3017213,9.08683911568312
3017214,170.47489784292648
3017215,251.28887042410156
3017216,9.08683911568312
3017217,14.662328869664975
3017218,312.15191185501976
3017219,63.4036305298788
3017220,763.1880451456459
3017221,20.43963335410723
3017222,25.3741815965206
3017223,0.0
3017224,0.0
3017225,0.0
3017226,1836.9615249826352
3017227,0.0
3017228,129.35496618438103
3017229,0.0
3017230,154.45072999912296
3017231,212.08672353349013
3017232,155.32174627040092
3017233,0.0
3017234,0.0
3017235,1794.2286196995215
3017236,0.0
3017237,0.0
3017238,0.0
3017239,0.0
3017240,0.0
3017241,162.19899912819585
3017242,0.0
3017243,0.0
3017244,0.0
3017245,0.0
3017246,0.0
3017247,0.0
3017248,0.0
3017249,0.0
3017250,0.0
3017251,32.47811667860151
3017252,0.0
3017253,712.1041132712953
3017254,0.0
3017255,0.0
3017256,13.417808691562072
3017257,10.603340179335817
3017258,0.0
3017259,2099.3001930175305
3017260,10.603340179335817
3017261,185.97295016586773
3017262,3.166009582989034
3017263,879.4287711093739
3017264,296.8772461810564
3017265,218.135616187092
3017266,43.57576623829482
3017267,19.64629659611188
3017268,2817.005582731321
3017269,7.656788421977637
3017270,10.603340179335817
3017271,16.71242155032877
3017272,9.23586627978483
3017273,10.603340179335817
3017274,202.37273501389808
3017275,13.417808691562072
3017276,12.699233330263667
3017277,13.417808691562072
3017278,0.0
3017279,10.603340179335817
3017280,95.0328556895895
3017281,91.65731491036962
3017282,10.603340179335817
3017283,12.699233330263667
3017284,109.55910652599712
3017285,0.0
3017286,251.8564470248466
3017287,0.0
3017288,3.166009582989034
3017289,19.184728027589983
3017290,16.370259515363728
3017291,12.119486555237017
3017292,2956.1182825556443
3017293,16.370259515363728
3017294,385.3408777864303
3017295,25.659319864567635
3017296,881.4837887837348
3017297,809.1698988962878
3017298,423.03196614703734
3017299,240.59526149025044
3017300,169.8571581951551
3017301,3703.5777643501865
3017302,0.0
3017303,16.370259515363728
3017304,43.98129658646536
3017305,0.0
3017306,16.370259515363728
3017307,272.66458419099683
3017308,24.135593724376122
3017309,24.135593724376122
3017310,6.574933711513722
3017311,47.502544825847565
3017312,17.088834876662133
3017313,715.0935230970488
3017314,277.43304503678473
3017315,17.088834876662133
3017316,24.135593724376122
3017317,622.2762367992522
3017318,134.25583815895615
3017319,1788.7198550602407
3017320,17.088834876662133
3017321,54.20065920273316
3017322,14.406927241426331
3017323,11.592458729200075
3017324,30.184153192285862
3017325,2719.432270980176
3017326,11.592458729200075
3017327,297.16123348832036
3017328,17.623196033759143
3017329,971.6519743704753
3017330,675.2464374210654
3017331,308.155542646908
3017332,147.13586526676892
3017333,28.1830979060598
3017334,4388.622343494362
3017335,0.0
3017336,11.592458729200075
3017337,41.76125878774195
3017338,29.683709485068846
3017339,11.592458729200075
3017340,266.3314719422999
3017341,17.886523844480337
3017342,17.886523844480337
3017343,14.406927241426331
3017344,11.137323759178003
3017345,12.311034090498481
3017346,158.2671117159456
3017347,244.5073582284848
3017348,12.311034090498481
3017349,17.886523844480337
3017350,368.4046817971669
3017351,19.18212170463437
3017352,354.4755209313945
3017353,0.0
3017354,0.0
3017355,12.963030378794713
3017356,10.148561866568457
3017357,27.649192622648116
3017358,2542.1149698609684
3017359,10.148561866568457
3017360,280.8429344153078
3017361,12.69970256807352
3017362,845.7954349358064
3017363,539.300293904946
3017364,287.34495894571893
3017365,87.79394563578182
3017366,0.0
3017367,3410.6530268428232
3017368,20.67007801011613
3017369,10.148561866568457
3017370,39.94487357940261
3017371,35.45409474041401
3017372,10.148561866568457
3017373,233.05689985044057
3017374,12.963030378794713
3017375,12.244455017496307
3017376,12.963030378794713
3017377,200.84060253298807
3017378,10.148561866568457
3017379,83.07438447221625
3017380,260.0814546331335
3017381,10.148561866568457
3017382,12.963030378794713
3017383,325.0877797316531
3017384,0.0
3017385,448.49122492868673
3017386,10.148561866568457
3017387,12.69970256807352
3017388,14.347339045213687
3017389,12.251445894285837
3017390,12.251445894285837
3017391,1324.9171338599847
3017392,12.251445894285837
3017393,209.90648474748875
3017394,19.295646550436686
3017395,665.3847589034053
3017396,219.68988186409223
3017397,37.75095630447879
3017398,60.059169327913594
3017399,36.25592947197481
3017400,1962.126810357573
3017401,18.574790073481097
3017402,12.251445894285837
3017403,22.221941568612863
3017404,20.414637550446344
3017405,12.251445894285837
3017406,211.67051009631012
3017407,14.347339045213687
3017408,14.347339045213687
3017409,19.55897436115788
3017410,20.00806640924702
3017411,12.251445894285837
3017412,69.44291597079877
3017413,125.89245899986767
3017414,12.251445894285837
3017415,14.347339045213687
3017416,163.37886086212905
3017417,0.0
3017418,261.31885387527944
3017419,0.0
3017420,14.084011234492493
3017421,7.756908577878221
3017422,4.942440065651965
3017423,0.0
3017424,1754.6782724431077
3017425,4.942440065651965
3017426,161.36411237614712
3017427,12.760231321123626
3017428,524.297506073275
3017429,439.0123144397719
3017430,149.2251273210333
3017431,4.4652329280255
3017432,80.77710388960958
3017433,1694.849835030113
3017434,0.0
3017435,4.942440065651965
3017436,18.370001160121888
3017437,19.681818052063022
3017438,4.942440065651965
3017439,162.77285510228003
3017440,11.236505180932227
3017441,7.038333216579815
3017442,0.0
3017443,0.0
3017444,5.661015426950371
3017445,217.21116877189542
3017446,34.92396455605734
3017447,5.661015426950371
3017448,7.756908577878221
3017449,182.3218618826499
3017450,38.69338992909485
3017451,1128.8709730149553
3017452,4.942440065651965
3017453,70.11622887641602
3017454,20.85227121970314
3017455,18.75637806877529
3017456,0.0
3017457,3166.8871287766797
3017458,18.75637806877529
3017459,546.3187576961578
3017460,23.094572721193003
3017461,1049.3475875250083
3017462,1040.330731147365
3017463,640.5395513301769
3017464,477.40444796412044
3017465,170.3550469417194
3017466,3499.832585868938
3017467,0.0
3017468,18.75637806877529
3017469,26.28211963041099
3017470,79.4029896697619
3017471,18.75637806877529
3017472,263.925556351037
3017473,20.85227121970314
3017474,21.570846581001547
3017475,21.570846581001547
3017476,227.62202302179801
3017477,18.75637806877529
3017478,801.613699098948
3017479,284.01160563415607
3017480,19.474953430073697
3017481,21.570846581001547
3017482,779.3349426894072
3017483,113.9349953825317
3017484,2662.5004281276683
3017485,18.75637806877529
3017486,23.543607551818752
3017487,13.896244949031086
3017488,11.800351798103236
3017489,0.0
3017490,2224.291211017752
3017491,11.800351798103236
3017492,140.4011975161043
3017493,4.363021201756453
3017494,452.95151098610154
3017495,287.230234089998
3017496,50.949586597045766
3017497,0.0
3017498,7.449238779198822
3017499,1703.5491276799487
3017500,3.8240536077618685
3017501,11.800351798103236
3017502,0.0
3017503,0.6129841385559871
3017504,11.800351798103236
3017505,203.4372796049582
3017506,13.896244949031086
3017507,14.614820310329492
3017508,14.614820310329492
3017509,26.212570094625505
3017510,12.518927159401642
3017511,140.5644447782576
3017512,39.2518137733918
3017513,11.800351798103236
3017514,0.0
3017515,85.99317047040205
3017516,0.0
3017517,954.2895517285111
3017518,11.800351798103236
3017519,98.75887983792177
3017520,21.743438857678484
3017521,19.647545706750634
3017522,19.647545706750634
3017523,1135.703261193069
3017524,19.647545706750634
3017525,62.11557600454688
3017526,10.423161159491201
3017527,67.7723862700118
3017528,173.16193714402218
3017529,13.590983195135323
3017530,6.449972744288175
3017531,0.0
3017532,1022.8457985445964
3017533,9.580839989340234
3017534,19.647545706750634
3017535,19.512527601543468
3017536,0.0
3017537,19.647545706750634
3017538,0.0
3017539,21.743438857678484
3017540,22.46201421897689
3017541,22.46201421897689
3017542,0.0
3017543,19.647545706750634
3017544,156.0763056072712
3017545,0.0
3017546,20.36612106804904
3017547,22.46201421897689
3017548,87.61237357817424
3017549,0.0
3017550,888.0103711378474
3017551,19.647545706750634
3017552,12.293155375335857
3017553,1.0500944989515233
3017554,0.0
3017555,0.0
3017556,2621.737542504536
3017557,0.0
3017558,372.43956497316503
3017559,6.7719926034953914
3017560,835.9513016392245
3017561,786.5677194701718
3017562,238.74098133727676
3017563,203.29479971570308
3017564,105.3254497343639
3017565,2843.2519209917923
3017566,0.0
3017567,0.0
3017568,12.381762442493653
3017569,33.3038309806318
3017570,0.0
3017571,200.76098656473832
3017572,1.0500944989515233
3017573,5.248266463303935
3017574,1.7686698602499291
3017575,186.514754833208
3017576,0.0
3017577,420.0365797956667
3017578,245.9994171530755
3017579,0.0
3017580,1.7686698602499291
3017581,397.75782338612595
3017582,58.22579585455844
3017583,2128.980092518753
3017584,0.0
3017585,48.99386543047336
3017586,23.588181995966636
3017587,21.492288845038786
3017588,21.492288845038786
3017589,2788.9847519176797
3017590,21.492288845038786
3017591,307.19317096097495
3017592,25.830483497456555
3017593,1038.8981024225177
3017594,627.8932763368726
3017595,327.4431438893039
3017596,97.87616739923158
3017597,48.81981873798185
3017598,3457.7493223139363
3017599,30.32126233644516
3017600,21.492288845038786
3017601,45.86137239080887
3017602,24.758729671843128
3017603,21.492288845038786
3017604,250.5254227798644
3017605,23.588181995966636
3017606,24.30675735726504
3017607,24.30675735726504
3017608,65.64780257662062
3017609,21.492288845038786
3017610,148.71950507662783
3017611,173.966582017288
3017612,22.21086420633719
3017613,24.30675735726504
3017614,214.9067762977189
3017615,0.0
3017616,675.3504877533283
3017617,21.492288845038786
3017618,25.830483497456555
3017619,7.290226077844409
3017620,5.194332926916559
3017621,52.88635581211952
3017622,2384.892379763079
3017623,5.194332926916559
3017624,381.46534442643775
3017625,7.745473628421564
3017626,867.7351513106483
3017627,732.1000549455305
3017628,394.8937722240406
3017629,155.40270802700323
3017630,59.104118559666574
3017631,3248.7694312633243
3017632,12.236252467410168
3017633,5.194332926916559
3017634,65.18203676887401
3017635,60.69125792988541
3017636,5.194332926916559
3017637,364.01764076577246
3017638,7.290226077844409
3017639,8.008801439142815
3017640,8.008801439142815
3017641,185.19932173360388
3017642,5.194332926916559
3017643,136.71505069276435
3017644,336.62049407681394
3017645,5.912908288214965
3017646,8.008801439142815
3017647,262.9899073873676
3017648,28.374357313622284
3017649,697.6301647526041
3017650,5.194332926916559
3017651,7.745473628421564
3017652,52.47604387866306
3017653,46.63342775475638
3017654,61.02783702916719
3017655,7534.1679969846455
3017656,46.63342775475638
3017657,903.776770821747
3017658,57.479366621908525
3017659,1578.3427669294654
3017660,1982.9335815125924
3017661,754.669651451481
3017662,649.9488235726478
3017663,264.5247078859843
3017664,7075.116939985512
3017665,24.49049482613458
3017666,46.63342775475638
3017667,62.68752741849937
3017668,32.813333483479084
3017669,46.63342775475638
3017670,608.7868064734597
3017671,55.95564048171707
3017672,196.10309765939817
3017673,0.0
3017674,142.9929980186848
3017675,48.80953982796149
3017676,1065.7421591848324
3017677,289.4182686321471
3017678,48.80953982796149
3017679,55.95564048171707
3017680,1055.2657790892606
3017681,242.69180721449877
3017682,6921.155231863659
3017683,48.80953982796149
3017684,105.70009467286633
3017685,0.0
3017686,0.0
3017687,0.0
3017688,1122.3403264581366
3017689,0.0
3017690,103.31390561170107
3017691,0.0
3017692,280.7769241969672
3017693,210.59103358473754
3017694,36.32504390392393
3017695,0.0
3017696,0.0
3017697,1469.7343268202967
3017698,0.0
3017699,0.0
3017700,0.0
3017701,0.0
3017702,0.0
3017703,148.45812247282464
3017704,0.0
3017705,0.0
3017706,0.0
3017707,0.0
3017708,0.0
3017709,37.55551040860854
3017710,0.0
3017711,0.0
3017712,0.0
3017713,65.81294636695077
3017714,0.0
3017715,304.93665609922533
3017716,0.0
3017717,0.0
3017718,24.839008205148048
3017719,22.024539692921792
3017720,22.024539692921792
3017721,2664.586793989514
3017722,22.024539692921792
3017723,287.6411833190273
3017724,26.362734345339504
3017725,1135.7315743358072
3017726,590.9524249475963
3017727,312.27244691185285
3017728,134.31877534670983
3017729,78.5367283666921
3017730,3481.971292348151
3017731,30.853513184328108
3017732,22.024539692921792
3017733,28.23769550051395
3017734,18.6456752220397
3017735,22.024539692921792
3017736,247.07097858025193
3017737,24.120432843849642
3017738,24.120432843849642
3017739,28.318604808202053
3017740,5.1105750769316955
3017741,22.024539692921792
3017742,152.01959095483286
3017743,220.1137612893103
3017744,22.024539692921792
3017745,24.839008205148048
3017746,288.8948670832733
3017747,0.0
3017748,485.8485241791443
3017749,22.024539692921792
3017750,25.6441589840411
3017751,0.0
3017752,0.0
3017753,0.0
3017754,1032.9171096597279
3017755,0.0
3017756,121.58450420754329
3017757,0.0
3017758,242.11436668387393
3017759,134.9832769941337
3017760,0.0
3017761,0.0
3017762,0.0
3017763,1400.6265145963898
3017764,0.0
3017765,0.0
3017766,0.0
3017767,0.0
3017768,0.0
3017769,57.47842894690689
3017770,0.0
3017771,0.0
3017772,0.0
3017773,0.0
3017774,0.0
3017775,12.961971621685905
3017776,0.0
3017777,0.0
3017778,0.0
3017779,52.23943286738802
3017780,1.3431760935429224
3017781,240.72610220909354
3017782,0.0
3017783,0.0
3017784,19.331317727923533
3017785,16.516849215697277
3017786,0.0
3017787,2115.1556075831086
3017788,16.516849215697277
3017789,284.28475519387234
3017790,20.85504386811499
3017791,1103.7549561715323
3017792,421.2943044397166
3017793,241.73135995113768
3017794,82.14749574446233
3017795,64.43063064312236
3017796,3079.587152109709
3017797,25.345822707103594
3017798,16.516849215697277
3017799,37.21287528926632
3017800,25.453631471178653
3017801,16.516849215697277
3017802,342.0566854767592
3017803,18.612742366625127
3017804,18.612742366625127
3017805,22.81091433097754
3017806,26.76535427633246
3017807,16.516849215697277
3017808,145.62575529854237
3017809,161.44792947431083
3017810,16.516849215697277
3017811,19.331317727923533
3017812,246.7451227682326
3017813,12.551015271206268
3017814,548.7589430878851
3017815,16.516849215697277
3017816,20.136468506816584
3017817,5.725544686786179
3017818,3.6296515358583292
3017819,3.6296515358583292
3017820,2626.2948410615422
3017821,3.6296515358583292
3017822,205.73428468565086
3017823,7.967846188276042
3017824,993.0400716512698
3017825,617.0653555895332
3017826,135.00671409346864
3017827,83.27285578763161
3017828,33.14321085343738
3017829,3336.4614117095775
3017830,12.458625027264645
3017831,3.6296515358583292
3017832,10.22867537934161
3017833,15.68391156421336
3017834,3.6296515358583292
3017835,211.4849035437911
3017836,5.725544686786179
3017837,6.444120048084585
3017838,6.444120048084585
3017839,0.0
3017840,3.6296515358583292
3017841,132.25039488520517
3017842,131.54990800504734
3017843,4.348226897156735
3017844,6.444120048084585
3017845,227.19639481314485
3017846,0.0
3017847,624.195658753784
3017848,3.6296515358583292
3017849,7.967846188276042
3017850,14.745718935563843
3017851,12.649825784635993
3017852,12.649825784635993
3017853,1411.4472940337073
3017854,12.649825784635993
3017855,131.93468370915642
3017856,3.425441237376617
3017857,453.2464394880536
3017858,137.32360710017227
3017859,0.0
3017860,0.0
3017861,0.0
3017862,1687.2697496339383
3017863,7.916220076365221
3017864,12.649825784635993
3017865,9.198475693079786
3017866,4.544432237386275
3017867,12.649825784635993
3017868,79.53848978170157
3017869,14.745718935563843
3017870,15.46429429686225
3017871,15.46429429686225
3017872,11.841762107017814
3017873,12.649825784635993
3017874,29.71264238313597
3017875,0.0
3017876,13.3684011459344
3017877,15.46429429686225
3017878,32.331441103109285
3017879,0.0
3017880,192.10144815670594
3017881,12.649825784635993
3017882,3.425441237376617
3017883,22.563174086720437
3017884,20.467280935792587
3017885,20.467280935792587
3017886,2467.715708850195
3017887,20.467280935792587
3017888,270.2052379569414
3017889,11.242896388533154
3017890,984.3659387768822
3017891,527.8299780626116
3017892,342.18603267384856
3017893,68.5066491475771
3017894,37.51554986237085
3017895,3166.6660347800303
3017896,15.733675227521758
3017897,20.467280935792587
3017898,31.456965022551458
3017899,0.0
3017900,20.467280935792587
3017901,209.36179913752053
3017902,22.563174086720437
3017903,23.281749448018843
3017904,23.281749448018843
3017905,40.645469269182
3017906,20.467280935792587
3017907,142.68806114376082
3017908,172.8578653931258
3017909,21.185856297090993
3017910,23.281749448018843
3017911,220.5782641474075
3017912,0.0
3017913,644.7882037469617
3017914,20.467280935792587
3017915,11.242896388533154
3017916,8.768097999361885
3017917,5.953629487135629
3017918,0.0
3017919,2625.4011361504213
3017920,5.953629487135629
3017921,392.6371687370827
3017922,10.291824139553341
3017923,846.8472892533518
3017924,726.6139641352152
3017925,240.17394195545114
3017926,136.32214212771422
3017927,149.08668570403515
3017928,2997.6700327403523
3017929,0.0
3017930,5.953629487135629
3017931,19.38119058160561
3017932,13.976808457392508
3017933,5.953629487135629
3017934,312.2207147637957
3017935,12.24769460241589
3017936,12.24769460241589
3017937,8.768097999361885
3017938,211.3320805682665
3017939,6.672204848434035
3017940,396.2758718181983
3017941,226.87465040410606
3017942,6.672204848434035
3017943,8.768097999361885
3017944,223.46055603356677
3017945,97.68257406413744
3017946,2261.787763287263
3017947,5.953629487135629
3017948,46.25326545515452
3017949,16.8747122136121
3017950,14.060243701385843
3017951,5.947885472014491
3017952,2235.9609335913224
3017953,14.060243701385843
3017954,369.5130266188386
3017955,21.87803495685756
3017956,877.530563765381
3017957,742.6180838224755
3017958,182.52037198245546
3017959,52.871523471096566
3017960,134.6987728262557
3017961,2856.700960874677
3017962,0.0
3017963,14.060243701385843
3017964,41.94844952876298
3017965,27.836564383203438
3017966,14.060243701385843
3017967,280.1451940956643
3017968,20.354308816666105
3017969,16.8747122136121
3017970,20.354308816666105
3017971,74.01199294353279
3017972,14.77881906268425
3017973,361.42919021787503
3017974,211.59088876616707
3017975,14.77881906268425
3017976,16.8747122136121
3017977,283.59645120616267
3017978,99.01555012557799
3017979,1713.8254976966518
3017980,14.060243701385843
3017981,2.224830544713541
3017982,0.5796275354400109
3017983,0.0
3017984,0.0
3017985,2370.521246737985
3017986,0.0
3017987,325.2239825171264
3017988,2.1033536756314675
3017989,980.8892949860505
3017990,531.7683147941067
3017991,227.53974629951608
3017992,113.12197474039553
3017993,63.69976318288997
3017994,3649.2679763719557
3017995,0.0
3017996,0.0
3017997,13.561269179149349
3017998,9.070490340160745
3017999,0.0
3018000,172.658682685653
3018001,4.059224138494017
3018002,4.059224138494017
3018003,0.5796275354400109
3018004,0.0
3018005,0.0
3018006,163.96357792343363
3018007,264.34837819667155
3018008,0.0
3018009,0.5796275354400109
3018010,362.6543870980544
3018011,0.0
3018012,1192.342204076498
3018013,0.0
3018014,5.582950278685473
3018015,20.18617325518096
3018016,17.371704742954705
3018017,10.443074693465405
3018018,2666.1209088887827
3018019,17.371704742954705
3018020,300.7941753229878
3018021,25.18949599842648
3018022,746.0283345603729
3018023,702.0121975390741
3018024,233.41094876913292
3018025,93.22149403214291
3018026,154.7907028451352
3018027,2811.9208969439187
3018028,0.0
3018029,17.371704742954705
3018030,36.82253244364301
3018031,32.33175360465441
3018032,17.371704742954705
3018033,137.96270533301282
3018034,23.665769858234967
3018035,23.665769858234967
3018036,20.18617325518096
3018037,138.3955231796908
3018038,18.09028010425311
3018039,506.4502423082829
3018040,167.96193021183782
3018041,18.09028010425311
3018042,23.665769858234967
3018043,413.6329560104864
3018044,117.78458594947537
3018045,1814.95445601472
3018046,18.09028010425311
3018047,67.55966926730542
3018048,18.210582439386883
3018049,16.114689288459033
3018050,16.114689288459033
3018051,2465.1815684485164
3018052,16.114689288459033
3018053,279.32917553183665
3018054,20.452883940876745
3018055,1268.9492672222011
3018056,405.35529250383354
3018057,511.3217587694588
3018058,86.53382492364096
3018059,68.81695982230093
3018060,4038.1705318006375
3018061,28.423259382919355
3018062,16.114689288459033
3018063,31.96594177765337
3018064,27.31189832195986
3018065,16.114689288459033
3018066,332.04769039831467
3018067,18.92915780068529
3018068,18.92915780068529
3018069,18.92915780068529
3018070,10.916427034389244
3018071,16.83326464975744
3018072,143.61159321788372
3018073,183.05192070640547
3018074,16.83326464975744
3018075,18.92915780068529
3018076,246.63298775255888
3018077,16.937344450384842
3018078,577.7196934179613
3018079,16.114689288459033
3018080,20.452883940876745
3018081,6.108840151213201
3018082,4.012947000285351
3018083,4.012947000285351
3018084,2279.7753885379275
3018085,4.012947000285351
3018086,256.90877827609347
3018087,8.351141652703063
3018088,712.5747086530157
3018089,640.6016179104711
3018090,76.38432195792387
3018091,80.35690990736356
3018092,20.21901120505595
3018093,2683.8039885742055
3018094,0.0
3018095,4.012947000285351
3018096,24.98436736397275
3018097,34.376729070325325
3018098,4.012947000285351
3018099,174.5996337362956
3018100,6.827415512511607
3018101,6.827415512511607
3018102,6.827415512511607
3018103,27.9695048071751
3018104,4.731522361583757
3018105,325.8184203391889
3018106,124.07653316494307
3018107,4.731522361583757
3018108,6.827415512511607
3018109,208.48826813271748
3018110,30.515086544852068
3018111,1651.8244420113856
3018112,4.012947000285351
3018113,115.27645556895598
3018114,22.70769693951047
3018115,19.893228427284214
3018116,19.893228427284214
3018117,2350.603891268412
3018118,19.893228427284214
3018119,537.9500054488776
3018120,22.444369128789276
3018121,691.6949328952617
3018122,688.4202371065036
3018123,400.2057195943925
3018124,230.98093022256785
3018125,95.30105439676163
3018126,2611.2711263904266
3018127,48.06111998438956
3018128,19.893228427284214
3018129,31.533735570841543
3018130,54.058967348332146
3018131,19.893228427284214
3018132,510.64246579282946
3018133,26.187293542564476
3018134,26.187293542564476
3018135,62.24236105331306
3018136,109.48425366832652
3018137,20.61180378858262
3018138,452.8783196540985
3018139,407.137848697907
3018140,20.61180378858262
3018141,22.70769693951047
3018142,339.38811145289145
3018143,37.49645149702707
3018144,1727.8168282336098
3018145,19.893228427284214
3018146,181.328827334751
3018147,13.545930618181842
3018148,10.731462105955586
3018149,10.731462105955586
3018150,3669.641642188902
3018151,10.731462105955586
3018152,308.61434216835323
3018153,0.0
3018154,1105.138201631544
3018155,679.4060824969822
3018156,435.60605136168004
3018157,81.93611920732542
3018158,33.627859760089564
3018159,3443.1644464653796
3018160,7.784910348597464
3018161,10.731462105955586
3018162,0.0
3018163,0.0
3018164,10.731462105955586
3018165,266.8891592415201
3018166,12.827355256883436
3018167,12.827355256883436
3018168,13.545930618181842
3018169,12.886295949414375
3018170,10.731462105955586
3018171,139.95700175025533
3018172,208.0179360209335
3018173,10.731462105955586
3018174,12.827355256883436
3018175,335.1521488064729
3018176,0.0
3018177,640.2318794254131
3018178,10.731462105955586
3018179,2.5755561483104543
3018180,209.66988192661626
3018181,19.92149165132372
3018182,23.67545747322316
3018183,8866.200887857514
3018184,19.92149165132372
3018185,1006.7945152019644
3018186,30.767430518475862
3018187,2153.349440146127
3018188,2129.601444576068
3018189,827.9123411331897
3018190,632.9539810110276
3018191,283.38791838559973
3018192,8986.475169227622
3018193,21.931465567924818
3018194,19.92149165132372
3018195,42.18052795888315
3018196,14.540583422295015
3018197,19.92149165132372
3018198,613.891043976713
3018199,2.445609594212044
3018200,29.243704378284406
3018201,157.350599164471
3018202,243.94183275656806
3018203,22.097603724528824
3018204,1187.9111234644045
3018205,607.3571350593311
3018206,22.097603724528824
3018207,29.243704378284406
3018208,1185.9381565074823
3018209,252.39060201326842
3018210,8564.601297649398
3018211,321.1568849688285
3018212,51.82923954786213
3018213,7.144051221334905
3018214,4.844535465644924
3018215,16.11363512107704
3018216,8470.974453756538
3018217,4.844535465644924
3018218,925.4010747756905
3018219,15.690474332797066
3018220,1870.2595686810025
3018221,2091.932345740725
3018222,816.4816463227517
3018223,717.2221001683657
3018224,248.02664211923147
3018225,9027.707975752266
3018226,0.0
3018227,4.844535465644924
3018228,39.03262717642082
3018229,62.34107513990091
3018230,4.844535465644924
3018231,592.2131535768099
3018232,43.73731742214159
3018233,14.16674819260561
3018234,0.0
3018235,164.7274130104041
3018236,7.020647538850028
3018237,1136.4749031217161
3018238,504.7178352465028
3018239,7.020647538850028
3018240,14.16674819260561
3018241,1144.4054834656345
3018242,150.27139381978557
3018243,5905.337268527577
3018244,249.90626612186327
3018245,0.0
3018246,20.439442015510735
3018247,21.16807387150118
3018248,28.6442783129429
3018249,5945.257644260163
3018250,21.16807387150118
3018251,683.173118127909
3018252,30.45713422070503
3018253,1939.7254262526938
3018254,1609.232889131625
3018255,1000.411008786772
3018256,327.0973416269777
3018257,190.8225464873976
3018258,7234.863726402073
3018259,0.0
3018260,21.16807387150118
3018261,33.35683560412059
3018262,61.78699717278835
3018263,21.16807387150118
3018264,405.1040017772847
3018265,64.17294180924398
3018266,28.933408080513573
3018267,48.88814731470205
3018268,52.30633413093591
3018269,21.886649232799584
3018270,1017.0043745039346
3018271,574.3968913483471
3018272,21.886649232799584
3018273,64.17294180924398
3018274,1015.0314075470127
3018275,167.98584499921478
3018276,2969.161938586849
3018277,30.76039895594357
3018278,0.0
3018279,153.43088712806744
3018280,0.0
3018281,32.03505760606288
3018282,7429.577496772724
3018283,0.0
3018284,762.6933481037213
3018285,8.107612624265926
3018286,1755.6622512521917
3018287,1760.883570319952
3018288,493.3935863772091
3018289,196.28650039499053
3018290,87.77454417720662
3018291,8739.458359768867
3018292,0.0
3018293,0.0
3018294,62.39763512848293
3018295,26.525135931293278
3018296,0.0
3018297,586.8219515635835
3018298,58.31951307110097
3018299,6.583886484074469
3018300,0.0
3018301,0.0
3018302,0.0
3018303,844.5276985157683
3018304,220.79926865045636
3018305,0.0
3018306,6.583886484074469
3018307,842.5547315588465
3018308,42.422301823040186
3018309,5259.365454055617
3018310,252.2616893539299
3018311,0.0
3018312,3.798811694210656
3018313,2.469396570163042
3018314,9.945601011604765
3018315,5225.495625594835
3018316,2.469396570163042
3018317,668.1850490953566
3018318,11.758456919366893
3018319,1602.5979287669813
3018320,1335.3437957132307
3018321,918.4679345421721
3018322,245.15426738237784
3018323,165.97415292014347
3018324,7059.338845875149
3018325,0.0
3018326,2.469396570163042
3018327,43.983950261033215
3018328,43.08831987145021
3018329,2.469396570163042
3018330,447.15169707413577
3018331,0.0
3018332,10.234730779175436
3018333,0.0
3018334,68.75623682888624
3018335,3.1879719314614476
3018336,934.7266836139119
3018337,536.4322574325699
3018338,3.1879719314614476
3018339,27.945110710867198
3018340,933.0883333024127
3018341,120.62191056597703
3018342,1883.949719848704
3018343,21.46102217206584
3018344,0.0
3018345,40.01730383220388
3018346,38.687888708156265
3018347,16.789464526130757
3018348,6452.774397255267
3018349,38.687888708156265
3018350,808.7577913720513
3018351,46.50567996362798
3018352,1774.4178093005994
3018353,1842.7818902982983
3018354,1146.4692294549577
3018355,523.9643987347492
3018356,253.96737225564115
3018357,7086.263626075763
3018358,0.0
3018359,38.687888708156265
3018360,38.40080684068755
3018361,63.7673017842057
3018362,38.687888708156265
3018363,477.98182699041047
3018364,138.2102357926591
3018365,44.98195382343653
3018366,0.0
3018367,277.75157272816324
3018368,39.40646406945467
3018369,1146.2506792327204
3018370,609.1767646461084
3018371,39.40646406945467
3018372,22.93146718863312
3018373,1164.2224707536548
3018374,195.7758121916502
3018375,5556.350729467713
3018376,146.44946575085646
3018377,35.06548240172225
3018378,12.782418506966906
3018379,9.96794999474065
3018380,9.96794999474065
3018381,1871.42059837967
3018382,9.96794999474065
3018383,209.95621585937684
3018384,14.306144647158362
3018385,604.8615850873927
3018386,488.18216463263593
3018387,29.27330905210107
3018388,120.90173870814672
3018389,75.83899906560407
3018390,2511.584402136595
3018391,0.0
3018392,9.96794999474065
3018393,28.88057294891877
3018394,32.78787279556326
3018395,9.96794999474065
3018396,236.20715074407866
3018397,12.782418506966906
3018398,12.0638431456685
3018399,0.0
3018400,3.1245591956959515
3018401,9.96794999474065
3018402,96.78795913513176
3018403,140.66944954600055
3018404,9.96794999474065
3018405,12.782418506966906
3018406,174.57466409150484
3018407,18.03439616586951
3018408,1610.8271598176411
3018409,9.96794999474065
3018410,44.962224414052116
3018411,24.066672140741503
3018412,21.252203628515247
3018413,17.256282722385606
3018414,3969.6529736688117
3018415,21.252203628515247
3018416,464.5534983448256
3018417,30.541263977719098
3018418,1304.2206826448635
3018419,937.9730078549404
3018420,710.6301051336292
3018421,60.210705122993204
3018422,0.0
3018423,5076.382888064757
3018424,0.0
3018425,21.252203628515247
3018426,40.18967108162019
3018427,59.47220949693656
3018428,21.252203628515247
3018429,463.5750207134982
3018430,13.621700158660474
3018431,23.348096779443097
3018432,24.066672140741503
3018433,21.22978904592219
3018434,21.970778989813653
3018435,448.6129287475948
3018436,362.1693688563241
3018437,21.970778989813653
3018438,24.066672140741503
3018439,526.3546895428332
3018440,0.0
3018441,1426.67780448495
3018442,17.69877752859003
3018443,0.0
3018444,26.777997653025125
3018445,24.682104502097275
3018446,24.682104502097275
3018447,3957.016772896388
3018448,24.682104502097275
3018449,602.7518202512146
3018450,29.020299154514987
3018451,1465.9779485025258
3018452,1345.8420873433752
3018453,840.7070777174156
3018454,751.446141239685
3018455,139.87411151571257
3018456,4169.251569815146
3018457,0.0
3018458,24.682104502097275
3018459,41.37443406214453
3018460,62.6351113115025
3018461,24.682104502097275
3018462,647.5534469316251
3018463,26.777997653025125
3018464,27.49657301432353
3018465,27.49657301432353
3018466,71.94500164942332
3018467,24.682104502097275
3018468,1071.92484092308
3018469,446.1060849872306
3018470,25.40067986339568
3018471,27.49657301432353
3018472,1338.3892648201165
3018473,77.43751393362146
3018474,3944.1505839044116
3018475,24.682104502097275
3018476,35.92750705587281
3018477,71.18849569616287
3018478,68.37402718393662
3018479,68.37402718393662
3018480,3323.346177281496
3018481,68.37402718393662
3018482,842.6111223014177
3018483,59.14964263667724
3018484,1244.5182303034958
3018485,1019.3291680962135
3018486,1154.8638945099617
3018487,607.6112887090119
3018488,68.26187873503426
3018489,6177.358474696542
3018490,75.8933096735617
3018491,68.37402718393662
3018492,42.76725560563767
3018493,37.364563694878996
3018494,68.37402718393662
3018495,535.3947678859754
3018496,70.46992033486447
3018497,70.46992033486447
3018498,70.46992033486447
3018499,363.35724607507217
3018500,68.37402718393662
3018501,967.7731407855539
3018502,740.7849877485994
3018503,68.37402718393662
3018504,0.0
3018505,969.4431565158478
3018506,0.0
3018507,2572.492751685045
3018508,68.37402718393662
3018509,231.1241377482661
3018510,29.053651831337675
3018511,26.23918331911142
3018512,41.412069746090424
3018513,2182.2144316185313
3018514,26.23918331911142
3018515,426.02785160963117
3018516,28.790324020616424
3018517,856.3485321677751
3018518,750.4097213457782
3018519,489.10719082470314
3018520,258.0469766421209
3018521,161.21597650600867
3018522,2697.9029291702577
3018523,31.082778544832195
3018524,26.23918331911142
3018525,63.29576144887193
3018526,75.16570662142709
3018527,26.23918331911142
3018528,251.89041975918235
3018529,28.33507647003927
3018530,28.33507647003927
3018531,28.33507647003927
3018532,116.49915182518691
3018533,26.23918331911142
3018534,479.8850859736013
3018535,298.665607042377
3018536,26.23918331911142
3018537,28.33507647003927
3018538,509.3980406738516
3018539,104.8161704657349
3018540,1553.481187306653
3018541,26.23918331911142
3018542,208.5705514731987
3018543,14.951946080354332
3018544,12.137477568128077
3018545,12.137477568128077
3018546,1908.8586615112433
3018547,12.137477568128077
3018548,192.96615943681348
3018549,2.9130930208687005
3018550,854.8146781970622
3018551,226.52907573166695
3018552,91.29128980109891
3018553,20.515968721064667
3018554,64.52228874878591
3018555,2511.0025421224786
3018556,7.403871859857304
3018557,12.137477568128077
3018558,12.165724079625875
3018559,7.511680623932364
3018560,12.137477568128077
3018561,174.94809689454516
3018562,14.233370719055927
3018563,14.233370719055927
3018564,14.233370719055927
3018565,0.0
3018566,12.137477568128077
3018567,89.53323610697322
3018568,56.99858626843201
3018569,12.137477568128077
3018570,14.233370719055927
3018571,111.0483054866944
3018572,0.0
3018573,147.85381268256606
3018574,12.137477568128077
3018575,2.1945176595702947
3018576,17.915604597358367
3018577,15.101136085132111
3018578,10.850363125005401
3018579,2912.2286486337844
3018580,15.101136085132111
3018581,376.26552696289633
3018582,24.39019643433602
3018583,942.3441000862064
3018584,840.9029203491361
3018585,443.9007724272332
3018586,249.0766704914043
3018587,175.96013342591968
3018588,4088.1105071814322
3018589,0.0
3018590,15.101136085132111
3018591,29.99996627333428
3018592,49.41019095935303
3018593,15.101136085132111
3018594,269.9145285248277
3018595,22.866470294144506
3018596,22.866470294144506
3018597,5.305810281282106
3018598,116.78962274278948
3018599,15.819711446430517
3018600,718.4253619685473
3018601,226.14724965046562
3018602,15.819711446430517
3018603,22.866470294144506
3018604,625.6080756707508
3018605,140.35881338972072
3018606,2021.0762345934243
3018607,15.819711446430517
3018608,63.34932062792302
3018609,11.526165497361944
3018610,8.711696985135688
3018611,0.0
3018612,4538.1185709723
3018613,8.711696985135688
3018614,541.4508997079322
3018615,16.529488240607407
3018616,1047.3303284281842
3018617,1329.507865705483
3018618,421.80494707615975
3018619,299.7058481479343
3018620,162.85326876044377
3018621,3446.604277242863
3018622,0.0
3018623,8.711696985135688
3018624,20.71711550848437
3018625,26.03537640227455
3018626,8.711696985135688
3018627,377.6360566079802
3018628,15.00576210041595
3018629,19.850535684790657
3018630,0.0
3018631,133.98311196235852
3018632,9.430272346434094
3018633,644.8013086345941
3018634,313.78132983395125
3018635,9.430272346434094
3018636,0.0
3018637,640.0567561932226
3018638,119.76134684175696
3018639,4206.619106238753
3018640,9.430272346434094
3018641,19.023273884731225
3018642,23.21233380913651
3018643,20.397865296910254
3018644,6.023826070081384
3018645,4997.797380012612
3018646,20.397865296910254
3018647,626.4107806079701
3018648,28.215656552381972
3018649,1184.8900652410414
3018650,1512.5267184643876
3018651,467.0350881753237
3018652,370.4961300380832
3018653,227.0265063213922
3018654,4405.814347996133
3018655,0.0
3018656,20.397865296910254
3018657,32.00167477785152
3018658,27.91250498127033
3018659,20.397865296910254
3018660,343.4967919209797
3018661,26.691930412190516
3018662,26.691930412190516
3018663,0.0
3018664,114.93209053663767
3018665,21.11644065820866
3018666,736.3069377317738
3018667,427.13171451605285
3018668,21.11644065820866
3018669,26.691930412190516
3018670,757.2389714224585
3018671,183.9345844027051
3018672,4497.780785347185
3018673,21.11644065820866
3018674,40.523149037373514
3018675,0.0
3018676,0.0
3018677,0.0
3018678,3478.4297230836596
3018679,0.0
3018680,313.85879710811247
3018681,2.908199401672846
3018682,1097.838225539755
3018683,756.6938909874391
3018684,362.76349065592365
3018685,149.86968515430087
3018686,82.90014790164645
3018687,5405.575071362988
3018688,0.0
3018689,0.0
3018690,15.622832952037584
3018691,3.992655981475366
3018692,0.0
3018693,134.87510516613025
3018694,1.3844732614813893
3018695,1.3844732614813893
3018696,0.1286150260146428
3018697,0.0
3018698,0.0
3018699,206.6481340095303
3018700,246.34042850326705
3018701,0.0
3018702,1.3844732614813893
3018703,410.29197803292004
3018704,0.0
3018705,1135.914320260496
3018706,0.0
3018707,0.0
3018708,0.0
3018709,0.0
3018710,0.0
3018711,2502.440133068008
3018712,0.0
3018713,91.4461274978982
3018714,5.8254046154060575
3018715,633.1000306356691
3018716,376.84578205650917
3018717,0.0
3018718,162.41913709036805
3018719,89.16814559011601
3018720,2429.9565634320775
3018721,0.0
3018722,0.0
3018723,23.097945531721336
3018724,0.0
3018725,0.0
3018726,0.0
3018727,4.301678475214544
3018728,4.301678475214544
3018729,0.0
3018730,0.0
3018731,0.0
3018732,243.26807389925784
3018733,0.0
3018734,0.0
3018735,4.301678475214544
3018736,201.92100787150622
3018737,46.99103159910027
3018738,2050.0343410147602
3018739,0.0
3018740,84.16144344836619
3018741,1.8945614257548868
3018742,0.0
3018743,0.0
3018744,1658.3043470177024
3018745,0.0
3018746,250.53365360006825
3018747,0.0
3018748,836.5313762487576
3018749,438.6805112139472
3018750,318.53333849651307
3018751,101.94235922319649
3018752,177.24156783308916
3018753,2749.63255647836
3018754,0.0
3018755,0.0
3018756,0.5796085187586186
3018757,0.0
3018758,0.0
3018759,259.6465628422355
3018760,6.845427122541025
3018761,6.845427122541025
3018762,1.8945614257548868
3018763,40.85558845454324
3018764,0.0
3018765,142.6038428756034
3018766,203.4878104011169
3018767,0.0
3018768,6.845427122541025
3018769,167.8640509270328
3018770,92.69722050149556
3018771,390.0995517314026
3018772,0.0
3018773,0.0
3018774,1.3670836125044161
3018775,0.0
3018776,0.0
3018777,4823.504921017487
3018778,0.0
3018779,715.6105631859295
3018780,5.1961037937452375
3018781,1712.648204179676
3018782,982.5687596678638
3018783,585.877966657238
3018784,224.73039739845956
3018785,395.7352611184848
3018786,7870.011497447912
3018787,1.749209002106852
3018788,0.0
3018789,19.56038722337007
3018790,7.5257491151640465
3018791,0.0
3018792,228.63991787515204
3018793,0.19278105049977512
3018794,0.19278105049977512
3018795,3.672377653553781
3018796,0.0
3018797,0.0
3018798,294.23159826185275
3018799,411.64894370185084
3018800,0.0
3018801,3.672377653553781
3018802,295.99405879735065
3018803,124.6694387655026
3018804,1404.762115033851
3018805,0.0
3018806,0.0
3018807,13.547174754413106
3018808,10.73270624218685
3018809,10.73270624218685
3018810,2325.5668413063277
3018811,10.73270624218685
3018812,249.17071872073655
3018813,1.5083216949274174
3018814,974.7638741077667
3018815,401.0020052287662
3018816,229.5424516887429
3018817,84.8979088990884
3018818,61.004292326133566
3018819,3053.7213538873066
3018820,5.999100533916021
3018821,10.73270624218685
3018822,0.0
3018823,0.0
3018824,10.73270624218685
3018825,149.64581618605456
3018826,12.8285993931147
3018827,12.8285993931147
3018828,0.0
3018829,0.0
3018830,10.73270624218685
3018831,138.69599547885505
3018832,79.37520814800934
3018833,10.73270624218685
3018834,12.8285993931147
3018835,145.758018935294
3018836,22.69434545427066
3018837,321.1894347805749
3018838,0.0
3018839,0.0
3018840,13.547174754413106
3018841,10.73270624218685
3018842,0.0
3018843,2198.588892872315
3018844,10.73270624218685
3018845,255.5712099805737
3018846,1.5083216949274174
3018847,838.4021714651601
3018848,314.0356701148671
3018849,253.7104732015913
3018850,84.8979088990884
3018851,105.35759234832531
3018852,2926.743405453294
3018853,5.999100533916021
3018854,10.73270624218685
3018855,0.0
3018856,7.578178391723213
3018857,10.73270624218685
3018858,194.09989892974056
3018859,12.8285993931147
3018860,12.8285993931147
3018861,13.547174754413106
3018862,0.0
3018863,10.73270624218685
3018864,145.09648673869222
3018865,131.92394787289638
3018866,10.73270624218685
3018867,12.8285993931147
3018868,145.758018935294
3018869,22.69434545427066
3018870,321.1894347805749
3018871,0.0
3018872,0.0
3018873,9.895155211528277
3018874,7.799262060600427
3018875,0.0
3018876,2119.1545827041373
3018877,7.799262060600427
3018878,255.49830106357632
3018879,0.0
3018880,1029.7768086986512
3018881,372.09140535725794
3018882,217.27050804503475
3018883,98.46362191440573
3018884,86.99998962067019
3018885,3227.056754816233
3018886,3.065656352329654
3018887,7.799262060600427
3018888,0.0
3018889,0.0
3018890,7.799262060600427
3018891,249.84153285138723
3018892,9.895155211528277
3018893,9.895155211528277
3018894,10.613730572826682
3018895,68.39232442863533
3018896,7.799262060600427
3018897,130.90346923910516
3018898,138.39836757040774
3018899,7.799262060600427
3018900,9.895155211528277
3018901,169.94010519393598
3018902,37.60862982945872
3018903,550.7876184946274
3018904,0.0
3018905,0.0
3018906,9.042215143644398
3018907,6.946321992716548
3018908,6.946321992716548
3018909,2278.007700576597
3018910,6.946321992716548
3018911,273.2617797994806
3018912,0.0
3018913,1015.9236561842903
3018914,199.88739603641113
3018915,195.25710159016631
3018916,96.37699572973617
3018917,53.00568081454202
3018918,3469.9936265975834
3018919,3.999770235358369
3018920,6.946321992716548
3018921,33.092792936279466
3018922,7.351924102433429
3018923,6.946321992716548
3018924,276.19507262567924
3018925,9.760790504942804
3018926,9.042215143644398
3018927,9.760790504942804
3018928,0.0
3018929,6.946321992716548
3018930,137.73000333896755
3018931,80.85275577314923
3018932,6.946321992716548
3018933,9.042215143644398
3018934,118.32485760339142
3018935,6.060060171092175
3018936,523.2327992879882
3018937,10.755687860818398
3018938,0.0
3018939,18.860939874995267
3018940,16.04647136276901
3018941,16.04647136276901
3018942,2148.071454240649
3018943,16.04647136276901
3018944,274.39255413094656
3018945,6.8220868155096355
3018946,869.480477205959
3018947,240.36570254961975
3018948,175.27798074268037
3018949,82.46359444231058
3018950,46.777923318870876
3018951,2696.487833597928
3018952,14.792462257552245
3018953,16.04647136276901
3018954,16.07471787426681
3018955,11.420674418573299
3018956,16.04647136276901
3018957,234.26926840238764
3018958,18.860939874995267
3018959,18.14236451369686
3018960,18.860939874995267
3018961,12.217523342894708
3018962,16.04647136276901
3018963,136.6095349222814
3018964,89.4118207976889
3018965,16.04647136276901
3018966,18.860939874995267
3018967,153.94007772184102
3018968,21.608602357363623
3018969,454.29776562888355
3018970,16.04647136276901
3018971,6.8220868155096355
3018972,21.03744043310826
3018973,18.222971920882003
3018974,35.68864518930809
3018975,3279.3716826387495
3018976,18.222971920882003
3018977,426.90170093913025
3018978,26.040763176353778
3018979,1584.0476030867803
3018980,725.6139798283054
3018981,574.6157288957968
3018982,247.73280311089079
3018983,216.9723379959467
3018984,4515.923766862996
3018985,39.71966860200649
3018986,18.222971920882003
3018987,62.231367556190605
3018988,57.577324100497094
3018989,18.222971920882003
3018990,507.6185013273299
3018991,24.517037036162264
3018992,24.517037036162264
3018993,2.5740605459320705
3018994,105.62120967531752
3018995,18.94154728218041
3018996,209.59860818643688
3018997,380.6105280961885
3018998,18.94154728218041
3018999,24.517037036162264
3019000,287.23467389202904
3019001,102.52734087338928
3019002,1034.7512749732084
3019003,0.0
3019004,51.923678524873424
3019005,8.07995926463849
3019006,5.265490752412234
3019007,2.7823511780706554
3019008,2594.184684584631
3019009,5.265490752412234
3019010,250.16123859284494
3019011,2.779025852851646
3019012,588.2210653899034
3019013,314.55214333573605
3019014,150.98934130371902
3019015,0.0
3019016,0.0
3019017,2844.367332302914
3019018,0.0
3019019,5.265490752412234
3019020,9.853337756725693
3019021,106.01160759908689
3019022,5.265490752412234
3019023,345.97610100132266
3019024,13.030824961424628
3019025,13.030824961424628
3019026,8.07995926463849
3019027,0.0
3019028,5.9840661137106395
3019029,0.0
3019030,29.058982403257062
3019031,5.9840661137106395
3019032,13.030824961424628
3019033,0.0
3019034,0.0
3019035,1010.1011843383781
3019036,68.30236331316951
3019037,0.0
3019038,9.760790504942804
3019039,6.946321992716548
3019040,0.0
3019041,2723.9648185168057
3019042,6.946321992716548
3019043,273.2617797994806
3019044,0.0
3019045,1118.0154897686102
3019046,199.88739603641113
3019047,205.6748864455878
3019048,78.82298682225314
3019049,42.10444617188949
3019050,3493.905373305109
3019051,3.999770235358369
3019052,6.946321992716548
3019053,12.00596755812694
3019054,5.578848093165561
3019055,6.946321992716548
3019056,252.18919290050763
3019057,9.760790504942804
3019058,9.042215143644398
3019059,9.760790504942804
3019060,10.204588971074202
3019061,6.946321992716548
3019062,131.32951207913032
3019063,64.67101244980228
3019064,6.946321992716548
3019065,9.042215143644398
3019066,138.3915355355693
3019067,6.060060171092175
3019068,509.9079504992927
3019069,10.755687860818398
3019070,0.0
3019071,0.0
3019072,0.0
3019073,0.0
3019074,3261.22878888686
3019075,0.0
3019076,231.65048877190824
3019077,0.0
3019078,1108.8050131281448
3019079,704.6936548092713
3019080,0.0
3019081,286.704095554798
3019082,205.7030376447952
3019083,4199.211078597844
3019084,0.0
3019085,0.0
3019086,25.496741331909845
3019087,0.0
3019088,0.0
3019089,97.00682233590123
3019090,0.0
3019091,0.0
3019092,0.0
3019093,0.0
3019094,0.0
3019095,367.55303236368763
3019096,88.2833103674713
3019097,0.0
3019098,0.0
3019099,386.288372022708
3019100,163.5259236537796
3019101,2366.127688475791
3019102,0.0
3019103,60.75794178385502
3019104,21.09839382738437
3019105,18.283925315158115
3019106,54.830369395480375
3019107,4108.802949408262
3019108,18.283925315158115
3019109,367.0190830138026
3019110,24.314662619717183
3019111,1357.200619205739
3019112,927.5668000362222
3019113,563.7174095307741
3019114,195.58725702255614
3019115,390.95762590434333
3019116,5777.812511782334
3019117,4.618627035471036
3019118,18.283925315158115
3019119,40.86595491001549
3019120,47.15995723806839
3019121,18.283925315158115
3019122,492.6522031284586
3019123,24.577990430438376
3019124,24.577990430438376
3019125,38.50905707639538
3019126,7.03499713160636
3019127,19.00250067645652
3019128,203.52049276837593
3019129,444.50981396352717
3019130,19.00250067645652
3019131,24.577990430438376
3019132,215.05053316617702
3019133,69.53924980069934
3019134,880.8386443156395
3019135,0.0
3019136,0.0
3019137,30.836233461925644
3019138,28.02176494969939
3019139,48.72040640913605
3019140,3468.2817872610663
3019141,28.02176494969939
3019142,308.16754281446276
3019143,30.57290565120445
3019144,1141.3100073479538
3019145,576.7722192492033
3019146,302.5515009007544
3019147,121.31460232074949
3019148,125.76845614774959
3019149,4931.81874897571
3019150,38.54328109324706
3019151,28.02176494969939
3019152,70.84343017198495
3019153,66.35265133299634
3019154,28.02176494969939
3019155,281.45471184021017
3019156,30.836233461925644
3019157,30.11765810062724
3019158,30.836233461925644
3019159,135.6817515431002
3019160,28.02176494969939
3019161,113.39703045382683
3019162,265.51003379838306
3019163,28.02176494969939
3019164,30.836233461925644
3019165,126.83280719190591
3019166,0.0
3019167,624.5104099375919
3019168,28.02176494969939
3019169,61.098889916735516
3019170,31.020287045909697
3019171,28.924393894981847
3019172,28.924393894981847
3019173,1881.0455701829485
3019174,28.924393894981847
3019175,303.7265895095813
3019176,35.968594551132696
3019177,871.8239845764818
3019178,237.09971485795026
3019179,214.06292703185306
3019180,119.88380260812662
3019181,166.92727614274295
3019182,2801.016730223817
3019183,35.24773807417711
3019184,28.924393894981847
3019185,79.91232992502711
3019186,37.087585551142354
3019187,28.924393894981847
3019188,303.687135060704
3019189,31.020287045909697
3019190,31.020287045909697
3019191,36.23192236185389
3019192,73.53147222748521
3019193,28.924393894981847
3019194,126.0695385476549
3019195,176.87128753962298
3019196,28.924393894981847
3019197,31.020287045909697
3019198,131.7267651446331
3019199,23.824981437104157
3019200,419.78342967613423
3019201,56.367476214067494
3019202,30.756959235188503
3019203,11.541875448929432
3019204,8.727406936703176
3019205,9.445982298001582
3019206,2417.743531535495
3019207,8.727406936703176
3019208,219.2821878558488
3019209,16.545198192174837
3019210,846.0869718317083
3019211,443.5771528831375
3019212,238.53075595940834
3019213,199.2649337270347
3019214,131.09153929163801
3019215,2558.0316392813024
3019216,1.8805176434070177
3019217,8.727406936703176
3019218,22.154968031173098
3019219,27.14345048414043
3019220,8.727406936703176
3019221,280.5687996783231
3019222,15.021472051983437
3019223,10.823300087631026
3019224,11.541875448929432
3019225,0.0
3019226,9.445982298001582
3019227,245.06377878165915
3019228,103.66883743482396
3019229,9.445982298001582
3019230,11.541875448929432
3019231,237.36200764871228
3019232,82.4320313763061
3019233,1416.1174428634138
3019234,8.727406936703176
3019235,0.0
3019236,0.0
3019237,0.0
3019238,0.0
3019239,3544.7471190617402
3019240,0.0
3019241,443.0800178213143
3019242,1.9482477440212733
3019243,1198.7844104143182
3019244,987.7670318746476
3019245,333.735850645107
3019246,235.41213756608502
3019247,210.82699465878687
3019248,3979.5617884510593
3019249,0.0
3019250,0.0
3019251,4.086358847656754
3019252,12.719760060910005
3019253,0.0
3019254,156.4258649236939
3019255,0.0
3019256,0.42452160382981674
3019257,0.42452160382981674
3019258,162.89985688710408
3019259,0.0
3019260,320.21172642409516
3019261,259.5408510438793
3019262,0.0
3019263,0.42452160382981674
3019264,339.27401345933754
3019265,147.8311491447825
3019266,3086.971357678322
3019267,0.0
3019268,30.90087834737784
3019269,14.645849353593007
3019270,12.549956202665157
3019271,12.549956202665157
3019272,2725.122514900456
3019273,12.549956202665157
3019274,189.99836366587874
3019275,5.112625606318488
3019276,742.4129265225768
3019277,305.1205065008819
3019278,105.01828553908297
3019279,101.89527034747664
3019280,49.44276485129933
3019281,2582.674201485041
3019282,12.965113097868425
3019283,12.549956202665157
3019284,14.201992048370698
3019285,5.03925410414422
3019286,12.549956202665157
3019287,278.3466826655218
3019288,14.645849353593007
3019289,15.364424714891413
3019290,15.364424714891413
3019291,47.9556326982559
3019292,13.268531563963563
3019293,142.79228104965188
3019294,85.76044620680443
3019295,12.549956202665157
3019296,0.0
3019297,139.99234426915422
3019298,0.0
3019299,1243.9533275222143
3019300,12.549956202665157
3019301,93.28049746737679
3019302,27.153514518468626
3019303,25.057621367540776
3019304,25.057621367540776
3019305,1706.733543042589
3019306,25.057621367540776
3019307,70.19438829069196
3019308,15.833236820281456
3019309,324.5738461951401
3019310,209.2776336684835
3019311,68.52956946112562
3019312,85.7782803989981
3019313,34.48240561159707
3019314,1734.0704956484917
3019315,12.697698336527765
3019316,25.057621367540776
3019317,0.25436891431434105
3019318,20.43182442334512
3019319,25.057621367540776
3019320,75.16210976966227
3019321,27.153514518468626
3019322,27.87208987976703
3019323,27.87208987976703
3019324,0.0
3019325,25.057621367540776
3019326,112.94530278095314
3019327,0.0
3019328,25.77619672883918
3019329,27.87208987976703
3019330,81.26754574522278
3019331,15.955284996137209
3019332,1174.8479564919862
3019333,25.057621367540776
3019334,15.410013722523274
3019335,3.0445918414943662
3019336,0.9486986905665162
3019337,0.9486986905665162
3019338,3522.6472114213448
3019339,0.9486986905665162
3019340,330.85401485266766
3019341,8.766489946038234
3019342,1148.0641186549367
3019343,740.4904081568802
3019344,182.38190750817995
3019345,270.669075424376
3019346,187.336928501278
3019347,3958.223614554624
3019348,0.0
3019349,0.9486986905665162
3019350,8.856728050601362
3019351,17.490129263854612
3019352,0.9486986905665162
3019353,135.70834143498456
3019354,3.0445918414943662
3019355,7.242763805846778
3019356,3.763167202792772
3019357,20.636634655599323
3019358,0.9486986905665162
3019359,307.535869102466
3019360,208.8485671405823
3019361,1.667274051864922
3019362,3.763167202792772
3019363,320.9383163583044
3019364,133.66148066665613
3019365,2744.2641917144215
3019366,0.9486986905665162
3019367,67.09858840271778
3019368,23.126577112844416
3019369,21.030683961916566
3019370,21.030683961916566
3019371,3712.6442317118162
3019372,21.030683961916566
3019373,309.01172271479265
3019374,25.36887861433422
3019375,1387.1778770775004
3019376,684.9462781047093
3019377,351.89325676159444
3019378,134.927041176999
3019379,143.43565235021833
3019380,4811.532866883881
3019381,29.859657453322825
3019382,21.030683961916566
3019383,22.637226382641302
3019384,18.146447543652698
3019385,21.030683961916566
3019386,337.78251232610324
3019387,23.126577112844416
3019388,23.84515247414282
3019389,23.84515247414282
3019390,51.256535853743856
3019391,21.030683961916566
3019392,186.81981465997768
3019393,224.87460996061776
3019394,21.74925932321497
3019395,23.84515247414282
3019396,147.98982606078266
3019397,61.65793220517867
3019398,1114.810241705115
3019399,21.030683961916566
3019400,22.72002893348622
3019401,6.642825692811755
3019402,4.546932541883905
3019403,4.546932541883905
3019404,3326.358736734748
3019405,4.546932541883905
3019406,425.48236764345864
3019407,7.098073243389024
3019408,1178.7893065186538
3019409,791.5205419990322
3019410,464.43665685348526
3019411,196.5152328117998
3019412,203.40623812496867
3019413,4584.930026431429
3019414,11.588852082377628
3019415,4.546932541883905
3019416,67.73264708719847
3019417,63.24186824820987
3019418,4.546932541883905
3019419,455.3363813190408
3019420,6.642825692811755
3019421,7.361401054110161
3019422,7.361401054110161
3019423,174.86970601775636
3019424,4.546932541883905
3019425,174.62956477420403
3019426,306.5253253796213
3019427,5.265507903182311
3019428,7.361401054110161
3019429,215.9785089554206
3019430,41.57371465528104
3019431,984.019188029801
3019432,4.546932541883905
3019433,67.81544963804339
3019434,21.8462109683677
3019435,16.00359484446102
3019436,92.15637284440629
3019437,9968.04797182572
3019438,16.00359484446102
3019439,792.4134853248995
3019440,26.849533711613162
3019441,2102.61534733941
3019442,1774.639691105116
3019443,478.3230055681296
3019444,607.389108722263
3019445,316.2918692145173
3019446,9129.215380969095
3019447,0.0
3019448,16.00359484446102
3019449,32.05769450820401
3019450,0.0
3019451,16.00359484446102
3019452,241.11205045808813
3019453,25.325807571421706
3019454,165.47326474910267
3019455,0.0
3019456,0.0
3019457,18.179706917666124
3019458,956.0948804632164
3019459,0.0
3019460,18.179706917666124
3019461,91.60971835823858
3019462,875.4282825033597
3019463,266.6241533410138
3019464,9509.408707175757
3019465,18.179706917666124
3019466,181.4406356726429
3019467,0.0
3019468,0.0
3019469,0.0
3019470,1674.3018369925585
3019471,0.0
3019472,141.5505339641229
3019473,0.0
3019474,393.5306130166667
3019475,163.80749084012123
3019476,64.03683000673959
3019477,5.732714219219872
3019478,0.0
3019479,2141.457129532996
3019480,0.0
3019481,0.0
3019482,0.0
3019483,0.0
3019484,0.0
3019485,187.50710984715033
3019486,0.0
3019487,0.0
3019488,0.0
3019489,20.848934204804607
3019490,0.0
3019491,70.50017632061537
3019492,0.0
3019493,0.0
3019494,0.0
3019495,43.829788140897335
3019496,0.0
3019497,563.6529552488076
3019498,0.0
3019499,0.0
3019500,24.6769052124925
3019501,21.862436700266244
3019502,21.862436700266244
3019503,3478.3269317021236
3019504,21.862436700266244
3019505,279.24825406977476
3019506,26.200631352683956
3019507,1430.8880377963815
3019508,532.0575710185194
3019509,342.49703896558145
3019510,145.5566794469517
3019511,168.89158056775187
3019512,4874.813571089092
3019513,30.69141019167256
3019514,21.862436700266244
3019515,21.92491526279025
3019516,17.434136423801647
3019517,21.862436700266244
3019518,273.1860379852953
3019519,23.958329851194094
3019520,23.958329851194094
3019521,28.156501815546505
3019522,0.0
3019523,21.862436700266244
3019524,202.76119921564162
3019525,204.95375359119782
3019526,21.862436700266244
3019527,24.6769052124925
3019528,204.5236597511394
3019529,35.23806140157228
3019530,971.0597693763225
3019531,21.862436700266244
3019532,11.461799646242412
3019533,2.410181323157701
3019534,0.31428817222985117
3019535,0.31428817222985117
3019536,1627.6587682619022
3019537,0.31428817222985117
3019538,121.41118888821853
3019539,0.0
3019540,535.2168677885127
3019541,117.77072545913899
3019542,155.66605401131736
3019543,0.34366935404074184
3019544,0.0
3019545,2169.122665054103
3019546,0.0
3019547,0.31428817222985117
3019548,0.3425346837276493
3019549,0.0
3019550,0.31428817222985117
3019551,131.39542643859647
3019552,2.410181323157701
3019553,3.128756684456107
3019554,3.128756684456107
3019555,18.81087358072699
3019556,0.31428817222985117
3019557,45.90663753369273
3019558,0.0
3019559,1.032863533528257
3019560,3.128756684456107
3019561,63.2371803332523
3019562,34.287842005549635
3019563,499.4424013586758
3019564,0.31428817222985117
3019565,0.0
3019566,21.01225201034549
3019567,18.197783498119236
3019568,18.197783498119236
3019569,2682.1205770821484
3019570,18.197783498119236
3019571,335.5465822674684
3019572,22.53597815053695
3019573,1406.33904338115
3019574,325.6116597298628
3019575,284.12007100639323
3019576,122.732668797462
3019577,177.37789751215695
3019578,3799.403947291763
3019579,27.026756989525552
3019580,18.197783498119236
3019581,22.003060714045887
3019582,27.13456575360061
3019583,18.197783498119236
3019584,414.83385021393934
3019585,20.293676649047086
3019586,20.293676649047086
3019587,24.491848613399497
3019588,62.09873567293954
3019589,18.197783498119236
3019590,187.26036415712446
3019591,220.01179499097486
3019592,18.197783498119236
3019593,21.01225201034549
3019594,154.4292514593023
3019595,54.18562412978821
3019596,801.233066275955
3019597,18.197783498119236
3019598,0.0
3019599,6.527434622337751
3019600,4.431541471409901
3019601,0.0
3019602,3508.78460397788
3019603,4.431541471409901
3019604,211.74013342828692
3019605,8.769736123827613
3019606,1171.0351155513115
3019607,637.5905941401011
3019608,229.51050260850846
3019609,95.47475281608047
3019610,88.84044821153265
3019611,4607.926696413217
3019612,13.260514962816217
3019613,4.431541471409901
3019614,9.981129509310676
3019615,10.33512425469678
3019616,4.431541471409901
3019617,286.72123144462887
3019618,6.527434622337751
3019619,7.2460099836361564
3019620,7.2460099836361564
3019621,0.0
3019622,4.431541471409901
3019623,145.5017277192366
3019624,122.05182480483865
3019625,5.1501168327083064
3019626,7.2460099836361564
3019627,152.5370131974786
3019628,0.0
3019629,790.4781146033298
3019630,4.431541471409901
3019631,7.986685022802135
3019632,16.240857716075368
3019633,14.144964565147518
3019634,14.144964565147518
3019635,1934.5037665209982
3019636,14.144964565147518
3019637,170.11864425366386
3019638,4.920580017888142
3019639,882.4734812195836
3019640,128.83729152569845
3019641,64.70858915009649
3019642,13.925171357574357
3019643,0.0
3019644,2501.137320998944
3019645,9.411358856876745
3019646,14.144964565147518
3019647,0.0
3019648,6.039571017897799
3019649,14.144964565147518
3019650,146.60143992354932
3019651,16.240857716075368
3019652,16.959433077373774
3019653,16.959433077373774
3019654,54.91346007168039
3019655,14.144964565147518
3019656,71.1614557398076
3019657,26.10720254284348
3019658,14.863539926445924
3019659,16.959433077373774
3019660,70.41819107694869
3019661,4.450565897731622
3019662,305.1191237268916
3019663,14.144964565147518
3019664,4.920580017888142
3019665,22.21527559215457
3019666,20.11938244122672
3019667,0.0
3019668,3330.4302630706566
3019669,20.11938244122672
3019670,279.3087447783995
3019671,10.894997893967286
3019672,1225.9975947544458
3019673,650.9600742265912
3019674,447.27434256152924
3019675,83.80620425484807
3019676,187.48434563187985
3019677,4378.1547973082215
3019678,15.38577673295589
3019679,20.11938244122672
3019680,0.0
3019681,0.0
3019682,20.11938244122672
3019683,313.39083015971306
3019684,22.21527559215457
3019685,22.933850953452975
3019686,22.933850953452975
3019687,33.53915761394546
3019688,20.11938244122672
3019689,154.789605547675
3019690,183.72532907609497
3019691,20.837957802525125
3019692,22.933850953452975
3019693,156.55206608317278
3019694,0.0
3019695,926.7506275480164
3019696,20.11938244122672
3019697,0.0
3019698,0.0
3019699,0.0
3019700,0.0
3019701,3021.405331739537
3019702,0.0
3019703,288.08158347451007
3019704,0.0
3019705,998.6300731755523
3019706,634.3322185265172
3019707,202.1514841921935
3019708,206.15275796487828
3019709,189.1231569440164
3019710,3499.290215972256
3019711,0.0
3019712,0.0
3019713,0.0
3019714,0.0
3019715,0.0
3019716,186.55729077037708
3019717,0.0
3019718,0.0
3019719,0.0
3019720,70.03720916203167
3019721,0.0
3019722,290.95234682288844
3019723,131.85146304915224
3019724,0.0
3019725,0.0
3019726,300.6858531522909
3019727,131.14325134930226
3019728,2704.1185518939747
3019729,0.0
3019730,0.0
3019731,0.0
3019732,0.0
3019733,0.0
3019734,2937.422751582598
3019735,0.0
3019736,301.9918718746472
3019737,1.877506637476131
3019738,1160.3489888561603
3019739,696.0556780268112
3019740,182.57240189311858
3019741,226.12658443200485
3019742,194.5788138133513
3019743,4008.7548274556702
3019744,0.0
3019745,0.0
3019746,20.8984854037991
3019747,0.0
3019748,0.0
3019749,189.02662711036928
3019750,0.3537804972846743
3019751,0.0
3019752,0.3537804972846743
3019753,0.0
3019754,0.0
3019755,313.3728302671204
3019756,215.10772546686997
3019757,0.0
3019758,0.0
3019759,320.6596796194175
3019760,152.31979715785695
3019761,2417.9543343560326
3019762,0.0
3019763,37.08766530871645
3019764,0.0
3019765,0.0
3019766,0.0
3019767,3600.928379889634
3019768,0.0
3019769,601.936776434197
3019770,0.0
3019771,1314.059749866622
3019772,559.0731066191333
3019773,356.11648963447743
3019774,193.16193906056986
3019775,193.6507772773723
3019776,5954.278646310119
3019777,0.0
3019778,0.0
3019779,3.379317012778472
3019780,1.3200149931997203
3019781,0.0
3019782,46.95525151144017
3019783,0.0
3019784,0.0
3019785,0.0
3019786,0.0
3019787,0.0
3019788,245.05297804919053
3019789,286.3895651078339
3019790,0.0
3019791,0.0
3019792,212.62521520419074
3019793,95.60364769753971
3019794,1589.833009328414
3019795,0.0
3019796,0.0
3019797,0.0
3019798,0.0
3019799,0.0
3019800,2994.0992740031998
3019801,0.0
3019802,81.86921710490572
3019803,3.326786635352903
3019804,874.2385965452835
3019805,592.5500272841484
3019806,0.0
3019807,204.91820103437442
3019808,131.66720953412272
3019809,3240.19300064502
3019810,0.0
3019811,0.0
3019812,13.910387274986988
3019813,9.419608435998384
3019814,0.0
3019815,0.0
3019816,1.8030604951615032
3019817,1.8030604951615032
3019818,0.0
3019819,0.0
3019820,0.0
3019821,235.01351286233228
3019822,0.0
3019823,0.0
3019824,1.8030604951615032
3019825,252.34405566189184
3019826,88.0852986836457
3019827,1919.0469087829874
3019828,0.0
3019829,92.47348780210433
3019830,19.89151672180884
3019831,17.79562357088099
3019832,0.0
3019833,3108.619815334415
3019834,17.79562357088099
3019835,337.08952514023593
3019836,22.133818223298704
3019837,1555.5888004439246
3019838,444.62456073221426
3019839,256.8467129747226
3019840,127.11899797664051
3019841,177.2550893397438
3019842,4844.903622622112
3019843,30.104193665341313
3019844,17.79562357088099
3019845,33.64687606007533
3019846,12.102083746739424
3019847,17.79562357088099
3019848,404.82485513549483
3019849,20.610092083107247
3019850,20.610092083107247
3019851,20.610092083107247
3019852,45.20037262541388
3019853,18.514198932179397
3019854,185.24620207646575
3019855,214.79128901894723
3019856,18.514198932179397
3019857,20.610092083107247
3019858,197.30391993328118
3019859,58.57195330896678
3019860,830.1938166060312
3019861,17.79562357088099
3019862,0.0
3019863,0.21273204426137227
3019864,0.0
3019865,0.0
3019866,2790.936771770641
3019867,0.0
3019868,143.41443790507873
3019869,2.4550335457512347
3019870,984.7193203697634
3019871,538.5683203826106
3019872,0.0
3019873,150.7004665448573
3019874,98.24796104868
3019875,3410.1546166531407
3019876,0.0
3019877,0.0
3019878,21.44663827379304
3019879,32.15728652439981
3019880,0.0
3019881,105.73489305963307
3019882,0.9313074055597781
3019883,0.9313074055597781
3019884,0.9313074055597781
3019885,0.0
3019886,0.0
3019887,196.49931159948153
3019888,15.016892901932692
3019889,0.0
3019890,0.9313074055597781
3019891,188.79754046653477
3019892,27.467072934291593
3019893,1940.5175354940866
3019894,0.0
3019895,0.0
3019896,22.621010604288017
3019897,19.80654209206176
3019898,19.80654209206176
3019899,2947.222177002031
3019900,19.80654209206176
3019901,566.0202500744222
3019902,22.357682793566823
3019903,928.8397045535778
3019904,737.405833936886
3019905,467.8674146425092
3019906,159.93206632556826
3019907,131.05916419336899
3019908,3380.160153469822
3019909,45.681216335564386
3019910,19.80654209206176
3019911,31.44704923561909
3019912,61.89639308307551
3019913,19.80654209206176
3019914,576.1542229214094
3019915,26.100607207342023
3019916,26.100607207342023
3019917,22.621010604288017
3019918,164.06295658065258
3019919,20.525117453360167
3019920,184.62669299140734
3019921,446.0105191370219
3019922,20.525117453360167
3019923,22.621010604288017
3019924,246.20564206124237
3019925,66.6787673388173
3019926,1589.8861972435
3019927,19.80654209206176
3019928,147.46178428119214
3019929,13.383827625526294
3019930,10.569359113300038
3019931,10.569359113300038
3019932,4282.689876752727
3019933,10.569359113300038
3019934,275.519377526608
3019935,3.132028516953312
3019936,1243.0144845218533
3019937,572.5230365623893
3019938,450.6316038830305
3019939,93.17402330756721
3019940,148.37381439717677
3019941,4672.276158395413
3019942,7.622807355941916
3019943,10.569359113300038
3019944,0.0
3019945,0.0
3019946,10.569359113300038
3019947,331.31514794070506
3019948,12.665252264227888
3019949,12.665252264227888
3019950,13.383827625526294
3019951,0.0
3019952,10.569359113300038
3019953,152.24434165607965
3019954,226.54870057003052
3019955,10.569359113300038
3019956,12.665252264227888
3019957,154.0068021915775
3019958,0.0
3019959,914.8984555151344
3019960,10.569359113300038
3019961,0.0
3019962,197.77143170189987
3019963,8.023041426607506
3019964,73.53537597404147
3019965,12240.331898057239
3019966,8.023041426607506
3019967,1342.4510722914374
3019968,18.86898029375965
3019969,3006.2363530617963
3019970,2243.6029876156194
3019971,1255.9853389455993
3019972,794.7308620262804
3019973,454.05804502004844
3019974,13187.370616856077
3019975,15.702752940640494
3019976,8.023041426607506
3019977,67.2111113541543
3019978,0.0
3019979,8.023041426607506
3019980,488.2109230189311
3019981,0.0
3019982,17.34525415356819
3019983,45.21181738199704
3019984,176.27058916889638
3019985,10.19915349981261
3019986,1198.126562233196
3019987,492.70852756908687
3019988,10.19915349981261
3019989,17.34525415356819
3019990,1117.4599642733392
3019991,419.22529678265585
3019992,11463.467822094077
3019993,215.87871668396764
3019994,163.7767655481055
3019995,0.0
3019996,0.0
3019997,63.937042297000744
3019998,11680.740581230104
3019999,0.0
3020000,978.9299577207127
3020001,1.7555127831862478
3020002,2827.098766570038
3020003,2099.6207782952006
3020004,984.5379759581751
3020005,720.0496765838384
3020006,379.3768595776059
3020007,13071.586873468348
3020008,0.0
3020009,0.0
3020010,92.52577194977636
3020011,0.0
3020012,0.0
3020013,464.4965212941334
3020014,0.0
3020015,0.23178664299479124
3020016,0.0
3020017,112.49865600769144
3020018,0.0
3020019,1123.4453767907535
3020020,420.17301299689444
3020021,0.0
3020022,0.23178664299479124
3020023,1044.1835756903577
3020024,345.9489081996742
3020025,7828.647275265783
3020026,149.86505271381117
3020027,111.08345808718605
3020028,17.202046423962486
3020029,17.93067827995293
3020030,87.16525144692906
3020031,7877.941888956933
3020032,17.93067827995293
3020033,851.7636343645493
3020034,27.21973862915678
3020035,2488.2233224447914
3020036,1531.955212026658
3020037,747.8734040970501
3020038,396.60524688102095
3020039,305.3216296969045
3020040,10961.567001937525
3020041,0.0
3020042,17.93067827995293
3020043,100.65353062921167
3020044,106.57406960608134
3020045,17.93067827995293
3020046,372.63545621948407
3020047,0.0
3020048,25.696012488965323
3020049,0.0
3020050,55.942414717352335
3020051,18.649253641251335
3020052,850.7545720688677
3020053,395.2089309175867
3020054,18.649253641251335
3020055,105.16476114619138
3020056,771.4927709684714
3020057,256.13395547767715
3020058,3962.0707419638265
3020059,0.0
3020060,92.52302393851568
3020061,152.01380081061959
3020062,0.0
3020063,70.47896767550549
3020064,10781.652609589462
3020065,0.0
3020066,1095.6085814406874
3020067,6.690526306818072
3020068,2666.8182631637796
3020069,1926.2007897774806
3020070,725.6735783163124
3020071,624.7184598192569
3020072,299.80536565431987
3020073,13837.062511959955
3020074,0.0
3020075,0.0
3020076,100.7003003874973
3020077,106.62083936436696
3020078,0.0
3020079,681.2827427773766
3020080,107.9653208834946
3020081,5.166800166626615
3020082,0.0
3020083,0.0
3020084,0.0
3020085,1078.867785007104
3020086,217.82899828949172
3020087,0.0
3020088,5.166800166626615
3020089,999.6059839067078
3020090,250.61769143509258
3020091,7258.762042083138
3020092,135.79081084054428
3020093,92.05753640846086
3020094,4.537902331722933
3020095,3.2084872076753186
3020096,72.44306037465145
3020097,6920.395669271443
3020098,3.2084872076753186
3020099,881.2742347440515
3020100,12.49754755687917
3020101,2598.81898668661
3020102,1642.550876268477
3020103,713.8852564103333
3020104,353.217798676844
3020105,261.9341814927276
3020106,10662.875311985003
3020107,0.0
3020108,3.2084872076753186
3020109,112.15114722151176
3020110,105.58577923449693
3020111,3.2084872076753186
3020112,430.16938721879023
3020113,0.0
3020114,10.973821416687713
3020115,0.0
3020116,26.73257430035295
3020117,3.9270625689737244
3020118,807.3671238646904
3020119,666.040518226779
3020120,3.9270625689737244
3020121,68.54519773526982
3020122,728.1053227642944
3020123,212.74650727350016
3020124,2817.2663033975896
3020125,0.0
3020126,0.0
3020127,24.26203300849255
3020128,22.932617884444937
3020129,62.7925624279539
3020130,8251.31838401261
3020131,22.932617884444937
3020132,1094.9033947685098
3020133,30.750409139916655
3020134,2426.6698355848807
3020135,1873.9308210049608
3020136,849.5620072426896
3020137,411.8773388412933
3020138,304.833998815881
3020139,9718.920383075629
3020140,0.0
3020141,22.932617884444937
3020142,90.07364233994258
3020143,0.0
3020144,22.932617884444937
3020145,348.44488543363354
3020146,0.0
3020147,29.2266829997252
3020148,0.0
3020149,212.11817229247845
3020150,23.651193245743343
3020151,815.2730390482081
3020152,540.80857693144
3020153,23.651193245743343
3020154,29.2266829997252
3020155,736.0112379478119
3020156,271.4060474379494
3020157,6473.172951555374
3020158,43.70657415806113
3020159,124.00261526540524
3020160,5.397809357322615
3020161,2.583340845096359
3020162,2.583340845096359
3020163,2333.553918290966
3020164,2.583340845096359
3020165,90.75704555669768
3020166,6.921535497514071
3020167,783.645334193539
3020168,382.0848314300762
3020169,0.0
3020170,138.0808502730959
3020171,77.87827836716787
3020172,3265.3828979462987
3020173,0.0
3020174,2.583340845096359
3020175,18.088148976919854
3020176,29.07992920694528
3020177,2.583340845096359
3020178,165.85390902472386
3020179,5.397809357322615
3020180,4.679233996024209
3020181,0.0
3020182,0.0
3020183,2.583340845096359
3020184,162.87759841929903
3020185,93.24142239842377
3020186,2.583340845096359
3020187,5.397809357322615
3020188,176.17792419477348
3020189,13.497881512616573
3020190,1894.0743456543257
3020191,2.583340845096359
3020192,1.2778437148565445
3020193,11.298708035309176
3020194,8.48423952308292
3020195,66.24668734248769
3020196,5613.1969589652035
3020197,8.48423952308292
3020198,465.7739598280839
3020199,17.77329987228677
3020200,2007.8453286408248
3020201,984.3493875911306
3020202,243.89544471485453
3020203,137.70052891789047
3020204,49.16492936302541
3020205,8054.670463154813
3020206,0.0
3020207,8.48423952308292
3020208,53.99604592155424
3020209,96.74444272786013
3020210,8.48423952308292
3020211,335.9925339555138
3020212,0.0
3020213,10.58013267401077
3020214,11.298708035309176
3020215,0.0
3020216,9.202814884381326
3020217,475.9422856446758
3020218,276.1536507013556
3020219,9.202814884381326
3020220,68.9614025472082
3020221,540.593688768793
3020222,0.0
3020223,2355.845193058859
3020224,0.0
3020225,34.479343728540414
3020226,0.0
3020227,0.0
3020228,0.0
3020229,4974.328063176887
3020230,0.0
3020231,539.1455776894267
3020232,0.0
3020233,1908.1211782818625
3020234,1095.9344379015097
3020235,283.37681985939435
3020236,351.10057506323494
3020237,150.1564026758788
3020238,5702.047594437173
3020239,0.0
3020240,0.0
3020241,35.11482299975427
3020242,50.15486505955596
3020243,0.0
3020244,504.2217614448953
3020245,0.0
3020246,0.0
3020247,0.0
3020248,6.975637013885205
3020249,0.0
3020250,669.0782381266893
3020251,228.14531095289422
3020252,0.0
3020253,52.32531751846591
3020254,529.7340313395217
3020255,65.1158802851615
3020256,4630.037169272048
3020257,0.0
3020258,47.067502972080774
3020259,87.36402446317902
3020260,84.54955595095277
3020261,15.381386118512523
3020262,4168.82669847944
3020263,84.54955595095277
3020264,840.4813992210172
3020265,75.32517140369339
3020266,1405.1991641193956
3020267,995.5598894099098
3020268,695.0264889361933
3020269,114.03097352698063
3020270,39.312083677589214
3020271,7294.180949858808
3020272,71.62610447001731
3020273,84.54955595095277
3020274,41.88819004028079
3020275,56.73810316525214
3020276,84.54955595095277
3020277,689.9175877478363
3020278,86.64544910188062
3020279,86.64544910188062
3020280,86.64544910188062
3020281,334.6375412252436
3020282,84.54955595095277
3020283,146.50078326160587
3020284,744.515892597734
3020285,84.54955595095277
3020286,0.0
3020287,153.56280671804487
3020288,13.765001284752373
3020289,2786.0656971950903
3020290,84.54955595095277
3020291,82.20465724101172
3020292,35.84890625138803
3020293,33.034437739161774
3020294,51.40533486949778
3020295,2638.3410173339785
3020296,33.034437739161774
3020297,487.67322822086714
3020298,35.58557844066678
3020299,1109.3653003493937
3020300,820.9406061681616
3020301,435.73958442182476
3020302,242.2108822478069
3020303,214.54069945703577
3020304,3569.1344972583433
3020305,46.269488050427185
3020306,33.034437739161774
3020307,94.37585195043181
3020308,89.8850731114432
3020309,33.034437739161774
3020310,368.9218511731074
3020311,35.130330890089624
3020312,35.130330890089624
3020313,35.130330890089624
3020314,186.67213140941922
3020315,33.034437739161774
3020316,338.7633522833631
3020317,444.28575067983707
3020318,33.034437739161774
3020319,35.130330890089624
3020320,281.71275302894514
3020321,151.5650994619452
3020322,1852.3886238192008
3020323,33.034437739161774
3020324,43.11567063657327
3020325,16.447084860865857
3020326,13.632616348639601
3020327,13.632616348639601
3020328,2442.2080583045276
3020329,13.632616348639601
3020330,271.60845497872157
3020331,4.408231801380225
3020332,1100.6727926994665
3020333,211.5442376223901
3020334,170.59322665721393
3020335,65.16279278109323
3020336,45.55641949188612
3020337,3210.744991846812
3020338,8.899010640368829
3020339,13.632616348639601
3020340,0.0
3020341,9.006819404443888
3020342,13.632616348639601
3020343,240.48915034906878
3020344,15.728509499567451
3020345,15.728509499567451
3020346,15.728509499567451
3020347,54.22517358898767
3020348,13.632616348639601
3020349,130.9820494636454
3020350,92.79960558800326
3020351,13.632616348639601
3020352,15.728509499567451
3020353,136.63927606062373
3020354,4.30780069614616
3020355,401.1915761743089
3020356,13.632616348639601
3020357,0.0
3020358,0.0
3020359,0.0
3020360,0.0
3020361,3243.2435046845753
3020362,0.0
3020363,225.45924078457432
3020364,0.0
3020365,1181.6684319863173
3020366,757.1470836185881
3020367,46.519128626001816
3020368,242.03088929923146
3020369,211.80601287555976
3020370,5016.623390764788
3020371,0.0
3020372,0.0
3020373,8.312719892961582
3020374,19.736839062689626
3020375,0.0
3020376,95.73769890566962
3020377,0.0
3020378,0.0
3020379,0.0
3020380,0.0
3020381,0.0
3020382,373.65600759445226
3020383,137.04542998686787
3020384,0.0
3020385,0.0
3020386,398.0511870328766
3020387,169.62889888454418
3020388,2863.766499575809
3020389,0.0
3020390,59.4888183536234
3020391,0.0
3020392,0.0
3020393,24.654712127899643
3020394,5269.311253770921
3020395,0.0
3020396,360.7125998061006
3020397,0.0
3020398,1366.0734401294433
3020399,1222.401310708518
3020400,63.866695615394406
3020401,329.5087423877702
3020402,123.98639443679278
3020403,4114.672532427802
3020404,0.0
3020405,0.0
3020406,51.03416987807719
3020407,0.0
3020408,0.0
3020409,310.09253350081593
3020410,0.0
3020411,0.0
3020412,0.0
3020413,0.0
3020414,0.0
3020415,514.0372162408795
3020416,0.0
3020417,0.0
3020418,0.0
3020419,433.37061828102276
3020420,74.3186785632887
3020421,4386.8697932190735
3020422,0.0
3020423,121.645869730616
3020424,0.0
3020425,0.0
3020426,30.30390523876366
3020427,5953.847305967545
3020428,0.0
3020429,336.43894910219547
3020430,0.0
3020431,1456.8758019395318
3020432,1308.93085538566
3020433,115.96858026948604
3020434,220.80631335899972
3020435,163.33855083207402
3020436,5475.149340812425
3020437,0.0
3020438,0.0
3020439,26.664267543629876
3020440,22.575097747048687
3020441,0.0
3020442,178.63312752335736
3020443,0.0
3020444,0.0
3020445,0.0
3020446,0.0
3020447,0.0
3020448,569.5120850999524
3020449,0.0
3020450,0.0
3020451,0.0
3020452,488.845487140096
3020453,113.67083495857031
3020454,5271.449384834169
3020455,0.0
3020456,126.7927335369045
3020457,0.0
3020458,0.0
3020459,0.0
3020460,4705.169340952108
3020461,0.0
3020462,752.5649882637488
3020463,0.0
3020464,1694.1656416445373
3020465,1069.7253522280812
3020466,730.6729114812176
3020467,319.9536562125939
3020468,524.1082707133514
3020469,7875.528538686741
3020470,0.0
3020471,0.0
3020472,1.3472119199342387
3020473,0.0
3020474,0.0
3020475,191.75118400033728
3020476,0.0
3020477,0.0
3020478,0.0
3020479,0.0
3020480,0.0
3020481,377.7815408734058
3020482,543.5794920319395
3020483,0.0
3020484,0.0
3020485,391.217317611485
3020486,219.89269757963694
3020487,1843.3485553052615
3020488,0.0
3020489,0.0
3020490,0.0
3020491,0.0
3020492,0.0
3020493,1790.828747967266
3020494,0.0
3020495,0.0
3020496,0.0
3020497,676.7726725617797
3020498,395.56290937175794
3020499,0.0
3020500,0.0
3020501,0.0
3020502,1251.0728334983664
3020503,0.0
3020504,0.0
3020505,0.17830061507135042
3020506,0.0
3020507,0.0
3020508,0.0
3020509,0.0
3020510,0.0
3020511,0.0
3020512,0.0
3020513,0.0
3020514,21.656026635742933
3020515,0.0
3020516,0.0
3020517,0.0
3020518,0.0
3020519,0.0
3020520,1823.257548944779
3020521,0.0
3020522,0.0
3020523,16.199889324717503
3020524,12.861465638986033
3020525,13.580041000284439
3020526,1132.3341018194787
3020527,12.861465638986033
3020528,90.47356492303828
3020529,9.111901962017953
3020530,705.8085286938442
3020531,387.8708675875201
3020532,309.34187746762774
3020533,64.90160375063863
3020534,35.084067404620214
3020535,2216.2518779450506
3020536,0.0
3020537,12.861465638986033
3020538,14.884936417721121
3020539,10.23089296202761
3020540,12.861465638986033
3020541,235.40998122454693
3020542,21.15075502150364
3020543,21.15075502150364
3020544,16.199889324717503
3020545,0.0
3020546,13.580041000284439
3020547,103.70346992622774
3020548,127.43978419175224
3020549,13.580041000284439
3020550,21.15075502150364
3020551,128.96367797765723
3020552,68.43872953365985
3020553,466.2413999451477
3020554,12.874222466705135
3020555,0.0
3020556,7.626570082666149
3020557,4.288146396934735
3020558,18.983449889367364
3020559,5918.174601891677
3020560,4.288146396934735
3020561,1034.2033658820137
3020562,12.629892825911611
3020563,2029.9458358962186
3020564,1108.0173334838496
3020565,619.157370087441
3020566,262.2598665579967
3020567,138.22935253528067
3020568,8268.292336075225
3020569,0.0
3020570,4.288146396934735
3020571,36.72504438542734
3020572,28.380785770252658
3020573,4.288146396934735
3020574,188.12310158954733
3020575,7.626570082666149
3020576,7.626570082666149
3020577,11.106166685720154
3020578,0.0
3020579,5.006721758233141
3020580,325.26112321286513
3020581,493.5918441217136
3020582,5.006721758233141
3020583,11.106166685720154
3020584,327.0235837483629
3020585,100.25306348433452
3020586,1482.4831506388025
3020587,0.0
3020588,0.0
3020589,3.288980271884782
3020590,0.0
3020591,0.0
3020592,2339.2620900575275
3020593,0.0
3020594,307.50724944800965
3020595,0.0
3020596,992.593481534616
3020597,455.82432642634575
3020598,163.73259545018655
3020599,23.29363104503966
3020600,29.331093515933333
3020601,3079.3945634756687
3020602,0.0
3020603,0.0
3020604,1.9740273648884
3020605,0.0
3020606,0.0
3020607,143.12127819279368
3020608,2.570404910586376
3020609,2.570404910586376
3020610,0.0
3020611,0.0
3020612,0.0
3020613,75.23210014798832
3020614,41.989383525400285
3020615,0.0
3020616,2.570404910586376
3020617,82.29412360442728
3020618,0.0
3020619,359.4429118241337
3020620,0.0
3020621,0.0
3020622,3.288980271884782
3020623,0.0
3020624,0.0
3020625,2068.942348173372
3020626,0.0
3020627,293.1662458347548
3020628,0.0
3020629,702.759466008576
3020630,157.76252241170513
3020631,299.87613772168834
3020632,23.29363104503966
3020633,60.9710323166492
3020634,2809.074821591512
3020635,0.0
3020636,0.0
3020637,1.9740273648884
3020638,0.0
3020639,0.0
3020640,191.65615313481794
3020641,2.570404910586376
3020642,2.570404910586376
3020643,3.288980271884782
3020644,0.0
3020645,0.0
3020646,81.63259140782549
3020647,66.80285035763666
3020648,0.0
3020649,2.570404910586376
3020650,82.29412360442728
3020651,0.0
3020652,359.4429118241337
3020653,0.0
3020654,0.0
3020655,7.384301560744063
3020656,4.764453236311056
3020657,0.0
3020658,2157.0962117297095
3020659,4.764453236311056
3020660,24.199498754758338
3020661,0.0
3020662,1146.4829286068825
3020663,301.39240696434194
3020664,172.7986413800164
3020665,31.970201905997214
3020666,42.35288365250494
3020667,3213.803102210785
3020668,0.0
3020669,4.764453236311056
3020670,0.0
3020671,0.6626114656205004
3020672,4.764453236311056
3020673,248.7445699803124
3020674,7.384301560744063
3020675,7.384301560744063
3020676,8.10287692204247
3020677,38.09172765977405
3020678,4.764453236311056
3020679,95.9298411117311
3020680,96.12340079343875
3020681,4.764453236311056
3020682,7.384301560744063
3020683,101.58706770870947
3020684,0.0
3020685,480.4413303799081
3020686,0.0
3020687,0.0
3020688,6.169007759296392
3020689,3.549159434863327
3020690,0.0
3020691,2321.6414198340267
3020692,3.549159434863327
3020693,0.0
3020694,0.0
3020695,1143.3041375797143
3020696,248.16877423310535
3020697,77.80305422646643
3020698,0.0
3020699,0.0
3020700,3381.3195171745233
3020701,2.879977718115242
3020702,3.549159434863327
3020703,7.359684164511066
3020704,2.7056407088175547
3020705,3.549159434863327
3020706,226.03949802673722
3020707,0.0
3020708,6.169007759296392
3020709,6.8875831205947975
3020710,0.0
3020711,3.549159434863327
3020712,37.01876951926977
3020713,6.21959266170893
3020714,3.549159434863327
3020715,6.169007759296392
3020716,9.259296359917471
3020717,0.0
3020718,396.00795043396596
3020719,6.644643873840323
3020720,0.0
3020721,9.614863438150905
3020722,6.276439752419492
3020723,0.0
3020724,2291.910921097373
3020725,6.276439752419492
3020726,313.61795701657405
3020727,0.0
3020728,996.5752197977465
3020729,293.9515009092909
3020730,242.00213108271578
3020731,140.25497118648948
3020732,150.63765293299718
3020733,2841.5566977845174
3020734,0.0
3020735,6.276439752419492
3020736,6.828641437422448
3020737,2.1745979817289367
3020738,6.276439752419492
3020739,230.4510141761744
3020740,9.614863438150905
3020741,8.8962880768525
3020742,9.614863438150905
3020743,0.0
3020744,6.276439752419492
3020745,192.54129418964226
3020746,171.4216507733072
3020747,6.276439752419492
3020748,9.614863438150905
3020749,168.13810020757316
3020750,92.18224360626431
3020751,501.91768814190243
3020752,6.276439752419492
3020753,0.0
3020754,37.49404251188486
3020755,34.155618826153386
3020756,43.266964670803475
3020757,4205.189793570169
3020758,34.155618826153386
3020759,833.9564231020438
3020760,42.49736525513026
3020761,1660.304030354443
3020762,850.6878060213514
3020763,591.9035050446106
3020764,269.22615764421175
3020765,172.40842269364532
3020766,5479.501391662385
3020767,68.84027359940364
3020768,34.155618826153386
3020769,70.33364221119109
3020770,43.61635625513992
3020771,34.155618826153386
3020772,515.7207759823303
3020773,40.97363911493886
3020774,40.97363911493886
3020775,0.0
3020776,58.58804920970937
3020777,34.87419418745179
3020778,229.23234524294008
3020779,371.30554631370063
3020780,34.87419418745179
3020781,40.97363911493886
3020782,254.49255329436977
3020783,136.80295991143237
3020784,1099.7195485780721
3020785,63.25700060228121
3020786,51.68549184179449
3020787,19.746497188230308
3020788,16.408073502498894
3020789,27.346181551079553
3020790,3677.57122539734
3020791,16.408073502498894
3020792,1179.498250265859
3020793,14.445563776443464
3020794,764.3216590291443
3020795,433.1637908674262
3020796,144.68177217500744
3020797,0.0
3020798,0.0
3020799,3899.3702507821
3020800,36.94370244993013
3020801,16.408073502498894
3020802,30.99685606674177
3020803,30.450344464251145
3020804,16.408073502498894
3020805,370.3057430689763
3020806,24.697362885016446
3020807,24.697362885016446
3020808,58.6325219968208
3020809,0.0
3020810,17.1266488637973
3020811,0.0
3020812,3.898869181355849
3020813,17.1266488637973
3020814,24.697362885016446
3020815,0.0
3020816,0.0
3020817,1092.0549688347553
3020818,91.48922815352546
3020819,0.0
3020820,6.8875831205947975
3020821,3.549159434863327
3020822,3.549159434863327
3020823,2741.835778351225
3020824,3.549159434863327
3020825,146.99859453090434
3020826,0.0
3020827,1096.4149324231148
3020828,276.68665172857516
3020829,102.61769171820032
3020830,0.0
3020831,0.0
3020832,3463.986858161037
3020833,2.879977718115242
3020834,3.549159434863327
3020835,7.359684164511066
3020836,2.7056407088175547
3020837,3.549159434863327
3020838,264.9675378175552
3020839,6.8875831205947975
3020840,6.169007759296392
3020841,6.8875831205947975
3020842,0.0
3020843,3.549159434863327
3020844,30.6182782594326
3020845,0.0
3020846,3.549159434863327
3020847,6.169007759296392
3020848,37.680301715871565
3020849,0.0
3020850,439.19930865100974
3020851,6.644643873840323
3020852,0.0
3020853,0.0
3020854,0.0
3020855,0.0
3020856,4256.262295536377
3020857,0.0
3020858,262.1176400803212
3020859,5.674428537208598
3020860,1118.418807957496
3020861,806.2832640007373
3020862,0.0
3020863,331.7544400024092
3020864,255.1813191733524
3020865,4865.712648762099
3020866,0.0
3020867,0.0
3020868,11.28419837620686
3020869,26.01676119947581
3020870,0.0
3020871,29.649877199891193
3020872,4.150702397017085
3020873,4.150702397017085
3020874,0.0
3020875,0.0
3020876,0.0
3020877,359.30312144592335
3020878,129.55978970986428
3020879,0.0
3020880,4.150702397017085
3020881,421.12477156972545
3020882,213.00420518233676
3020883,2466.2836526557326
3020884,0.0
3020885,42.85189315217019
3020886,42.02870595149835
3020887,38.69028226576694
3020888,128.24076997697168
3020889,5492.954932198489
3020890,38.69028226576694
3020891,1253.2816075796775
3020892,45.244974743831165
3020893,1887.9920003105192
3020894,1188.0075455261986
3020895,731.9889846349679
3020896,272.70789787363884
3020897,92.09494864904372
3020898,7158.685750257742
3020899,126.38763366313987
3020900,38.69028226576694
3020901,140.34183074593287
3020902,145.67839471303853
3020903,38.69028226576694
3020904,580.5851543184741
3020905,45.50830255455236
3020906,45.50830255455236
3020907,145.617357215284
3020908,78.4888201774815
3020909,39.408857627065345
3020910,219.8016544890942
3020911,750.5609615743643
3020912,39.408857627065345
3020913,45.50830255455236
3020914,299.0924774316573
3020915,84.36228762619191
3020916,1026.3957379343783
3020917,190.8635183966248
3020918,21.058160320596414
3020919,27.203023204548742
3020920,23.86459951881733
3020921,23.86459951881733
3020922,3983.110690086019
3020923,23.86459951881733
3020924,1171.6523749912433
3020925,26.93969539382755
3020926,1665.9402451954775
3020927,844.6611987566927
3020928,479.9654757438257
3020929,193.03734979744232
3020930,9.407844490128582
3020931,5203.1191574775685
3020932,162.4745828251382
3020933,23.86459951881733
3020934,46.97058428717986
3020935,130.480223620381
3020936,23.86459951881733
3020937,359.36443376200236
3020938,27.203023204548742
3020939,26.484447843250337
3020940,27.203023204548742
3020941,136.31956128610042
3020942,23.86459951881733
3020943,124.28029880015526
3020944,636.2574887928079
3020945,23.86459951881733
3020946,27.203023204548742
3020947,137.7160755382344
3020948,0.0
3020949,745.5039811748403
3020950,23.86459951881733
3020951,26.93969539382755
3020952,27.287438792946205
3020953,24.667590468513197
3020954,56.466073641232356
3020955,1869.1869676726976
3020956,24.667590468513197
3020957,87.68825627188471
3020958,32.235746298169204
3020959,785.6852189597522
3020960,274.47880329197886
3020961,259.5990352710541
3020962,102.43596668410021
3020963,63.690824904882845
3020964,2752.083882408464
3020965,86.53887652339557
3020966,24.667590468513197
3020967,98.92710392774825
3020968,78.87600163317614
3020969,24.667590468513197
3020970,308.7487858051817
3020971,27.287438792946205
3020972,27.287438792946205
3020973,32.4990741088904
3020974,64.75650311212928
3020975,24.667590468513197
3020976,75.66013546735019
3020977,219.01764459953392
3020978,24.667590468513197
3020979,27.287438792946205
3020980,130.31909570518397
3020981,0.0
3020982,379.3170966386962
3020983,81.73717555349674
3020984,27.02411098222501
3020985,3.4349551462150885
3020986,0.09653146048361805
3020987,0.0
3020988,2346.929906349167
3020989,0.09653146048361805
3020990,201.88587231248823
3020991,8.438277889460494
3020992,821.544507943674
3020993,386.3661468586667
3020994,231.25500972673103
3020995,204.54909330264087
3020996,140.80363594819022
3020997,2473.0913376380067
3020998,3.199480251229886
3020999,0.09653146048361805
3021000,14.048047728458755
3021001,0.0
3021002,0.09653146048361805
3021003,224.25637290284234
3021004,6.914551749269094
3021005,2.7163797849166826
3021006,0.0
3021007,0.0
3021008,0.8151068217820239
3021009,240.13399345667148
3021010,0.0
3021011,0.8151068217820239
3021012,3.4349551462150885
3021013,232.43222232372463
3021014,92.14412803285848
3021015,1465.6515280595465
3021016,0.09653146048361805
3021017,0.0
3021018,4.6130690373550465
3021019,1.9932207129220387
3021020,0.0
3021021,3607.377984679974
3021022,1.9932207129220387
3021023,402.2640289053457
3021024,6.855370538844909
3021025,1222.3752990286978
3021026,1042.0673469300627
3021027,323.8521739811941
3021028,253.36371464383268
3021029,233.20650881748037
3021030,4064.6817403766363
3021031,0.0
3021032,1.9932207129220387
3021033,0.639154218704391
3021034,9.272555431957642
3021035,1.9932207129220387
3021036,148.9001503921552
3021037,4.6130690373550465
3021038,5.331644398653452
3021039,5.331644398653452
3021040,137.1983413573501
3021041,1.9932207129220387
3021042,327.949358601249
3021043,243.34889839917804
3021044,2.7117960742204446
3021045,5.331644398653452
3021046,347.01164563649144
3021047,138.21455865009614
3021048,3157.780380651201
3021049,1.9932207129220387
3021050,0.0
3021051,10.248572054479837
3021052,7.628723730046772
3021053,0.0
3021054,2587.116288600227
3021055,7.628723730046772
3021056,109.52080712928074
3021057,0.715348307205204
3021058,646.8060691421786
3021059,172.9461973606787
3021060,110.20490396850693
3021061,37.665235422034016
3021062,0.0
3021063,2410.1196193253777
3021064,8.56783579875514
3021065,7.628723730046772
3021066,9.804714749257528
3021067,0.0
3021068,7.628723730046772
3021069,265.59507794263266
3021070,10.248572054479837
3021071,10.967147415778243
3021072,10.967147415778243
3021073,0.0
3021074,8.347299091345178
3021075,68.34830122361541
3021076,0.0
3021077,7.628723730046772
3021078,10.967147415778243
3021079,65.54836444311775
3021080,0.0
3021081,1180.074943182942
3021082,7.628723730046772
3021083,80.52889274448751
3021084,32.44773119489196
3021085,29.827882870458893
3021086,29.827882870458893
3021087,1699.4803211435137
3021088,29.827882870458893
3021089,42.32339693652739
3021090,21.127453496704675
3021091,498.9187754948324
3021092,133.18658023271976
3021093,52.561970824751086
3021094,75.87206503610383
3021095,29.00412732964878
3021096,1677.54713490606
3021097,17.991915012951097
3021098,29.827882870458893
3021099,30.21681993875694
3021100,25.726041099768338
3021101,29.827882870458893
3021102,72.10199902230949
3021103,32.44773119489196
3021104,33.166306556190364
3021105,33.166306556190364
3021106,0.0
3021107,29.827882870458893
3021108,92.82514251746505
3021109,0.0
3021110,30.5464582317573
3021111,33.166306556190364
3021112,110.15568531702476
3021113,101.06921935830559
3021114,1228.6538446944965
3021115,29.827882870458893
3021116,20.704230398946606
3021117,8.630843175230837
3021118,6.010994850797829
3021119,0.0
3021120,3656.4108332644178
3021121,6.010994850797829
3021122,357.7885668403832
3021123,14.352741279774705
3021124,1330.180347008052
3021125,877.7550520771458
3021126,203.2344241886538
3021127,335.73186898381977
3021128,256.82765914166777
3021129,4089.770428455175
3021130,0.0
3021131,6.010994850797829
3021132,19.962511118772966
3021133,0.0
3021134,6.010994850797829
3021135,132.9402653449449
3021136,8.630843175230837
3021137,12.829015139583248
3021138,9.349418536529242
3021139,0.0
3021140,6.010994850797829
3021141,362.3847177613161
3021142,158.92079780325327
3021143,6.729570212096235
3021144,9.349418536529242
3021145,347.8434968316629
3021146,171.1561066536661
3021147,2844.794202517028
3021148,6.010994850797829
3021149,64.33051231267802
3021150,42.79771726297918
3021151,40.17786893854611
3021152,41.12292407452594
3021153,4344.710341970394
3021154,40.17786893854611
3021155,1250.4109321570136
3021156,45.04001876446898
3021157,2009.4426523135098
3021158,932.9936260724282
3021159,491.3964112062212
3021160,278.68026135096005
3021161,213.73142688365806
3021162,5425.862117768234
3021163,87.63912958044676
3021164,40.17786893854611
3021165,55.7296141556983
3021166,51.2388353167097
3021167,40.17786893854611
3021168,352.0475677616266
3021169,42.79771726297918
3021170,43.51629262427758
3021171,43.51629262427758
3021172,43.350713040568564
3021173,40.17786893854611
3021174,324.0730906254139
3021175,637.7612793880518
3021176,40.89644429984452
3021177,43.51629262427758
3021178,331.1083761036558
3021179,81.56814169084771
3021180,1204.7686284280348
3021181,40.17786893854611
3021182,45.04001876446898
3021183,5.69517682489203
3021184,3.0753285004589657
3021185,3.0753285004589657
3021186,3771.523497204684
3021187,3.0753285004589657
3021188,1120.3048472755002
3021189,6.150424375469186
3021190,1633.5153587868729
3021191,1059.2776350072295
3021192,621.9553906172266
3021193,264.5771980437943
3021194,93.79914133962603
3021195,5195.428493937993
3021196,154.03645187173422
3021197,3.0753285004589657
3021198,134.5457807640405
3021199,139.88234473114628
3021200,3.0753285004589657
3021201,521.3913715170224
3021202,5.69517682489203
3021203,6.413752186190436
3021204,6.413752186190436
3021205,178.19307715021378
3021206,3.0753285004589657
3021207,181.85205087583375
3021208,530.5203572241709
3021209,3.7939038617573715
3021210,6.413752186190436
3021211,290.9617776018126
3021212,40.86513512289554
3021213,1107.6983206565058
3021214,3.0753285004589657
3021215,6.150424375469186
3021216,42.62194369909389
3021217,2.5434499844251377
3021218,70.34190056059441
3021219,11065.749312181832
3021220,2.5434499844251377
3021221,709.5506168227785
3021222,47.62526644233935
3021223,2083.952280332419
3021224,1772.846345085642
3021225,502.02523359916773
3021226,621.6240244532407
3021227,340.64502396662004
3021228,10230.706302439414
3021229,0.0
3021230,2.5434499844251377
3021231,52.8334272389302
3021232,0.0
3021233,2.5434499844251377
3021234,191.56498047202285
3021235,46.101540302147896
3021236,186.24899747982892
3021237,0.0
3021238,0.0
3021239,4.719562057630242
3021240,1023.1613867326312
3021241,0.0
3021242,4.719562057630242
3021243,46.101540302147896
3021244,942.4947887727744
3021245,290.97730809311645
3021246,9818.579247319194
3021247,4.719562057630242
3021248,170.94519364135394
3021249,4.070822169746066
3021250,1.450973845313058
3021251,1.450973845313058
3021252,1571.9197706117043
3021253,1.450973845313058
3021254,238.95817513274403
3021255,0.0
3021256,391.11556518492154
3021257,136.24785822222034
3021258,37.10091051292295
3021259,0.0
3021260,9.633005509258453
3021261,2070.6866217107167
3021262,0.0
3021263,1.450973845313058
3021264,2.003175530316014
3021265,0.0
3021266,1.450973845313058
3021267,156.40858802086058
3021268,4.070822169746066
3021269,4.789397531044472
3021270,4.789397531044472
3021271,0.0
3021272,1.450973845313058
3021273,50.38001605712731
3021274,0.0
3021275,2.169549206611464
3021276,4.789397531044472
3021277,15.35530045363322
3021278,0.0
3021279,617.4588434513179
3021280,1.450973845313058
3021281,0.0
3021282,16.56046318667171
3021283,13.222039500940298
3021284,13.222039500940298
3021285,3811.3554452086655
3021286,13.222039500940298
3021287,659.5768776430752
3021288,18.084189326863168
3021289,1652.3280670155823
3021290,550.8915124649918
3021291,361.3309804120539
3021292,167.88254314389815
3021293,96.20801035782813
3021294,4848.820916911114
3021295,29.81203724017297
3021296,13.222039500940298
3021297,27.2297208598917
3021298,22.738942020903096
3021299,13.222039500940298
3021300,292.27299321680397
3021301,15.841887825373306
3021302,15.841887825373306
3021303,20.040059789725717
3021304,0.0
3021305,13.222039500940298
3021306,218.58711870406336
3021307,206.5162720897912
3021308,13.222039500940298
3021309,16.56046318667171
3021310,220.3495792395612
3021311,36.78657162182293
3021312,940.8134218311473
3021313,13.222039500940298
3021314,17.365613965564762
3021315,7.704397999580976
3021316,5.084549675147969
3021317,5.084549675147969
3021318,1523.737738245026
3021319,5.084549675147969
3021320,171.54357054039437
3021321,0.0
3021322,453.3004406927258
3021323,73.94694545067165
3021324,31.613834372777774
3021325,0.0
3021326,5.374697584143746
3021327,2051.8982624645732
3021328,0.0
3021329,5.084549675147969
3021330,0.0
3021331,0.9827079044574134
3021332,5.084549675147969
3021333,128.3353156912435
3021334,7.704397999580976
3021335,8.422973360879382
3021336,8.422973360879382
3021337,0.0
3021338,5.084549675147969
3021339,25.78647727020467
3021340,0.0
3021341,5.8031250364463745
3021342,8.422973360879382
3021343,43.11702006976424
3021344,47.97519273070242
3021345,553.2482895611861
3021346,5.084549675147969
3021347,0.0
3021348,16.673756094025464
3021349,13.33533240829405
3021350,13.33533240829405
3021351,2783.6685016644087
3021352,13.33533240829405
3021353,496.11599581733424
3021354,18.19748223421692
3021355,1431.2208337832928
3021356,472.2999502758647
3021357,304.61862888528196
3021358,123.43092533568637
3021359,126.12155449946766
3021360,3946.6159982702343
3021361,6.998216304243897
3021362,13.33533240829405
3021363,34.55531365536825
3021364,0.0
3021365,13.33533240829405
3021366,415.92317650825055
3021367,15.955180732727058
3021368,15.955180732727058
3021369,20.15335269707947
3021370,0.0
3021371,13.33533240829405
3021372,186.0990032185312
3021373,229.84650716788803
3021374,13.33533240829405
3021375,16.673756094025464
3021376,144.91356309693288
3021377,67.6661451727349
3021378,845.406241885722
3021379,13.33533240829405
3021380,17.478906872918515
3021381,9.182861323390284
3021382,6.5630129989572765
3021383,6.5630129989572765
3021384,3713.4667453255774
3021385,6.5630129989572765
3021386,586.3125913047741
3021387,11.425162824880147
3021388,1263.8887293873806
3021389,683.0575637708776
3021390,303.78487549104614
3021391,128.5724852399003
3021392,62.550354499653906
3021393,4769.436453574988
3021394,16.93991467566758
3021395,6.5630129989572765
3021396,33.533298755585975
3021397,33.88729350097208
3021398,6.5630129989572765
3021399,302.7979057686036
3021400,9.182861323390284
3021401,9.90143668468869
3021402,9.90143668468869
3021403,0.0
3021404,6.5630129989572765
3021405,172.09951593453167
3021406,130.22998494009232
3021407,7.281588360255682
3021408,9.90143668468869
3021409,148.55657353808147
3021410,79.13919539352668
3021411,849.9995402542454
3021412,6.5630129989572765
3021413,11.425162824880147
3021414,25.303498778893015
3021415,22.683650454460007
3021416,22.683650454460007
3021417,1998.0670838094604
3021418,22.683650454460007
3021419,269.93161946267134
3021420,13.983221080705789
3021421,941.5796013864268
3021422,103.6410722061114
3021423,162.07978940911664
3021424,0.0
3021425,11.661166637315546
3021426,2494.30544313797
3021427,3.8448005245934382
3021428,22.683650454460007
3021429,19.756255536408958
3021430,0.0
3021431,22.683650454460007
3021432,201.1366676954286
3021433,25.303498778893015
3021434,26.02207414019142
3021435,26.02207414019142
3021436,0.0
3021437,22.683650454460007
3021438,54.80971986271396
3021439,19.599078539375057
3021440,23.402225815758413
3021441,26.02207414019142
3021442,54.066455199855056
3021443,21.90634100927872
3021444,506.2115349407104
3021445,22.683650454460007
3021446,13.983221080705789
3021447,29.62697643467874
3021448,27.007128110245674
3021449,27.007128110245674
3021450,3603.866519315843
3021451,27.007128110245674
3021452,695.7047232387705
3021453,18.306698736491455
3021454,1409.247396101666
3021455,584.1208366155845
3021456,335.3799070244532
3021457,105.88798427544654
3021458,54.75695267524867
3021459,4569.273253337501
3021460,20.66974457300023
3021461,27.007128110245674
3021462,38.52076737050976
3021463,6.675988236393039
3021464,27.007128110245674
3021465,243.23829139887
3021466,29.62697643467874
3021467,30.345551795977144
3021468,30.345551795977144
3021469,0.0
3021470,27.007128110245674
3021471,170.3714413597488
3021472,161.92548228240753
3021473,27.72570347154408
3021474,30.345551795977144
3021475,172.13390189524657
3021476,1.8229464585181745
3021477,1004.4495749633259
3021478,27.007128110245674
3021479,18.306698736491455
3021480,0.0
3021481,0.0
3021482,0.0
3021483,3064.877866586545
3021484,0.0
3021485,269.3649074069909
3021486,0.0
3021487,1097.6009561361761
3021488,862.2765470493641
3021489,179.60225417711422
3021490,196.89848857819203
3021491,184.29682463827606
3021492,3564.2061797295896
3021493,0.0
3021494,0.0
3021495,0.0
3021496,0.0
3021497,0.0
3021498,267.96044369505603
3021499,0.0
3021500,0.0
3021501,0.0
3021502,48.09471320192728
3021503,0.0
3021504,271.48413253560835
3021505,4.606157537628519
3021506,0.0
3021507,0.0
3021508,281.2176388650109
3021509,126.31691904356194
3021510,2739.410757065592
3021511,0.0
3021512,0.0
3021513,0.0
3021514,0.0
3021515,0.0
3021516,3058.9474847495167
3021517,0.0
3021518,343.5945075224196
3021519,0.0
3021520,1260.1880701461514
3021521,852.7053929076419
3021522,309.12465246160764
3021523,241.7242643437654
3021524,214.60443080605774
3021525,4088.8539224129113
3021526,0.0
3021527,0.0
3021528,9.093102560606894
3021529,0.0
3021530,0.0
3021531,174.6283707642748
3021532,0.0
3021533,0.0
3021534,0.0
3021535,0.0
3021536,0.0
3021537,318.75656527828716
3021538,153.36240360825792
3021539,0.0
3021540,0.0
3021541,326.04341463058427
3021542,172.34541415056344
3021543,2389.142525812141
3021544,0.0
3021545,34.361539780664714
3021546,0.0
3021547,0.0
3021548,0.0
3021549,3777.7532751596013
3021550,0.0
3021551,1039.1016588571124
3021552,0.0
3021553,1491.1246883608765
3021554,665.1321745326543
3021555,353.6313640249062
3021556,180.38658606706508
3021557,115.071888703507
3021558,5712.507808920079
3021559,0.0
3021560,0.0
3021561,4.204044778053401
3021562,0.0
3021563,0.0
3021564,63.28372030127406
3021565,0.0
3021566,0.0
3021567,0.0
3021568,0.0
3021569,0.0
3021570,225.77768084716092
3021571,232.25398882490956
3021572,0.0
3021573,0.0
3021574,206.77116562508354
3021575,62.05094122733897
3021576,1649.245327433704
3021577,0.0
3021578,0.0
3021579,15.790003915603506
3021580,12.45158022987215
3021581,13.170155591170555
3021582,3965.896632674482
3021583,12.45158022987215
3021584,123.84487403407024
3021585,20.793326658849026
3021586,1046.3050568566246
3021587,673.9269640227525
3021588,0.0
3021589,235.42919534079454
3021590,166.60614092148876
3021591,3945.6657028645454
3021592,0.0
3021593,12.45158022987215
3021594,23.022599874706998
3021595,18.531821035718394
3021596,12.45158022987215
3021597,0.0
3021598,19.269600518657512
3021599,19.269600518657512
3021600,15.790003915603506
3021601,0.0
3021602,13.170155591170555
3021603,255.31056226815852
3021604,0.0
3021605,13.170155591170555
3021606,19.269600518657512
3021607,272.64110506771806
3021608,123.02423007101231
3021609,2153.889820147152
3021610,13.170155591170555
3021611,78.66885306358512
3021612,11.784596419094498
3021613,9.16474809466149
3021614,9.16474809466149
3021615,3077.0429747421267
3021616,9.16474809466149
3021617,729.5477486596567
3021618,14.02689792058436
3021619,1627.818159201005
3021620,474.1529786648242
3021621,334.5994439353806
3021622,124.04883012847057
3021623,126.73945929225198
3021624,4863.817309631732
3021625,6.254919448393196
3021626,9.16474809466149
3021627,18.59098689762027
3021628,0.0
3021629,9.16474809466149
3021630,385.7707339061023
3021631,12.503171780392904
3021632,12.503171780392904
3021633,12.503171780392904
3021634,0.0
3021635,9.883323455959896
3021636,180.31641675147824
3021637,214.98941643988906
3021638,9.883323455959896
3021639,12.503171780392904
3021640,192.37413460829367
3021641,68.28404996551916
3021642,870.5985678294038
3021643,9.16474809466149
3021644,14.02689792058436
3021645,0.0
3021646,0.0
3021647,0.0
3021648,2880.9937776245697
3021649,0.0
3021650,168.97476827495933
3021651,0.0
3021652,1056.0730278401447
3021653,604.4122621952788
3021654,0.0
3021655,156.64793846978637
3021656,108.62337005455515
3021657,3516.7761940197065
3021658,0.0
3021659,0.0
3021660,5.995328492022168
3021661,3.5817966903870797
3021662,0.0
3021663,100.87177838518272
3021664,0.0
3021665,0.0
3021666,0.0
3021667,0.0
3021668,0.0
3021669,192.23283862381692
3021670,0.0
3021671,0.0
3021672,0.0
3021673,184.53106749087004
3021674,37.84248194016686
3021675,1977.974818058855
3021676,0.0
3021677,0.0
3021678,20.694606570849146
3021679,17.356182885117732
3021680,43.07734838856368
3021681,3132.2042932755844
3021682,17.356182885117732
3021683,644.3303180008563
3021684,20.431278760127952
3021685,1127.4636728326723
3021686,956.1293465519857
3021687,523.088936380419
3021688,161.97085925991271
3021689,137.52589420865937
3021690,3519.0328344402583
3021691,43.75481230212557
3021692,17.356182885117732
3021693,29.52064520218022
3021694,64.42150388364354
3021695,17.356182885117732
3021696,568.505113430895
3021697,24.17420317390315
3021698,24.17420317390315
3021699,20.694606570849146
3021700,120.10354631352345
3021701,18.07475824641614
3021702,176.45154102515804
3021703,656.1978665037091
3021704,18.07475824641614
3021705,20.694606570849146
3021706,189.85398828099642
3021707,73.14549735410793
3021708,2086.8448687638456
3021709,17.356182885117732
3021710,168.2830025034378
3021711,9.871798066568829
3021712,6.533374380837415
3021713,4.06856707879399
3021714,4411.218279660225
3021715,6.533374380837415
3021716,669.6039275602592
3021717,0.0
3021718,1519.6517666302739
3021719,628.6888729912657
3021720,315.19699900712135
3021721,46.88046196672741
3021722,0.0
3021723,4809.559566176518
3021724,0.0
3021725,6.533374380837415
3021726,6.8997319112018545
3021727,2.408953072213251
3021728,6.533374380837415
3021729,315.00142062357156
3021730,9.153222705270423
3021731,9.153222705270423
3021732,9.871798066568829
3021733,0.0
3021734,6.533374380837415
3021735,99.45083610671497
3021736,270.1601564232153
3021737,6.533374380837415
3021738,9.153222705270423
3021739,101.21329664221264
3021740,0.0
3021741,865.3265665389404
3021742,6.533374380837415
3021743,0.0
3021744,228.05736167341882
3021745,4.073093807364387
3021746,83.00667597772065
3021747,13774.623290955136
3021748,4.073093807364387
3021749,1529.0179920087785
3021750,49.1549102652786
3021751,3441.0330595841033
3021752,2678.399694137927
3021753,1294.5517470831699
3021754,818.4759749980515
3021755,487.92139701294394
3021756,14345.972760294157
3021757,6.815524010309787
3021758,4.073093807364387
3021759,141.41736165157468
3021760,0.0
3021761,4.073093807364387
3021762,490.89978328268523
3021763,19.587801574058233
3021764,47.631184125087145
3021765,88.30017292264546
3021766,32.64659595098817
3021767,6.249205880569491
3021768,1274.7032657434038
3021769,881.5201531961513
3021770,6.249205880569491
3021771,99.64825478184736
3021772,1194.0366677835468
3021773,453.0886487755515
3021774,11627.624982741625
3021775,183.7128773031671
3021776,168.31078424069713
3021777,23.49501964324304
3021778,0.0
3021779,73.40834230067992
3021780,13215.031974127998
3021781,0.0
3021782,1367.7415833477767
3021783,32.0414427547052
3021784,3261.8954730923456
3021785,2680.744462572115
3021786,1023.1043840957456
3021787,743.7947895556092
3021788,413.2402115705014
3021789,14230.189016906428
3021790,0.0
3021791,0.0
3021792,33.87595202684406
3021793,0.0
3021794,0.0
3021795,467.18538155788764
3021796,0.0
3021797,30.517716614513745
3021798,0.0
3021799,0.0
3021800,0.0
3021801,1200.022080300961
3021802,808.9846386239599
3021803,0.0
3021804,119.1519329696091
3021805,1120.7602792005653
3021806,379.81226019256974
3021807,8348.312230981714
3021808,134.63439604635758
3021809,115.61747677977786
3021810,46.63724092387696
3021811,11.559384289331604
3021812,94.21520507923009
3021813,9435.154246676375
3021814,11.559384289331604
3021815,1282.9080805533574
3021816,56.65493312907125
3021817,2979.4130274833005
3021818,2109.631131391046
3021819,842.8328107508232
3021820,476.7433583689931
3021821,395.57798020600166
3021822,12522.568940771163
3021823,0.0
3021824,11.559384289331604
3021825,65.2243721099187
3021826,0.0
3021827,11.559384289331604
3021828,374.4735810116338
3021829,0.0
3021830,55.131206988879796
3021831,0.0
3021832,0.0
3021833,12.27795965063001
3021834,983.7242740952771
3021835,943.0095712791465
3021836,12.27795965063001
3021837,125.5050088765916
3021838,904.4624729948812
3021839,346.39030598677425
3021840,4421.061536115134
3021841,247.99105341754193
3021842,96.20630715950284
3021843,180.80732687852222
3021844,0.0
3021845,100.35523611421246
3021846,12363.526605167797
3021847,0.0
3021848,1470.8981419038832
3021849,35.484052374720704
3021850,3163.084462522028
3021851,2416.7488263839787
3021852,819.9913165380726
3021853,704.2149028752171
3021854,389.42004773140525
3021855,15027.94123133022
3021856,0.0
3021857,0.0
3021858,142.9150740783223
3021859,0.0
3021860,0.0
3021861,723.4975164682014
3021862,0.0
3021863,33.96032623452925
3021864,0.0
3021865,0.0
3021866,0.0
3021867,1211.1958186015013
3021868,489.1935425000084
3021869,0.0
3021870,33.96032623452925
3021871,1151.1432733217725
3021872,340.23237351217784
3021873,7418.517307325451
3021874,74.79031230273893
3021875,95.09915119743624
3021876,33.973096831637406
3021877,0.0
3021878,79.49301400695248
3021879,8370.03138320706
3021880,0.0
3021881,1102.8877180787813
3021882,41.93274205679364
3021883,3090.0086917251188
3021884,2133.7405813069863
3021885,808.8446630641066
3021886,433.3559101648161
3021887,352.1905320018247
3021888,11437.48315994843
3021889,0.0
3021890,0.0
3021891,127.29923459784436
3021892,134.70832065664067
3021893,0.0
3021894,429.37066950362106
3021895,0.0
3021896,40.409015916602186
3021897,0.0
3021898,0.0
3021899,0.0
3021900,940.3368258911001
3021901,1070.2158203484287
3021902,0.0
3021903,132.6801901429579
3021904,861.0750247907038
3021905,303.00285778259735
3021906,3156.871880356913
3021907,0.0
3021908,0.0
3021909,55.189631412023346
3021910,18.053727797439933
3021911,71.33491996387124
3021912,9752.779411647862
3021913,18.053727797439933
3021914,1399.0499288392334
3021915,61.67800754344745
3021916,2937.0143397594225
3021917,2309.3691959592798
3021918,888.7700838122729
3021919,436.26412024507556
3021920,339.33901924078833
3021921,10817.255731528887
3021922,0.0
3021923,18.053727797439933
3021924,134.42248836639564
3021925,0.0
3021926,18.053727797439933
3021927,351.77541412939956
3021928,0.0
3021929,60.15428140325599
3021930,0.0
3021931,83.5303935546118
3021932,18.77230315873834
3021933,892.4914109904277
3021934,775.8591360432829
3021935,18.77230315873834
3021936,60.15428140325599
3021937,813.2296098900317
3021938,305.91106786285667
3021939,6814.270932418312
3021940,318.2636013279518
3021941,0.0
3021942,0.0
3021943,0.0
3021944,0.0
3021945,2350.998619001779
3021946,0.0
3021947,69.76321060193095
3021948,0.0
3021949,823.0029370105402
3021950,465.8026360508419
3021951,0.0
3021952,112.03221754464516
3021953,56.25758271966316
3021954,3321.602711711403
3021955,0.0
3021956,0.0
3021957,4.995218211921156
3021958,13.628619425174406
3021959,0.0
3021960,122.32321001919803
3021961,0.0
3021962,0.0
3021963,0.0
3021964,0.0
3021965,0.0
3021966,126.61502079025445
3021967,62.10675751530857
3021968,0.0
3021969,0.0
3021970,139.915346565729
3021971,0.0
3021972,1935.489034822418
3021973,0.0
3021974,108.88324194621467
3021975,0.0
3021976,0.0
3021977,65.64322373527762
3021978,6163.373593997195
3021979,0.0
3021980,661.6286282268584
3021981,4.272543815659617
3021982,2307.4898522500384
3021983,1516.7264318831162
3021984,310.45919392535365
3021985,174.90268984932104
3021986,96.48532931558117
3021987,8467.901706405193
3021988,0.0
3021989,0.0
3021990,81.62489223435352
3021991,68.95657954765102
3021992,0.0
3021993,347.0829851566186
3021994,0.0
3021995,0.0
3021996,0.0
3021997,0.0
3021998,0.0
3021999,565.9760371145431
3022000,602.0401181218456
3022001,0.0
3022002,0.0
3022003,630.6274402386603
3022004,44.54963746710172
3022005,2617.04448812568
3022006,195.2126858834769
3022007,0.0
3022008,0.0
3022009,0.0
3022010,69.05358005548982
3022011,5403.526110468783
3022012,0.0
3022013,765.6353459619925
3022014,1.4724709663424846
3022015,2201.1710028425923
3022016,1558.728485496744
3022017,323.22043544483245
3022018,439.16843092190294
3022019,223.88370267192798
3022020,6548.03241458387
3022021,0.0
3022022,0.0
3022023,83.50868602280644
3022024,70.84037333610394
3022025,0.0
3022026,535.3250545768649
3022027,0.0
3022028,0.0
3022029,0.0
3022030,0.0
3022031,0.0
3022032,746.9321490847635
3022033,374.086973185563
3022034,0.0
3022035,72.39200374122123
3022036,607.5879422975961
3022037,125.61556857139581
3022038,4715.527831258677
3022039,0.0
3022040,52.99022862358481
3022041,83.73081420580212
3022042,80.3923905200707
3022043,78.98500323239227
3022044,4550.115142876817
3022045,80.3923905200707
3022046,1108.7397346671378
3022047,71.69196114631649
3022048,1927.9739088797833
3022049,1464.8804565082753
3022050,823.9399643500979
3022051,114.36296023738706
3022052,44.07200746894188
3022053,7418.4754190607255
3022054,76.14695892583569
3022055,80.3923905200707
3022056,105.82563339283527
3022057,25.065874760230486
3022058,80.3923905200707
3022059,723.7170136396687
3022060,83.01223884450371
3022061,83.01223884450371
3022062,83.01223884450371
3022063,342.8902117256479
3022064,80.3923905200707
3022065,136.6188250714185
3022066,1024.2341437342616
3022067,80.3923905200707
3022068,83.01223884450371
3022069,143.68084852785756
3022070,18.524925076105035
3022071,2907.059268432338
3022072,80.3923905200707
3022073,154.48629424159168
3022074,35.44657213271432
3022075,32.108148446982966
3022076,73.2266678330036
3022077,3222.4063299171607
3022078,32.108148446982966
3022079,718.13141324189
3022080,35.183244321993186
3022081,1440.6232705805216
3022082,1121.489149958254
3022083,442.0101956414087
3022084,217.98242118848987
3022085,194.7401754786646
3022086,3908.8428507654617
3022087,45.86715393175348
3022088,32.108148446982966
3022089,40.79301416099145
3022090,112.23036124845413
3022091,32.108148446982966
3022092,391.26713931011835
3022093,34.72799677141592
3022094,34.72799677141592
3022095,34.72799677141592
3022096,151.3742098071996
3022097,32.108148446982966
3022098,304.3209463234523
3022099,545.2191970617439
3022100,32.108148446982966
3022101,34.72799677141592
3022102,247.27034706903427
3022103,131.76457548357425
3022104,1931.5999109060751
3022105,32.108148446982966
3022106,42.71333651789968
3022107,11.45882463242566
3022108,8.120400946694247
3022109,8.120400946694247
3022110,2699.72436483154
3022111,8.120400946694247
3022112,424.58583927496375
3022113,0.0
3022114,1308.1570985739336
3022115,292.1449465800193
3022116,247.11542571225692
3022117,149.9690801232301
3022118,115.95176988056338
3022119,3439.6637733396524
3022120,0.0
3022121,8.120400946694247
3022122,8.672602631697202
3022123,4.018559176003691
3022124,8.120400946694247
3022125,239.2345466098957
3022126,10.740249271127254
3022127,10.740249271127254
3022128,10.740249271127254
3022129,0.0
3022130,8.120400946694247
3022131,172.19498254733557
3022132,201.82434616157946
3022133,8.120400946694247
3022134,10.740249271127254
3022135,219.58594592594244
3022136,101.89635254300498
3022137,453.06931489573174
3022138,8.120400946694247
3022139,0.0
3022140,1.5137387871394026
3022141,0.0
3022142,0.0
3022143,4294.001015585599
3022144,0.0
3022145,310.3559968530475
3022146,7.988330624117054
3022147,1321.3056155619179
3022148,945.5569471249721
3022149,133.97542803797563
3022150,342.80523799834896
3022151,317.0082986556234
3022152,6145.764225476735
3022153,0.0
3022154,0.0
3022155,32.82144212537287
3022156,28.330663286384265
3022157,0.0
3022158,104.33152312936417
3022159,6.464604483925541
3022160,6.464604483925541
3022161,0.0
3022162,0.0
3022163,0.0
3022164,464.2164113929761
3022165,126.91574474310221
3022166,0.0
3022167,6.464604483925541
3022168,488.61159083140046
3022169,274.83118466460775
3022170,2975.6584106921505
3022171,0.0
3022172,45.16579523907865
3022173,0.0
3022174,0.0
3022175,28.13542196277251
3022176,6017.798987047466
3022177,0.0
3022178,247.4112793394295
3022179,0.0
3022180,1356.24415557362
3022181,1298.804265298559
3022182,0.0
3022183,318.99550809437693
3022184,117.9010972243453
3022185,4616.230999783245
3022186,0.0
3022187,0.0
3022188,55.03883488645522
3022189,0.0
3022190,0.0
3022191,222.81403241964648
3022192,0.0
3022193,0.7682137610030395
3022194,30.75527028720552
3022195,0.0
3022196,0.0
3022197,493.3100370468925
3022198,0.0
3022199,0.0
3022200,0.0
3022201,412.64343908703574
3022202,68.23338135084146
3022203,4858.406395904339
3022204,0.0
3022205,102.73368740075472
3022206,0.0
3022207,0.0
3022208,24.470595629169793
3022209,6849.777874782245
3022210,0.0
3022211,204.33698785619697
3022212,0.0
3022213,1303.3858294751326
3022214,1272.1928455837374
3022215,121.94004855748517
3022216,217.31046934693848
3022217,169.96094584113786
3022218,5959.785503041395
3022219,0.0
3022220,0.0
3022221,50.972399510445086
3022222,17.265743310959976
3022223,0.0
3022224,0.0
3022225,0.0
3022226,0.0
3022227,0.0
3022228,0.0
3022229,0.0
3022230,618.8478316263281
3022231,0.0
3022232,0.0
3022233,0.0
3022234,538.1812336664717
3022235,120.2932299676342
3022236,5562.889165234566
3022237,0.0
3022238,98.5665317625764
3022239,0.0
3022240,0.0
3022241,4.203392485711845
3022242,5861.365428163553
3022243,0.0
3022244,1291.1716913579567
3022245,0.0
3022246,1850.6098809917391
3022247,1243.0773572998337
3022248,813.5499118885516
3022249,407.0807223492618
3022250,283.05020832654577
3022251,9030.777433286845
3022252,10.843458959299994
3022253,0.0
3022254,19.24590129692905
3022255,16.03220518600699
3022256,0.0
3022257,194.06342824858478
3022258,0.0
3022259,0.0
3022260,14.184113737339771
3022261,0.0
3022262,0.0
3022263,458.4086628015489
3022264,665.446630978639
3022265,0.0
3022266,0.0
3022267,471.8444395396281
3022268,245.07391927559965
3022269,1970.6671878873437
3022270,0.0
3022271,0.0
3022272,22.239186800834943
3022273,19.424718288608688
3022274,7.031121145994064
3022275,2262.747736745652
3022276,19.424718288608688
3022277,279.6647376364968
3022278,28.71377863781248
3022279,635.0780549843482
3022280,562.6011980282351
3022281,156.67959167421074
3022282,212.89163069392154
3022283,133.06484523885294
3022284,2578.147691510589
3022285,0.0
3022286,19.424718288608688
3022287,25.136104036127108
3022288,34.40215233823369
3022289,19.424718288608688
3022290,183.9173288526831
3022291,27.190052497621082
3022292,27.190052497621082
3022293,22.239186800834943
3022294,0.0
3022295,20.143293649907093
3022296,293.74056750281125
3022297,204.2312335997103
3022298,20.143293649907093
3022299,27.190052497621082
3022300,252.39350147505974
3022301,97.46352520265395
3022302,1965.4945466124007
3022303,20.143293649907093
3022304,102.24964640746987
3022305,0.0
3022306,0.0
3022307,0.0
3022308,974.9807487140522
3022309,0.0
3022310,221.49191824535635
3022311,0.0
3022312,458.72165791416927
3022313,338.03345950619297
3022314,250.21540601094887
3022315,143.631032853584
3022316,28.38226781864114
3022317,2345.1379785113804
3022318,0.0
3022319,0.0
3022320,0.0
3022321,0.0
3022322,0.0
3022323,158.22269328174423
3022324,0.0
3022325,0.0
3022326,0.0
3022327,34.44196213557876
3022328,0.0
3022329,111.18546163162264
3022330,178.27836436062995
3022331,0.0
3022332,0.0
3022333,136.44566968305222
3022334,68.3127239024974
3022335,206.98844357779552
3022336,0.0
3022337,0.0
3022338,18.285663682631366
3022339,15.47119517040511
3022340,9.651862663010263
3022341,3892.403663485941
3022342,15.47119517040511
3022343,527.6888950027675
3022344,23.28898642587683
3022345,1825.7055664880615
3022346,985.1636012593266
3022347,448.4245724166631
3022348,576.6916973675123
3022349,136.96534304804678
3022350,6122.994247112244
3022351,10.654647193554808
3022352,15.47119517040511
3022353,38.19669354470892
3022354,16.23061882319149
3022355,15.47119517040511
3022356,312.709279830785
3022357,18.285663682631366
3022358,18.285663682631366
3022359,21.765260285685372
3022360,0.0
3022361,16.189770531703516
3022362,265.35276071352985
3022363,424.755719914946
3022364,16.189770531703516
3022365,21.765260285685372
3022366,267.1152212490277
3022367,102.82448586216168
3022368,1326.38201799414
3022369,93.45978859867262
3022370,0.0
3022371,0.0
3022372,0.0
3022373,0.0
3022374,1838.1854123091632
3022375,0.0
3022376,262.33557961573956
3022377,0.0
3022378,886.9983641866131
3022379,564.8267914011994
3022380,254.29949899638206
3022381,212.60729072889492
3022382,82.75477992529562
3022383,2978.4879117869677
3022384,0.0
3022385,0.0
3022386,0.0
3022387,0.0
3022388,0.0
3022389,166.95652640463203
3022390,0.0
3022391,0.0
3022392,10.043283815905113
3022393,0.0
3022394,0.0
3022395,149.8734624937071
3022396,224.42473402825473
3022397,0.0
3022398,0.0
3022399,156.9354859501461
3022400,33.871812469122915
3022401,145.16523556614067
3022402,0.0
3022403,0.0
3022404,0.0
3022405,0.0
3022406,0.0
3022407,1734.3717019019127
3022408,0.0
3022409,317.0428891884669
3022410,0.0
3022411,751.8297830642421
3022412,419.44791932903087
3022413,273.09014946607783
3022414,233.13613617130167
3022415,114.39471872601152
3022416,2807.207131314939
3022417,0.0
3022418,0.0
3022419,0.0
3022420,0.0
3022421,0.0
3022422,190.96240612980375
3022423,0.0
3022424,0.0
3022425,0.0
3022426,0.0
3022427,0.0
3022428,149.24006910856224
3022429,269.9395891081598
3022430,0.0
3022431,0.0
3022432,156.9354859501461
3022433,33.871812469122915
3022434,145.16523556614067
3022435,7.228815303678857
3022436,0.0
3022437,3.550927198584418
3022438,1.455034047656568
3022439,1.455034047656568
3022440,1605.0985086589387
3022441,1.455034047656568
3022442,257.93997324634125
3022443,0.0
3022444,856.5267989176373
3022445,390.8272396203193
3022446,234.4920267276003
3022447,191.45034966470416
3022448,90.3944777479523
3022449,2869.301467905802
3022450,0.0
3022451,1.455034047656568
3022452,0.0
3022453,0.0
3022454,1.455034047656568
3022455,217.16067751339685
3022456,3.550927198584418
3022457,3.550927198584418
3022458,4.269502559882824
3022459,54.17599828073634
3022460,1.455034047656568
3022461,165.18911114353503
3022462,206.57884604386993
3022463,1.455034047656568
3022464,3.550927198584418
3022465,170.84633774051323
3022466,38.51486237603609
3022467,378.38469756551916
3022468,0.0
3022469,0.0
3022470,0.0
3022471,0.0
3022472,0.0
3022473,1977.118138601202
3022474,0.0
3022475,250.07801571022003
3022476,0.0
3022477,979.2819644679028
3022478,379.82115873507024
3022479,172.92353204137962
3022480,158.5504357036871
3022481,60.81829514853143
3022482,3241.7840441796625
3022483,0.0
3022484,0.0
3022485,0.0
3022486,0.0
3022487,0.0
3022488,230.07723862507234
3022489,0.0
3022490,0.0
3022491,0.0
3022492,0.0
3022493,0.0
3022494,135.5714608568641
3022495,189.24378287809574
3022496,0.0
3022497,0.0
3022498,143.26687769844798
3022499,10.935402333971012
3022500,381.7443075705998
3022501,51.43585382848653
3022502,0.0
3022503,11.661424425360394
3022504,8.846955913134138
3022505,8.846955913134138
3022506,1639.7459985334583
3022507,8.846955913134138
3022508,248.10787609499002
3022509,0.0
3022510,896.2535503871835
3022511,328.29691341042746
3022512,188.4078099666918
3022513,151.8194384306886
3022514,79.51009245440218
3022515,2271.0810337505045
3022516,0.0
3022517,8.846955913134138
3022518,0.0
3022519,0.0
3022520,8.846955913134138
3022521,201.51428473274308
3022522,11.661424425360394
3022523,10.942849064061988
3022524,11.661424425360394
3022525,14.933674201481324
3022526,8.846955913134138
3022527,142.63140964740364
3022528,155.67405680471398
3022529,8.846955913134138
3022530,11.661424425360394
3022531,159.9619524469632
3022532,27.63047708248598
3022533,308.0218262709549
3022534,8.846955913134138
3022535,0.0
3022536,26.425743097465954
3022537,23.6112745852397
3022538,33.98355947676043
3022539,2686.4160200557394
3022540,23.6112745852397
3022541,435.5444441733931
3022542,31.429065840711473
3022543,1398.4794701474982
3022544,833.5601077790861
3022545,547.453379831658
3022546,564.9125192121176
3022547,164.8722148421124
3022548,4218.051744850582
3022549,35.920526825680554
3022550,23.6112745852397
3022551,28.014655855731007
3022552,55.872238387949324
3022553,23.6112745852397
3022554,312.2349878847533
3022555,29.90533970051996
3022556,29.90533970051996
3022557,28.43900663303714
3022558,112.34790716964713
3022559,24.329849946538104
3022560,242.9138133277639
3022561,486.091069199387
3022562,24.329849946538104
3022563,29.90533970051996
3022564,313.4564906564505
3022565,135.84254601471602
3022566,860.4291897197486
3022567,215.78169967761235
3022568,40.617192427375585
3022569,6.200029506973863
3022570,3.385560994747607
3022571,4.104136356046013
3022572,2207.93052349053
3022573,3.385560994747607
3022574,145.71801133293033
3022575,0.8990960951870193
3022576,501.2834021065365
3022577,261.18735472205884
3022578,0.0
3022579,0.0
3022580,0.0
3022581,3057.0679121720154
3022582,0.0
3022583,3.385560994747607
3022584,8.262943944801691
3022585,0.0
3022586,3.385560994747607
3022587,227.35010408890554
3022588,11.150895203760001
3022589,11.150895203760001
3022590,0.0
3022591,0.0
3022592,4.104136356046013
3022593,0.0
3022594,0.0
3022595,4.104136356046013
3022596,11.150895203760001
3022597,0.0
3022598,0.0
3022599,808.6650425936763
3022600,90.93861431014591
3022601,0.0
3022602,0.0
3022603,0.0
3022604,0.0
3022605,2207.8620587197283
3022606,0.0
3022607,250.07801571022003
3022608,0.0
3022609,958.5086124377692
3022610,379.82115873507024
3022611,187.0090110735903
3022612,201.28344005458317
3022613,60.81829514853143
3022614,3323.0598846275698
3022615,0.0
3022616,0.0
3022617,0.0
3022618,0.0
3022619,0.0
3022620,197.6182868647983
3022621,0.0
3022622,0.0
3022623,0.0
3022624,0.0
3022625,0.0
3022626,136.20485424200896
3022627,133.5853566786944
3022628,0.0
3022629,0.0
3022630,116.10681138936482
3022631,10.935402333971012
3022632,341.4994937905142
3022633,0.0
3022634,0.0
3022635,19.566081928083122
3022636,16.751613415856866
3022637,4.358016273242242
3022638,2857.2724569108227
3022639,16.751613415856866
3022640,324.1917454519565
3022641,26.04067376506066
3022642,829.8063960576299
3022643,704.9352409285093
3022644,100.43179990864724
3022645,207.44779938979283
3022646,119.87094752497322
3022647,3904.745935565707
3022648,0.0
3022649,16.751613415856866
3022650,27.03238186378684
3022651,31.72904746548187
3022652,16.751613415856866
3022653,223.241956437555
3022654,24.51694762486926
3022655,24.51694762486926
3022656,19.566081928083122
3022657,0.0
3022658,17.470188777155272
3022659,288.29673619868254
3022660,216.28391270231074
3022661,17.470188777155272
3022662,24.51694762486926
3022663,307.03207585770286
3022664,84.26962748877429
3022665,1934.063867354847
3022666,17.470188777155272
3022667,0.0
3022668,24.516153120101364
3022669,21.70168460787511
3022670,22.420259969173514
3022671,2834.000435368934
3022672,21.70168460787511
3022673,397.9313892376617
3022674,27.732421912434177
3022675,1340.1680230865302
3022676,773.3288200603893
3022677,399.0597534818828
3022678,455.1225045245534
3022679,92.78317056311732
3022680,4719.288354920735
3022681,0.0
3022682,21.70168460787511
3022683,35.09626976204885
3022684,39.23688164494047
3022685,21.70168460787511
3022686,303.36307347386315
3022687,27.99574972315537
3022688,19.256530027169845
3022689,15.829242569387986
3022690,34.70483712477534
3022691,22.420259969173514
3022692,222.86718437300317
3022693,355.56726233702307
3022694,22.420259969173514
3022695,27.99574972315537
3022696,236.30296111108237
3022697,88.88594140532666
3022698,680.45274511238
3022699,105.5080552745782
3022700,3.5456074891994263
3022701,11.7300203017395
3022702,8.915551789513245
3022703,8.915551789513245
3022704,2698.9752460586596
3022705,8.915551789513245
3022706,368.95507218145383
3022707,11.466692491018307
3022708,1309.4644178250323
3022709,717.1314765164291
3022710,332.40416016386905
3022711,418.9842503725378
3022712,30.585962239161518
3022713,3634.9744216551594
3022714,10.249623492377282
3022715,8.915551789513245
3022716,21.38159487917585
3022717,31.17950192035653
3022718,8.915551789513245
3022719,258.7462654262735
3022720,11.7300203017395
3022721,11.011444940441095
3022722,11.7300203017395
3022723,78.18857201124854
3022724,8.915551789513245
3022725,135.01643914607806
3022726,343.0389351044715
3022727,8.915551789513245
3022728,11.7300203017395
3022729,148.45221588415714
3022730,1.455371740138503
3022731,553.116222895086
3022732,8.915551789513245
3022733,11.466692491018307
3022734,8.038258835085742
3022735,5.942365684157892
3022736,3.6523917153475054
3022737,1411.8802376599683
3022738,5.942365684157892
3022739,298.1808000130884
3022740,12.986566340308741
3022741,669.2071730257551
3022742,289.3461916679367
3022743,164.62619926889337
3022744,182.7605957200755
3022745,77.15098439752813
3022746,2219.0833715971235
3022747,3.078265422669517
3022748,5.942365684157892
3022749,18.105914965996874
3022750,25.538364533786137
3022751,5.942365684157892
3022752,174.60604134468682
3022753,8.038258835085742
3022754,8.038258835085742
3022755,13.249894151029935
3022756,0.831589581859248
3022757,5.942365684157892
3022758,110.3379708963522
3022759,203.65815535041514
3022760,5.942365684157892
3022761,8.038258835085742
3022762,115.99519749333047
3022763,8.093413785801545
3022764,359.6331502856009
3022765,3.684704157297517
3022766,7.774931024364548
3022767,0.5451562409953112
3022768,0.0
3022769,0.0
3022770,1720.7423177017438
3022771,0.0
3022772,150.98265975790272
3022773,5.54847898424083
3022774,527.9170483090256
3022775,400.59242123302147
3022776,74.94244271558262
3022777,153.76901385113857
3022778,79.01982546092495
3022779,1994.6249802517316
3022780,0.0
3022781,0.0
3022782,0.0
3022783,0.0
3022784,0.0
3022785,139.74702947250213
3022786,4.024752844049317
3022787,0.0
3022788,0.0
3022789,0.0
3022790,0.0
3022791,199.56785890576285
3022792,18.150414646752495
3022793,0.0
3022794,0.5451562409953112
3022795,191.86608777281603
3022796,36.93611150041028
3022797,1226.282597298522
3022798,0.0
3022799,0.0
3022800,19.86972768054426
3022801,17.77383452961641
3022802,0.0
3022803,3225.409868562861
3022804,17.77383452961641
3022805,580.9889353223148
3022806,22.11202918203412
3022807,1360.7086229711094
3022808,1065.6621862263182
3022809,412.84374517452346
3022810,212.2173168480762
3022811,181.05637998596129
3022812,3724.2528030602693
3022813,0.0
3022814,17.77383452961641
3022815,7.969307468080558
3022816,102.10936901066839
3022817,17.77383452961641
3022818,157.96555903433983
3022819,19.86972768054426
3022820,20.588303041842664
3022821,20.588303041842664
3022822,144.62119703003762
3022823,17.77383452961641
3022824,297.01690570608633
3022825,391.72066894542934
3022826,18.492409890914814
3022827,20.588303041842664
3022828,316.0791927413287
3022829,124.63632842677359
3022830,2765.372566445675
3022831,17.77383452961641
3022832,46.26448872208795
3022833,8.51876030642967
3022834,6.4228671555018195
3022835,6.4228671555018195
3022836,2098.025475968102
3022837,6.4228671555018195
3022838,117.93028703488434
3022839,0.0
3022840,457.44860082207776
3022841,300.14352922347865
3022842,0.0
3022843,65.59780740173369
3022844,6.569507950739705
3022845,1894.0112018532534
3022846,0.0
3022847,6.4228671555018195
3022848,0.0
3022849,0.0
3022850,6.4228671555018195
3022851,182.2457216694617
3022852,8.51876030642967
3022853,9.237335667728075
3022854,9.237335667728075
3022855,7.743735289286747
3022856,7.141442516800225
3022857,106.49481810390878
3022858,17.526743361310707
3022859,6.4228671555018195
3022860,9.237335667728075
3022861,103.69488132341101
3022862,0.0
3022863,1061.6782678888476
3022864,6.4228671555018195
3022865,0.0
3022866,16.719691441616988
3022867,14.623798290689138
3022868,14.623798290689138
3022869,1229.3429251181674
3022870,14.623798290689138
3022871,112.64591045401207
3022872,5.3994137434297045
3022873,270.66383736184287
3022874,164.54732177077466
3022875,87.58192583572321
3022876,64.53474331354994
3022877,6.663074571332174
3022878,1264.184498260816
3022879,0.0
3022880,14.623798290689138
3022881,5.301335744798337
3022882,9.998001346493368
3022883,14.623798290689138
3022884,0.0
3022885,16.719691441616988
3022886,0.0
3022887,17.438266802915393
3022888,0.0
3022889,14.623798290689138
3022890,84.66788105052285
3022891,0.0
3022892,15.342373651987543
3022893,17.438266802915393
3022894,101.99842385008259
3022895,0.0
3022896,987.6100003422355
3022897,14.623798290689138
3022898,7.269407959274247
3022899,0.0675509597926407
3022900,0.0
3022901,0.0
3022902,2667.593080175223
3022903,0.0
3022904,383.3433807442959
3022905,5.789449064336509
3022906,975.4843278825422
3022907,796.956808923953
3022908,346.177696316638
3022909,198.9008390115387
3022910,108.99289813362381
3022911,3172.6880963677695
3022912,0.0
3022913,0.0
3022914,2.2117744626511353
3022915,2.6935986386387185
3022916,0.0
3022917,241.87662823739404
3022918,0.0675509597926407
3022919,4.265722924145052
3022920,0.7861263210910465
3022921,48.11589134465578
3022922,0.0
3022923,235.7676326896287
3022924,262.7092651579322
3022925,0.0
3022926,0.7861263210910465
3022927,249.17007994546705
3022928,68.92712889880062
3022929,2232.620925600043
3022930,0.0
3022931,48.6367040585659
3022932,25.492584636667175
3022933,23.396691485739325
3022934,23.396691485739325
3022935,2925.0603002984003
3022936,23.396691485739325
3022937,378.24781309565424
3022938,27.734886138157094
3022939,1546.4507724765663
3022940,736.0911315390726
3022941,292.53151219184656
3022942,359.172812409157
3022943,102.42510669537972
3022944,3913.204963941602
3022945,23.038220536462063
3022946,23.396691485739325
3022947,38.57833059082577
3022948,13.419066690570105
3022949,23.396691485739325
3022950,364.8473208208503
3022951,25.492584636667175
3022952,26.21115999796558
3022953,26.21115999796558
3022954,110.07813826878075
3022955,23.396691485739325
3022956,195.29090838904338
3022957,282.1644372194879
3022958,24.11526684703773
3022959,26.21115999796558
3022960,156.4014160579251
3022961,70.12902593424451
3022962,944.9713814857112
3022963,23.396691485739325
3022964,27.734886138157094
3022965,9.080255782246866
3022966,6.984362631319016
3022967,6.984362631319016
3022968,2509.934013492193
3022969,6.984362631319016
3022970,471.1263425398213
3022971,9.535503332824021
3022972,1332.9529945471122
3022973,820.7674456702607
3022974,446.2970766787281
3022975,387.16565829544345
3022976,112.59503358076617
3022977,3517.8486892887763
3022978,4.83883773112899
3022979,6.984362631319016
3022980,54.74303928959057
3022981,25.07561338718773
3022982,6.984362631319016
3022983,392.730046123063
3022984,9.080255782246866
3022985,9.798831143545272
3022986,9.798831143545272
3022987,131.21654118860005
3022988,6.984362631319016
3022989,190.20596571386403
3022990,425.2878848015439
3022991,7.7029379926174215
3022992,9.798831143545272
3022993,220.21407500923587
3022994,57.1501155949411
3022995,805.2782025004612
3022996,6.984362631319016
3022997,9.535503332824021
3022998,35.18989716803907
3022999,29.347281044132387
3023000,10.035824865191273
3023001,7552.710952637886
3023002,29.347281044132387
3023003,899.8374589049798
3023004,40.19321991128453
3023005,1693.426571331313
3023006,1864.1091303635735
3023007,457.09377790862465
3023008,589.9498808865637
3023009,292.2768474240011
3023010,7328.96430243297
3023011,0.0
3023012,29.347281044132387
3023013,17.60182618000755
3023014,32.65831338915689
3023015,29.347281044132387
3023016,768.611288231638
3023017,38.66949377109307
3023018,178.8169509487742
3023019,0.0
3023020,64.82002462516601
3023021,31.52339311733749
3023022,938.6556526275168
3023023,316.5269158197227
3023024,31.52339311733749
3023025,38.66949377109307
3023026,806.2619330599676
3023027,249.1849255053144
3023028,6831.921877853098
3023029,31.52339311733749
3023030,94.57942036204855
3023031,0.0
3023032,0.0
3023033,0.0
3023034,1274.7658922882267
3023035,0.0
3023036,215.40187123251013
3023037,0.0
3023038,373.3786218935563
3023039,307.9671442984107
3023040,107.96999774308483
3023041,169.68090312544018
3023042,25.058730266754424
3023043,1786.810653774945
3023044,0.0
3023045,0.0
3023046,0.0
3023047,0.0
3023048,0.0
3023049,193.878501507906
3023050,0.0
3023051,0.0
3023052,0.0
3023053,16.278686325456533
3023054,0.0
3023055,87.02341675097966
3023056,84.57981552081822
3023057,0.0
3023058,0.0
3023059,49.01219368541683
3023060,0.0
3023061,410.03211162094806
3023062,0.0
3023063,0.0
3023064,24.55540592502723
3023065,21.740937412800974
3023066,21.740937412800974
3023067,2802.0646996324604
3023068,21.740937412800974
3023069,375.2389263101418
3023070,26.079132065218687
3023071,1649.370229073045
3023072,742.6765303535146
3023073,287.5371059286493
3023074,379.0626599007803
3023075,123.98308178803225
3023076,3803.796377363223
3023077,21.382466463523656
3023078,21.740937412800974
3023079,36.922576517887364
3023080,10.219248759430968
3023081,21.740937412800974
3023082,300.15972813917296
3023083,23.836830563728824
3023084,23.836830563728824
3023085,28.035002528081236
3023086,46.894524342643706
3023087,21.740937412800974
3023088,228.88632808617555
3023089,322.7271910244626
3023090,21.740937412800974
3023091,24.55540592502723
3023092,230.64878862167345
3023093,68.39707491708828
3023094,701.590148886883
3023095,21.740937412800974
3023096,25.36055670392028
3023097,0.0
3023098,0.0
3023099,0.0
3023100,1179.029888437975
3023101,0.0
3023102,163.1303189820369
3023103,0.0
3023104,416.50133928790314
3023105,178.7942518531303
3023106,96.26490478148816
3023107,96.70432419810925
3023108,20.800422341639717
3023109,1847.7236560362128
3023110,0.0
3023111,0.0
3023112,0.0
3023113,0.0
3023114,0.0
3023115,129.6275463616124
3023116,0.0
3023117,0.0
3023118,0.0
3023119,23.44541784423717
3023120,0.0
3023121,62.42987796405703
3023122,78.55737727049421
3023123,0.0
3023124,0.0
3023125,79.76042076361671
3023126,50.811082435914045
3023127,345.8215577308165
3023128,0.0
3023129,0.0
3023130,17.61539170837591
3023131,14.800923196149654
3023132,14.800923196149654
3023133,2343.010003288176
3023134,14.800923196149654
3023135,374.6813790988385
3023136,19.139117848567366
3023137,1132.6521511098258
3023138,511.1396141519623
3023139,282.01148298158944
3023140,316.1823428047491
3023141,105.73960244943615
3023142,3486.94482607096
3023143,14.442452246872335
3023144,14.800923196149654
3023145,26.309504829035063
3023146,13.323574272152143
3023147,14.800923196149654
3023148,384.5956425482767
3023149,16.896816347077504
3023150,16.896816347077504
3023151,21.094988311429915
3023152,23.060948429002053
3023153,14.800923196149654
3023154,179.9008424598741
3023155,284.1739657295492
3023156,14.800923196149654
3023157,17.61539170837591
3023158,186.19146244199723
3023159,53.85998707752003
3023160,651.6663936887867
3023161,14.800923196149654
3023162,18.42054248726896
3023163,9.085688800311232
3023164,6.989795649383382
3023165,6.989795649383382
3023166,2776.411464286047
3023167,6.989795649383382
3023168,313.676430873729
3023169,11.327990301801094
3023170,1396.096946206487
3023171,726.8473181744496
3023172,296.3177275121362
3023173,310.9094160494761
3023174,85.49918240805988
3023175,3790.667736934468
3023176,6.631324700106063
3023177,6.989795649383382
3023178,24.248681791823287
3023179,5.799990055764852
3023180,6.989795649383382
3023181,303.93532038143303
3023182,9.085688800311232
3023183,9.804264161609638
3023184,9.804264161609638
3023185,0.0
3023186,6.989795649383382
3023187,177.57248179484557
3023188,254.03996133668306
3023189,7.7083710106817875
3023190,9.804264161609638
3023191,140.54878804354976
3023192,12.845130823240368
3023193,627.9248894149821
3023194,6.989795649383382
3023195,11.327990301801094
3023196,10.73901658255528
3023197,8.64312343162743
3023198,0.0
3023199,1461.3405797526382
3023200,8.64312343162743
3023201,208.57683283735113
3023202,0.0
3023203,680.0932401405101
3023204,242.07814413153667
3023205,75.69423182182618
3023206,84.10890051305626
3023207,14.514775619290049
3023208,2045.714818050774
3023209,0.0
3023210,8.64312343162743
3023211,0.0
3023212,0.5377298843777112
3023213,8.64312343162743
3023214,118.91664207211645
3023215,10.73901658255528
3023216,11.457591943853686
3023217,11.457591943853686
3023218,32.44820552438563
3023219,8.64312343162743
3023220,71.84712013606276
3023221,58.94401033822248
3023222,9.361698792925836
3023223,11.457591943853686
3023224,42.00046817480694
3023225,12.17011493896888
3023226,292.7181224241467
3023227,8.64312343162743
3023228,0.0
3023229,22.130017255069504
3023230,20.034124104141654
3023231,20.034124104141654
3023232,2615.969880678954
3023233,20.034124104141654
3023234,421.21559462614215
3023235,10.809739556882334
3023236,1421.7145224258823
3023237,705.195159680138
3023238,467.2372874298027
3023239,320.5898843103053
3023240,87.76902679695979
3023241,3564.1885136486303
3023242,6.1130739551873035
3023243,20.034124104141654
3023244,0.0
3023245,0.0
3023246,20.034124104141654
3023247,262.30099414491167
3023248,22.130017255069504
3023249,22.84859261636791
3023250,22.84859261636791
3023251,6.016481831589658
3023252,20.034124104141654
3023253,192.94153807834977
3023254,308.3977803129153
3023255,20.75269946544006
3023256,22.84859261636791
3023257,194.7039986138476
3023258,32.32410881113469
3023259,750.2130549587657
3023260,20.034124104141654
3023261,10.809739556882334
3023262,6.75280871310315
3023263,3.938340200876894
3023264,0.0
3023265,2677.859062152134
3023266,3.938340200876894
3023267,421.14486434014646
3023268,8.276534853294606
3023269,891.5317481124993
3023270,757.9392154942888
3023271,275.1859784100843
3023272,175.19037121397972
3023273,158.61886088328308
3023274,3319.0082549464496
3023275,0.0
3023276,3.938340200876894
3023277,8.178456854663239
3023278,84.8640122439055
3023279,3.938340200876894
3023280,305.7699739723546
3023281,10.232405316157156
3023282,10.232405316157156
3023283,0.0
3023284,69.44531431626217
3023285,4.6569155621753
3023286,259.9899600719898
3023287,257.5581144092588
3023288,4.6569155621753
3023289,6.75280871310315
3023290,269.72346640139233
3023291,100.18086459840339
3023292,2021.386882855297
3023293,3.938340200876894
3023294,0.0
3023295,15.192484878604262
3023296,12.378016366378006
3023297,0.0
3023298,2102.8307998196415
3023299,12.378016366378006
3023300,279.0903218898353
3023301,20.195807621849724
3023302,937.6917112666941
3023303,668.0067176863215
3023304,76.75905442533565
3023305,106.60153866592273
3023306,75.51185873743435
3023307,2887.1847621430256
3023308,0.0
3023309,12.378016366378006
3023310,22.935953570583706
3023311,45.77988782785275
3023312,12.378016366378006
3023313,268.2159195174562
3023314,18.672081481658267
3023315,15.192484878604262
3023316,18.672081481658267
3023317,0.0
3023318,13.096591727676412
3023319,193.84778450103815
3023320,132.31613499159468
3023321,13.096591727676412
3023322,15.192484878604262
3023323,201.13463385333532
3023324,32.794751391774696
3023325,1846.2954230370142
3023326,12.378016366378006
3023327,39.92112283064006
3023328,9.037394291790804
3023329,6.222925779564548
3023330,0.0
3023331,2828.994743295876
3023332,6.222925779564548
3023333,470.86633318116685
3023334,10.56112043198226
3023335,1515.3315613150023
3023336,676.4170580694935
3023337,435.6803490259758
3023338,515.4224835254681
3023339,116.94659155302818
3023340,3999.977467714692
3023341,0.0
3023342,6.222925779564548
3023343,23.481811922004454
3023344,9.385432914023625
3023345,6.222925779564548
3023346,269.6039832201283
3023347,12.51699089484481
3023348,12.51699089484481
3023349,1.1495203740104785
3023350,0.0
3023351,6.941501140862954
3023352,210.17652164858978
3023353,411.1310599787584
3023354,6.941501140862954
3023355,9.037394291790804
3023356,170.65537042668464
3023357,60.727191296939395
3023358,1379.3844848215522
3023359,64.76415897789576
3023360,14.040717035036266
3023361,25.665770136743447
3023362,22.85130162451719
3023363,7.779847392539978
3023364,2757.9708023878184
3023365,22.85130162451719
3023366,338.604737015697
3023367,30.669092879988966
3023368,797.1805699849035
3023369,777.1999223674924
3023370,151.1976793872735
3023371,252.81074221517542
3023372,172.98395676010685
3023373,3160.7783786551217
3023374,0.0
3023375,22.85130162451719
3023376,27.091418278303593
3023377,29.66852630372898
3023378,22.85130162451719
3023379,139.56099795475728
3023380,29.145366739797453
3023381,29.145366739797453
3023382,25.665770136743447
3023383,122.45330813715677
3023384,23.569876985815597
3023385,282.90605404313317
3023386,207.9482603066355
3023387,23.569876985815597
3023388,29.145366739797453
3023389,300.23659684269285
3023390,135.97783986444725
3023391,2007.8257464174387
3023392,23.569876985815597
3023393,115.01562298343774
3023394,16.49465641983926
3023395,14.39876326891141
3023396,0.0
3023397,2691.048216844625
3023398,14.39876326891141
3023399,376.224321971606
3023400,18.73695792132912
3023401,1351.8530667467112
3023402,512.6825570247298
3023403,311.0085558704962
3023404,278.6817768873233
3023405,110.12593162861478
3023406,4426.749727651622
3023407,17.519888922688096
3023408,14.39876326891141
3023409,0.0
3023410,25.595972302412235
3023411,14.39876326891141
3023412,408.1993623462102
3023413,17.213231781137665
3023414,17.213231781137665
3023415,17.213231781137665
3023416,46.24837999895669
3023417,15.117338630209815
3023418,184.9205650241975
3023419,283.1697886464933
3023420,15.117338630209815
3023421,17.213231781137665
3023422,189.94439823603082
3023423,58.246316256698606
3023424,680.6271440188627
3023425,14.39876326891141
3023426,18.73695792132912
3023427,5.450451929980602
3023428,3.354558779052752
3023429,0.0
3023430,2244.5840880587375
3023431,3.354558779052752
3023432,270.1940191489151
3023433,7.692753431470464
3023434,791.160632085647
3023435,638.6326127769075
3023436,194.89807058196774
3023437,151.63274213947355
3023438,92.60444268847982
3023439,2946.6067939783425
3023440,0.0
3023441,3.354558779052752
3023442,10.40352534192317
3023443,25.575516666604813
3023444,3.354558779052752
3023445,140.42508525726754
3023446,6.169027291279008
3023447,6.169027291279008
3023448,6.169027291279008
3023449,0.0
3023450,4.073134140351158
3023451,197.43158719409783
3023452,150.14596861988596
3023453,4.073134140351158
3023454,0.0
3023455,189.729816061151
3023456,35.43323317388996
3023457,1828.5159363558516
3023458,3.354558779052752
3023459,0.0
3023460,19.025318059975405
3023461,16.21084954774915
3023462,16.21084954774915
3023463,2347.6371186218375
3023464,16.21084954774915
3023465,508.5556091953848
3023466,18.76199024925421
3023467,682.6936287868245
3023468,683.6740883894163
3023469,360.92713431294163
3023470,142.82160189705925
3023471,107.37290581004297
3023472,2769.866615476688
3023473,26.578191217782432
3023474,16.21084954774915
3023475,18.663912250622843
3023476,42.23376428630917
3023477,16.21084954774915
3023478,200.67231280700577
3023479,22.50491466302941
3023480,22.50491466302941
3023481,0.0
3023482,96.9887980041243
3023483,16.929424909047555
3023484,167.51622856289833
3023485,396.30321208574225
3023486,16.929424909047555
3023487,19.025318059975405
3023488,180.91867581873672
3023489,49.56830291030843
3023490,1828.7578259745248
3023491,16.21084954774915
3023492,23.314656106153166
3023493,13.262328338061025
3023494,10.447859825834769
3023495,10.447859825834769
3023496,3836.654858297655
3023497,10.447859825834769
3023498,378.5439344119572
3023499,3.010529229488043
3023500,1628.3381481670651
3023501,755.1193213479733
3023502,423.2900197455009
3023503,332.91932432644853
3023504,111.69965491881052
3023505,3811.3649662284674
3023506,0.0
3023507,10.447859825834769
3023508,13.85397368215672
3023509,18.55063928385175
3023510,10.447859825834769
3023511,341.0973168644843
3023512,12.543752976762619
3023513,12.543752976762619
3023514,13.262328338061025
3023515,0.0
3023516,10.447859825834769
3023517,185.40335517159568
3023518,315.09074133205826
3023519,10.447859825834769
3023520,12.543752976762619
3023521,187.16581570709351
3023522,24.2807086173637
3023523,737.8459871178345
3023524,10.447859825834769
3023525,2.291953868189637
3023526,173.72171704411667
3023527,15.482516419688977
3023528,0.0
3023529,8479.713786332166
3023530,15.482516419688977
3023531,1008.9726401142345
3023532,26.32845528684112
3023533,2145.848149306899
3023534,2016.8944302560863
3023535,658.9119398012208
3023536,640.5067223767467
3023537,295.9984735054525
3023538,8872.73368848103
3023539,0.0
3023540,15.482516419688977
3023541,0.0
3023542,27.232734806961957
3023543,15.482516419688977
3023544,873.7695065016951
3023545,30.009401342347303
3023546,24.804729146649663
3023547,184.91439091260622
3023548,115.93418404809461
3023549,17.65862849289408
3023550,1006.6595692341131
3023551,586.1190572990852
3023552,17.65862849289408
3023553,0.0
3023554,925.9929712742565
3023555,265.0011571331213
3023556,7418.8657374158465
3023557,260.7601436691606
3023558,33.00798469000364
3023559,2.5119979054978216
3023560,0.21248214980784041
3023561,0.0
3023562,8644.220518632375
3023563,0.21248214980784041
3023564,1165.3580980974752
3023565,11.058421016959983
3023566,2524.383092023048
3023567,2288.2240357318633
3023568,633.6837116878105
3023569,617.0771443200329
3023570,272.5688954487391
3023571,9473.699661406848
3023572,0.0
3023573,0.21248214980784041
3023574,0.0
3023575,15.659201279695822
3023576,0.21248214980784041
3023577,1028.6994287207526
3023578,37.231145715505875
3023579,9.534694876768526
3023580,0.0
3023581,241.5217272856385
3023582,2.3885942230129444
3023583,983.2299911773994
3023584,764.4376931508282
3023585,2.3885942230129444
3023586,9.534694876768526
3023587,903.9681900770031
3023588,242.97637593586853
3023589,5560.337048250667
3023590,432.5335113382127
3023591,32.781766353800606
3023592,14.801256508041376
3023593,15.52988836403182
3023594,14.863268622985629
3023595,5551.966217189004
3023596,15.52988836403182
3023597,673.5839494651367
3023598,24.81894871323567
3023599,1877.8509780916975
3023600,1520.6123790166655
3023601,515.5732430834454
3023602,271.46625728413966
3023603,176.34720823496156
3023604,6887.9023726965725
3023605,0.0
3023606,15.52988836403182
3023607,12.19788498966642
3023608,69.79816427751615
3023609,15.52988836403182
3023610,622.3254181677846
3023611,42.66254275306056
3023612,23.295222573044214
3023613,47.67924383387964
3023614,0.0
3023615,16.248463725330225
3023616,688.3727291224377
3023617,558.4156253945141
3023618,16.248463725330225
3023619,50.39193211928671
3023620,517.6868315224317
3023621,130.99496588079523
3023622,2494.9138157428547
3023623,38.92787796380816
3023624,0.0
3023625,190.9804477593137
3023626,33.33996529462803
3023627,35.878752783957395
3023628,7277.3877402700255
3023629,33.33996529462803
3023630,846.4655887620045
3023631,45.657173255512305
3023632,1914.6014318095151
3023633,1918.7651147033052
3023634,347.6952430289892
3023635,506.85028834334065
3023636,178.10176231334202
3023637,8507.1490120251
3023638,0.0
3023639,33.33996529462803
3023640,50.72056519939258
3023641,89.54977826985754
3023642,33.33996529462803
3023643,844.4698557241414
3023644,102.77776761465145
3023645,44.13344711532085
3023646,28.021309536388173
3023647,0.0
3023648,35.516077367833134
3023649,923.7567601816385
3023650,413.69273766837205
3023651,35.516077367833134
3023652,44.13344711532085
3023653,844.4949590812429
3023654,132.74951995917564
3023655,5007.383839795445
3023656,346.45833153090337
3023657,36.38569874501371
3023658,3.6264669606958364
3023659,2.2970518366482224
3023660,1.630432095602032
3023661,4981.112775921398
3023662,2.2970518366482224
3023663,663.6278263722393
3023664,11.586112185852073
3023665,1787.764956390895
3023666,1298.9347049544735
3023667,489.032652398384
3023668,241.31900954341174
3023669,146.19996049423358
3023670,6653.960814378358
3023671,0.0
3023672,2.2970518366482224
3023673,26.481336904346847
3023674,34.77315095544748
3023675,2.2970518366482224
3023676,599.0661826072088
3023677,33.03636328134343
3023678,10.062386045660617
3023679,0.0
3023680,138.18502307611632
3023681,3.0156271979466283
3023682,658.2254813817098
3023683,480.53777900212145
3023684,3.0156271979466283
3023685,37.15909559190311
3023686,487.53958378170375
3023687,100.84771814006712
3023688,2283.324519405854
3023689,67.66127730647878
3023690,4.697785863266063
3023691,50.08410956463052
3023692,48.75469444058291
3023693,18.713446076069488
3023694,6530.084665151366
3023695,48.75469444058291
3023696,966.6463959043664
3023697,56.57248569605463
3023698,2174.7960670627117
3023699,1915.4607045484734
3023700,821.4350569879587
3023701,359.5205936435019
3023702,248.64182175302844
3023703,7436.319514750603
3023704,0.0
3023705,48.75469444058291
3023706,24.80402328364147
3023707,65.3974917495064
3023708,48.75469444058291
3023709,708.1483609570115
3023710,80.23450647660798
3023711,55.04875955586317
3023712,43.27265952811075
3023713,304.23675372581283
3023714,49.473269801881315
3023715,725.6734405008682
3023716,896.7393848127257
3023717,49.473269801881315
3023718,55.04875955586317
3023719,646.4116394004724
3023720,219.04930224015772
3023721,5291.950319803031
3023722,270.9497604248947
3023723,63.69637498020336
3023724,9.83325395227348
3023725,7.018785440047225
3023726,0.0
3023727,2008.1829664950899
3023728,7.018785440047225
3023729,233.27661572588227
3023730,11.356980092464937
3023731,693.001064832983
3023732,514.0247276667492
3023733,64.17029998044882
3023734,148.36101750199984
3023735,81.5826516412551
3023736,2818.825940274524
3023737,0.0
3023738,7.018785440047225
3023739,16.99921845668689
3023740,13.297805372748826
3023741,7.018785440047225
3023742,242.20778951534504
3023743,9.83325395227348
3023744,9.114678590975075
3023745,0.0
3023746,0.0
3023747,7.018785440047225
3023748,173.15776564820285
3023749,166.5120125801138
3023750,7.018785440047225
3023751,9.83325395227348
3023752,186.4580914236773
3023753,23.778048741520422
3023754,1785.2278778286463
3023755,7.018785440047225
3023756,113.28515286048653
3023757,12.447173511087783
3023758,9.632704998861527
3023759,0.0
3023760,4262.336813674234
3023761,9.632704998861527
3023762,453.2982138195017
3023763,18.921765348065378
3023764,1345.1024321010086
3023765,939.9316306481184
3023766,314.34714430588036
3023767,97.48991387950588
3023768,5.118882459579879
3023769,5240.826621813141
3023770,0.0
3023771,9.632704998861527
3023772,19.382728011282836
3023773,23.167480541207794
3023774,9.632704998861527
3023775,524.8794087670215
3023776,72.4714446241918
3023777,11.728598149789377
3023778,12.447173511087783
3023779,0.0
3023780,10.351280360159933
3023781,398.48881725674266
3023782,383.28869662625726
3023783,10.351280360159933
3023784,12.447173511087783
3023785,463.14022038085994
3023786,0.0
3023787,1629.2678516233384
3023788,58.84397605792458
3023789,0.0
3023790,16.72691339133752
3023791,14.631020240409669
3023792,14.631020240409669
3023793,4568.440162839646
3023794,14.631020240409669
3023795,581.4081421547943
3023796,18.96921489282738
3023797,1606.7343637792517
3023798,1318.7359602805634
3023799,480.18700141508134
3023800,417.7457459813203
3023801,194.19764878533798
3023802,5103.423672038968
3023803,0.0
3023804,14.631020240409669
3023805,28.938278948223513
3023806,44.44120286732698
3023807,14.631020240409669
3023808,526.3318149989116
3023809,16.72691339133752
3023810,17.445488752635924
3023811,17.445488752635924
3023812,198.9962406139251
3023813,14.631020240409669
3023814,698.4805556952265
3023815,378.7891598920439
3023816,15.349595601708074
3023817,7.185129190554221
3023818,559.1363489080586
3023819,131.76105120324675
3023820,4150.280167636306
3023821,14.631020240409669
3023822,18.846546923825997
3023823,72.9095315914937
3023824,70.09506307926745
3023825,0.0
3023826,3412.8575127638455
3023827,70.09506307926745
3023828,898.6240187565108
3023829,60.87067853200807
3023830,1305.2409257400861
3023831,1359.981520287277
3023832,699.0509041773515
3023833,123.31993695546021
3023834,44.76561524100782
3023835,5271.337975742176
3023836,64.90339943730538
3023837,70.09506307926745
3023838,27.158022877796952
3023839,30.94277540772191
3023840,70.09506307926745
3023841,458.8786415368149
3023842,72.1909562301953
3023843,72.1909562301953
3023844,72.1909562301953
3023845,313.03194885136423
3023846,70.09506307926745
3023847,156.6875740990714
3023848,782.6564338745861
3023849,70.09506307926745
3023850,72.1909562301953
3023851,163.74959755551035
3023852,23.053964713232062
3023853,3471.89330583515
3023854,70.09506307926745
3023855,73.32856176313845
3023856,17.5035681393324
3023857,14.689099627106145
3023858,21.71916187159735
3023859,2039.6673144918543
3023860,14.689099627106145
3023861,380.2047397033184
3023862,17.240240328611264
3023863,850.9336543048348
3023864,708.7476593456199
3023865,211.6835541798251
3023866,201.35690617755014
3023867,167.11092943196203
3023868,2927.88147165078
3023869,1.732144965755026
3023870,14.689099627106145
3023871,13.66256572692589
3023872,39.11207473539014
3023873,14.689099627106145
3023874,225.64004757941225
3023875,16.784992778033995
3023876,16.784992778033995
3023877,16.784992778033995
3023878,108.58818792354168
3023879,14.689099627106145
3023880,297.9093762131064
3023881,253.42988091145546
3023882,14.689099627106145
3023883,16.784992778033995
3023884,240.8587769586883
3023885,110.71112339168849
3023886,1646.5544802350987
3023887,14.689099627106145
3023888,16.37887743897312
3023889,10.945243727345769
3023890,8.130775215119513
3023891,8.130775215119513
3023892,2122.6106818314256
3023893,8.130775215119513
3023894,247.02145125887986
3023895,0.0
3023896,944.0446733864253
3023897,338.3174974080134
3023898,157.77175023326268
3023899,156.90489753711768
3023900,113.6906511466947
3023901,2966.185353437887
3023902,0.0
3023903,8.130775215119513
3023904,0.0
3023905,3.5049782709238
3023906,8.130775215119513
3023907,235.81706449793006
3023908,10.226668366047363
3023909,10.226668366047363
3023910,10.226668366047363
3023911,40.85123432051245
3023912,8.130775215119513
3023913,138.7015985048824
3023914,160.75951591114313
3023915,8.130775215119513
3023916,10.226668366047363
3023917,144.35882510186067
3023918,12.02734973738336
3023919,380.2076025712458
3023920,8.130775215119513
3023921,0.0
3023922,18.296958497851506
3023923,15.48248998562525
3023924,3.088892843010626
3023925,2883.506777456337
3023926,15.48248998562525
3023927,320.9224268621482
3023928,24.771550334829044
3023929,890.6667073601012
3023930,762.9490050238205
3023931,170.18847128951862
3023932,162.7745931342263
3023933,125.97392275573785
3023934,4286.811737460877
3023935,0.0
3023936,15.48248998562525
3023937,25.763258433555222
3023938,41.111090143998524
3023939,15.48248998562525
3023940,189.9334139041251
3023941,23.247824194637644
3023942,23.247824194637644
3023943,39.8444823734327
3023944,80.56539945736591
3023945,16.201065346923656
3023946,294.39971142944717
3023947,200.23175244221713
3023948,16.201065346923656
3023949,23.247824194637644
3023950,318.79489086787146
3023951,90.37260271953886
3023952,2431.702678454863
3023953,16.201065346923656
3023954,88.4200186485034
3023955,11.497814090747738
3023956,8.683345578521482
3023957,9.401920939819888
3023958,4442.56707153579
3023959,8.683345578521482
3023960,517.4885728135339
3023961,16.5011368339932
3023962,1116.797203600614
3023963,1311.3079877774758
3023964,319.70916672845493
3023965,374.9380985833829
3023966,162.83995667758856
3023967,3556.717876154848
3023968,0.0
3023969,8.683345578521482
3023970,3.3584954786986145
3023971,17.86420081317243
3023972,8.683345578521482
3023973,552.3331883632218
3023974,14.977410693801744
3023975,19.82218427817645
3023976,11.497814090747738
3023977,72.27727863978566
3023978,9.401920939819888
3023979,559.4665724364924
3023980,203.71074346924584
3023981,9.401920939819888
3023982,0.0
3023983,478.7999744766355
3023984,119.74803475890135
3023985,4477.677184918057
3023986,9.401920939819888
3023987,85.45085708552386
3023988,26.60184316810893
3023989,23.787374655882672
3023990,1.2705112465658885
3023991,4834.352322856879
3023992,23.787374655882672
3023993,557.5679714399491
3023994,31.60516591135439
3023995,1351.1507459715024
3023996,1475.0469157402954
3023997,437.04546962350923
3023998,286.21333602190214
3023999,222.16977954015965
3024000,4619.260645943676
3024001,0.0
3024002,23.787374655882672
3024003,11.727594847351213
3024004,32.430599357174
3024005,23.787374655882672
3024006,594.4510353599184
3024007,30.081439771162934
3024008,30.081439771162934
3024009,0.0
3024010,85.55766981695331
3024011,24.50595001718108
3024012,634.9191077628551
3024013,443.5827246969509
3024014,24.50595001718108
3024015,30.081439771162934
3024016,554.2525098029985
3024017,179.07785762147273
3024018,4156.034489943435
3024019,24.50595001718108
3024020,93.01867221332736
3024021,9.681192130378747
3024022,6.866723618152491
3024023,1.0473911107575873
3024024,3684.6345623848724
3024025,6.866723618152491
3024026,468.3147158250384
3024027,14.68451487362421
3024028,1664.6602277148356
3024029,876.6344589958986
3024030,464.0422280178516
3024031,530.1352959735555
3024032,144.9605443246705
3024033,6320.116037617998
3024034,0.0
3024035,6.866723618152491
3024036,26.893136307613588
3024037,26.745028324933912
3024038,6.866723618152491
3024039,235.13895441620622
3024040,13.160788733432753
3024041,13.160788733432753
3024042,6.396877876064252
3024043,0.0
3024044,7.585298979450897
3024045,261.6746457875722
3024046,399.80273983153955
3024047,7.585298979450897
3024048,13.160788733432753
3024049,275.11042252565136
3024050,110.81968713878544
3024051,1246.2795649562963
3024052,65.08432703977854
3024053,6.74684124299722
3024054,14.63055515249846
3024055,11.816086640272204
3024056,0.0
3024057,2110.942794519786
3024058,11.816086640272204
3024059,333.62698486811723
3024060,21.105146989475998
3024061,635.5224231327502
3024062,544.4822506290253
3024063,140.08239446428857
3024064,192.645356492626
3024065,112.81857103755729
3024066,2319.6980563053567
3024067,0.0
3024068,11.816086640272204
3024069,17.527472387790624
3024070,37.982317332005096
3024071,11.816086640272204
3024072,149.25223223994104
3024073,19.581420849284598
3024074,19.581420849284598
3024075,14.63055515249846
3024076,40.06344827916217
3024077,12.53466200157061
3024078,273.49429330151577
3024079,154.04815804763322
3024080,12.53466200157061
3024081,2.78757639276688
3024082,232.14722727376432
3024083,77.21725100135819
3024084,1751.9260009460436
3024085,12.53466200157061
3024086,0.0
3024087,0.0
3024088,0.0
3024089,0.0
3024090,956.9862677510669
3024091,0.0
3024092,208.7949898565551
3024093,0.0
3024094,531.9598696051838
3024095,346.2802232335622
3024096,235.57772211649313
3024097,53.52009934955214
3024098,15.685339429839985
3024099,1852.6575712576625
3024100,0.0
3024101,0.0
3024102,0.0
3024103,0.0
3024104,0.0
3024105,140.97610777085256
3024106,0.0
3024107,0.0
3024108,0.0
3024109,13.71832825045908
3024110,0.0
3024111,98.48853324282152
3024112,182.87176713691537
3024113,0.0
3024114,0.0
3024115,123.748741294251
3024116,55.61579551369624
3024117,390.3847689330865
3024118,0.0
3024119,0.0
3024120,5.185565853584933
3024121,2.371097341358677
3024122,0.0
3024123,3796.143218373315
3024124,2.371097341358677
3024125,478.56899944896554
3024126,10.188888596830395
3024127,1390.6043096517471
3024128,929.3650332601543
3024129,391.46266983006603
3024130,165.92171631912683
3024131,114.12888789394245
3024132,6194.667473821375
3024133,0.0
3024134,2.371097341358677
3024135,8.272339208866242
3024136,22.249402048140098
3024137,2.371097341358677
3024138,258.09157166349553
3024139,5.185565853584933
3024140,5.185565853584933
3024141,8.665162456638939
3024142,0.0
3024143,3.089672702657083
3024144,242.51630555942558
3024145,376.30948100614404
3024146,3.089672702657083
3024147,8.665162456638939
3024148,244.27876609492338
3024149,79.98803070805718
3024150,1841.9805524598642
3024151,56.44407273629241
3024152,0.0
3024153,5.1845114039657005
3024154,2.3700428917394447
3024155,2.3700428917394447
3024156,1829.4804467243523
3024157,2.3700428917394447
3024158,324.79477682373454
3024159,0.0
3024160,869.5264116259535
3024161,578.7097095556599
3024162,222.59971947130592
3024163,81.32712801746948
3024164,89.96876568869345
3024165,2722.2613588673494
3024166,0.0
3024167,2.3700428917394447
3024168,0.0
3024169,0.0
3024170,2.3700428917394447
3024171,194.5953451231904
3024172,4.465936042667295
3024173,4.465936042667295
3024174,26.898135391085646
3024175,0.0
3024176,2.3700428917394447
3024177,146.46604948308087
3024178,192.25606113451997
3024179,2.3700428917394447
3024180,4.465936042667295
3024181,153.5280729395198
3024182,30.46439945849653
3024183,292.7617689165904
3024184,0.0
3024185,0.0
3024186,5.1845114039657005
3024187,2.3700428917394447
3024188,2.3700428917394447
3024189,1581.8327272700196
3024190,2.3700428917394447
3024191,258.2947732199683
3024192,0.0
3024193,785.3181272776217
3024194,537.4769650983035
3024195,280.2197928557157
3024196,81.32712801746948
3024197,121.60870448940926
3024198,2550.9805783953198
3024199,0.0
3024200,2.3700428917394447
3024201,0.0
3024202,0.0
3024203,2.3700428917394447
3024204,218.60122484836208
3024205,4.465936042667295
3024206,4.465936042667295
3024207,5.1845114039657005
3024208,0.0
3024209,2.3700428917394447
3024210,145.83265609793594
3024211,285.5166729839841
3024212,2.3700428917394447
3024213,4.465936042667295
3024214,153.5280729395198
3024215,30.46439945849653
3024216,317.04237418044715
3024217,24.08366687885939
3024218,0.0
3024219,2.5314936436630546
3024220,0.4356004927352046
3024221,0.0
3024222,1582.9543979454374
3024223,0.4356004927352046
3024224,247.1841823663621
3024225,0.0
3024226,890.9059932920123
3024227,471.9479414796343
3024228,209.6961447255136
3024229,77.27322869515905
3024230,79.63868686797309
3024231,2686.9113704035935
3024232,0.0
3024233,0.4356004927352046
3024234,0.0
3024235,0.0
3024236,0.4356004927352046
3024237,230.68669445826455
3024238,2.5314936436630546
3024239,2.5314936436630546
3024240,3.2500690049614605
3024241,38.563205701315724
3024242,0.4356004927352046
3024243,154.4333202635558
3024244,208.71678479100345
3024245,0.4356004927352046
3024246,2.5314936436630546
3024247,160.09054686053406
3024248,27.75907149605689
3024249,739.4411797465386
3024250,0.4356004927352046
3024251,0.0
3024252,4.047847789913419
3024253,1.951954638985569
3024254,1.951954638985569
3024255,1834.1598712560333
3024256,1.951954638985569
3024257,280.3325777330791
3024258,0.0
3024259,878.2017622102113
3024260,388.0180202132612
3024261,176.32593084519428
3024262,72.56413421245543
3024263,57.41088213790516
3024264,3011.629318492335
3024265,0.0
3024266,1.951954638985569
3024267,7.09149139835074
3024268,0.0
3024269,1.951954638985569
3024270,229.882877026973
3024271,4.766423151211825
3024272,4.047847789913419
3024273,4.766423151211825
3024274,0.0
3024275,1.951954638985569
3024276,132.16404784623782
3024277,196.55179286041547
3024278,1.951954638985569
3024279,4.047847789913419
3024280,139.85946468782166
3024281,7.527989323344627
3024282,1138.169624391402
3024283,56.4272865891478
3024284,0.0
3024285,10.641990870439031
3024286,7.827522358212775
3024287,7.827522358212775
3024288,1723.1955082128807
3024289,7.827522358212775
3024290,237.35208521501076
3024291,0.0
3024292,688.434218575811
3024293,328.74068643619717
3024294,159.5334180620188
3024295,66.38884340160894
3024296,66.76260454776684
3024297,2129.3222862836537
3024298,0.0
3024299,7.827522358212775
3024300,0.0
3024301,3.201725414017062
3024302,7.827522358212775
3024303,215.71395832261064
3024304,10.641990870439031
3024305,9.923415509140625
3024306,10.641990870439031
3024307,0.0
3024308,7.827522358212775
3024309,131.87561876742436
3024310,132.17028179369746
3024311,7.827522358212775
3024312,10.641990870439031
3024313,149.20616156698404
3024314,16.87468620250678
3024315,792.3110324537715
3024316,7.827522358212775
3024317,0.0
3024318,9.65486069131316
3024319,6.840392179086905
3024320,17.212677070607526
3024321,2635.5680368027297
3024322,6.840392179086905
3024323,416.66182647503007
3024324,14.658183434558566
3024325,1279.5336776934705
3024326,719.3122468947561
3024327,454.64622109573145
3024328,244.54609491620033
3024329,244.91985606235772
3024330,3789.020447638899
3024331,19.14964441952776
3024332,6.840392179086905
3024333,34.56795499680641
3024334,39.10135598179653
3024335,6.840392179086905
3024336,357.3188593983097
3024337,13.134457294367166
3024338,13.134457294367166
3024339,66.25277309170951
3024340,74.91267671421684
3024341,7.558967540385311
3024342,213.5052883686519
3024343,367.14527674535987
3024344,7.558967540385311
3024345,13.134457294367166
3024346,284.04796569733855
3024347,106.43402105560412
3024348,1855.992672529144
3024349,85.32225609651101
3024350,23.84631002122279
3024351,0.0
3024352,0.0
3024353,0.0
3024354,1881.34434146814
3024355,0.0
3024356,122.10956813172382
3024357,0.0
3024358,544.8192617704252
3024359,249.04126699488683
3024360,0.0
3024361,0.0
3024362,0.0
3024363,2505.554815836992
3024364,0.0
3024365,0.0
3024366,0.0
3024367,0.0
3024368,0.0
3024369,227.16327058403598
3024370,0.0
3024371,84.78902350058348
3024372,0.0
3024373,0.0
3024374,0.0
3024375,0.0
3024376,0.0
3024377,0.0
3024378,0.0
3024379,0.0
3024380,0.0
3024381,2765.903005836359
3024382,76.70054564192151
3024383,0.0
3024384,4.766423151211825
3024385,1.951954638985569
3024386,0.0
3024387,2244.90921490095
3024388,1.951954638985569
3024389,229.66606689162305
3024390,0.0
3024391,964.9912012714314
3024392,416.53589770873106
3024393,176.32593084519428
3024394,73.1975275976003
3024395,73.57128874375798
3024396,3056.893648730278
3024397,0.0
3024398,1.951954638985569
3024399,0.0
3024400,0.5844807394345821
3024401,1.951954638985569
3024402,219.46509217155153
3024403,4.766423151211825
3024404,4.047847789913419
3024405,4.766423151211825
3024406,0.0
3024407,1.951954638985569
3024408,132.79744123138275
3024409,193.51986588134983
3024410,1.951954638985569
3024411,4.047847789913419
3024412,139.85946468782166
3024413,7.527989323344627
3024414,507.05961578697816
3024415,73.3183315994633
3024416,0.0
3024417,11.957450279746638
3024418,9.142981767520382
3024419,9.861557128818788
3024420,2705.467514684956
3024421,9.142981767520382
3024422,284.4264547553011
3024423,17.756390410099414
3024424,790.0411053609746
3024425,671.5620475229148
3024426,0.0
3024427,187.2015251884973
3024428,99.62467332367765
3024429,3646.2963003604755
3024430,0.0
3024431,9.142981767520382
3024432,14.854367515038803
3024433,35.309212459253274
3024434,9.142981767520382
3024435,174.3641826214605
3024436,16.908315976532776
3024437,16.908315976532776
3024438,11.957450279746638
3024439,0.0
3024440,9.861557128818788
3024441,226.22509057947596
3024442,176.51862200565532
3024443,9.861557128818788
3024444,16.908315976532776
3024445,286.7858016564074
3024446,64.02335328747847
3024447,1760.8287684587635
3024448,9.861557128818788
3024449,82.08051043039848
3024450,15.118251611640744
3024451,12.303783099414488
3024452,13.022358460712894
3024453,3095.6592152500734
3024454,12.303783099414488
3024455,324.0331656937226
3024456,18.334520403973556
3024457,958.2074594741921
3024458,758.3317899985641
3024459,386.28301782055746
3024460,181.55756967991888
3024461,70.74762650169765
3024462,4456.624038135235
3024463,0.0
3024464,12.303783099414488
3024465,25.142314534784816
3024466,29.838980136479847
3024467,12.303783099414488
3024468,303.94146851565074
3024469,18.59784821469475
3024470,75.49576309733993
3024471,6.431341060927366
3024472,4.642587567037253
3024473,13.022358460712894
3024474,200.83164031158353
3024475,342.5973436746524
3024476,13.022358460712894
3024477,18.59784821469475
3024478,201.02084582353976
3024479,66.85039734390699
3024480,1169.0207587767836
3024481,105.6155519505023
3024482,0.0
3024483,8.720348943552551
3024484,5.905880431326295
3024485,5.905880431326295
3024486,2372.988763547357
3024487,5.905880431326295
3024488,366.734950758958
3024489,8.457021132831358
3024490,896.3981003256048
3024491,713.8908460175694
3024492,306.2916970035168
3024493,118.84714744391121
3024494,77.89538321935152
3024495,3538.337926012899
3024496,7.239952134190332
3024497,5.905880431326295
3024498,18.3719235209889
3024499,28.16983056216958
3024500,5.905880431326295
3024501,269.26153549151167
3024502,8.720348943552551
3024503,8.97301223310376
3024504,8.720348943552551
3024505,42.38966032726711
3024506,5.905880431326295
3024507,122.27041046283341
3024508,345.6535202331301
3024509,5.905880431326295
3024510,8.720348943552551
3024511,135.70618720091255
3024512,0.0
3024513,1760.1305497171109
3024514,5.905880431326295
3024515,8.457021132831358
3024516,7.0188252801643785
3024517,4.9229321292365285
3024518,2.632958160426142
3024519,1462.0280223557697
3024520,4.9229321292365285
3024521,251.96656286220252
3024522,11.967132785387378
3024523,762.2931547034144
3024524,289.78996469370645
3024525,137.17365560040028
3024526,82.05560919099992
3024527,124.03701723391637
3024528,2034.139841200449
3024529,2.058831867748154
3024530,4.9229321292365285
3024531,30.656487466144483
3024532,24.518930978864773
3024533,4.9229321292365285
3024534,164.7998352093827
3024535,7.0188252801643785
3024536,7.0188252801643785
3024537,12.230460596108571
3024538,15.72371841644059
3024539,4.9229321292365285
3024540,99.58218001637294
3024541,204.10192837618487
3024542,4.9229321292365285
3024543,7.0188252801643785
3024544,105.23940661335124
3024545,0.0
3024546,689.3864970628197
3024547,75.48921293606583
3024548,6.755497469443185
3024549,0.0
3024550,0.0
3024551,0.0
3024552,1608.6160800270764
3024553,0.0
3024554,144.50397632138547
3024555,3.998686258093187
3024556,705.0671060934083
3024557,394.1137377965042
3024558,55.96980972081036
3024559,142.48286379993314
3024560,8.602129693577183
3024561,1755.9304532568406
3024562,0.0
3024563,0.0
3024564,0.42101165640781346
3024565,0.0
3024566,0.0
3024567,102.9415427105634
3024568,2.4749601179016736
3024569,0.0
3024570,0.0
3024571,0.0
3024572,0.0
3024573,188.28170885455737
3024574,24.455925792356595
3024575,0.0
3024576,0.0
3024577,180.5799377216106
3024578,25.649961449204795
3024579,1111.8077112957744
3024580,0.0
3024581,77.74624349963045
3024582,16.57153050728232
3024583,14.475637356354468
3024584,14.475637356354468
3024585,3071.650164789361
3024586,14.475637356354468
3024587,546.2441763420841
3024588,18.81383200877218
3024589,1040.377792007619
3024590,1255.7725934183743
3024591,355.70875621352525
3024592,205.25811002463192
3024593,113.88716742845159
3024594,3600.1330675090335
3024595,0.0
3024596,14.475637356354468
3024597,18.715754010140813
3024598,91.5329764448091
3024599,14.475637356354468
3024600,173.99818659167508
3024601,16.57153050728232
3024602,17.290105868580724
3024603,17.290105868580724
3024604,117.94561614962376
3024605,14.475637356354468
3024606,290.0576988826421
3024607,438.7149249822071
3024608,15.194212717652874
3024609,17.290105868580724
3024610,309.1199859178845
3024611,117.67712160332943
3024612,2737.6363266261765
3024613,14.475637356354468
3024614,0.0
3024615,6.735516286719587
3024616,4.639623135791737
3024617,4.639623135791737
3024618,2080.44717385837
3024619,4.639623135791737
3024620,123.36262924896968
3024621,0.0
3024622,456.3060348640224
3024623,291.83800912030904
3024624,0.0
3024625,53.25567753792939
3024626,0.0
3024627,1797.9463226426442
3024628,0.0
3024629,4.639623135791737
3024630,0.0
3024631,0.0
3024632,4.639623135791737
3024633,75.46787776089587
3024634,6.735516286719587
3024635,7.454091648017993
3024636,7.454091648017993
3024637,8.971611480551417
3024638,5.358198497090143
3024639,94.15268824010445
3024640,14.690011681891178
3024641,4.639623135791737
3024642,7.454091648017993
3024643,91.3527514596068
3024644,0.0
3024645,982.1161159992265
3024646,4.639623135791737
3024647,69.8853209380535
3024648,17.214255336043493
3024649,15.118362185115643
3024650,15.118362185115643
3024651,1121.6627326846183
3024652,15.118362185115643
3024653,87.7015163800599
3024654,5.89397763785621
3024655,272.6353368668366
3024656,163.603807017991
3024657,50.872848794334175
3024658,52.391664655017394
3024659,0.0
3024660,1171.0160690354785
3024661,0.0
3024662,15.118362185115643
3024663,0.0
3024664,10.492565240919873
3024665,15.118362185115643
3024666,0.0
3024667,17.214255336043493
3024668,17.9328306973419
3024669,17.9328306973419
3024670,17.40224787874712
3024671,15.118362185115643
3024672,72.5248023919903
3024673,0.0
3024674,15.836937546414049
3024675,17.9328306973419
3024676,29.506210470415112
3024677,0.0
3024678,869.1084819352841
3024679,15.118362185115643
3024680,7.763971853700866
3024681,0.0
3024682,0.0
3024683,0.0
3024684,2528.63348922662
3024685,0.0
3024686,358.2903362337376
3024687,2.348365344614706
3024688,842.1951650448528
3024689,772.418490730744
3024690,121.1706988541151
3024691,184.90086944772267
3024692,51.9355353789436
3024693,3009.675374081229
3024694,0.0
3024695,0.0
3024696,0.0
3024697,0.0
3024698,0.0
3024699,197.16640234991428
3024700,0.0
3024701,0.8246392044232493
3024702,0.0
3024703,42.51400046647285
3024704,0.0
3024705,221.76766312581267
3024706,226.56202210128444
3024707,0.0
3024708,0.0
3024709,208.48738124303017
3024710,54.927159334984424
3024711,1794.9664302748154
3024712,0.0
3024713,0.0
3024714,24.527269899054374
3024715,22.431376748126524
3024716,2.861795884278763
3024717,2919.4823200465744
3024718,22.431376748126524
3024719,375.1707630658314
3024720,26.769571400544294
3024721,1136.1196754955326
3024722,733.6877381542497
3024723,265.5621204241672
3024724,122.70178923858751
3024725,116.95181980514073
3024726,3772.502536826136
3024727,22.072905798849263
3024728,22.431376748126524
3024729,37.61301585321297
3024730,12.453751952957305
3024731,22.431376748126524
3024732,316.66763822405505
3024733,24.527269899054374
3024734,6.295086450297674
3024735,25.24584526035278
3024736,96.47518097820898
3024737,22.431376748126524
3024738,181.68795109847164
3024739,290.9007488700562
3024740,23.14995210942493
3024741,25.24584526035278
3024742,142.79845876735325
3024743,56.52606864367266
3024744,2568.631918310227
3024745,22.431376748126524
3024746,26.769571400544294
3024747,8.114941044634065
3024748,6.019047893706215
3024749,6.019047893706215
3024750,2453.747271230985
3024751,6.019047893706215
3024752,468.04929250999845
3024753,8.57018859521122
3024754,1051.8115380022205
3024755,733.2992046378859
3024756,417.6335191896848
3024757,187.14784157504317
3024758,196.65274170216247
3024759,3587.2522637322327
3024760,3.8735229935161897
3024761,6.019047893706215
3024762,48.67648311249212
3024763,53.37314871418715
3024764,6.019047893706215
3024765,405.2896728088752
3024766,8.114941044634065
3024767,91.11893778362088
3024768,8.833516405932471
3024769,117.61358389802817
3024770,6.019047893706215
3024771,176.6030084232921
3024772,421.19032569535705
3024773,6.737623255004621
3024774,8.833516405932471
3024775,206.61111771866405
3024776,43.54715830436925
3024777,2702.0674685632002
3024778,6.019047893706215
3024779,8.57018859521122
3024780,28.778499805176182
3024781,22.9358836812695
3024782,3.6244275023284445
3024783,7360.827853510304
3024784,22.9358836812695
3024785,819.3198418071471
3024786,33.781822548421644
3024787,1572.25275795671
3024788,1902.8241973440438
3024789,202.54879858192749
3024790,536.1094720826903
3024791,183.47155191957438
3024792,7048.376204224518
3024793,0.0
3024794,22.9358836812695
3024795,11.190428817144664
3024796,0.0
3024797,22.9358836812695
3024798,601.709926134956
3024799,32.25809640823019
3024800,172.40555358591126
3024801,0.0
3024802,1.1705760885137124
3024803,25.111995754474606
3024804,884.8152438236432
3024805,236.00929872188973
3024806,25.111995754474606
3024807,32.25809640823019
3024808,804.1486458637863
3024809,195.3445167014408
3024810,6588.828283920675
3024811,25.111995754474606
3024812,88.16802299918584
3024813,0.0
3024814,0.0
3024815,0.0
3024816,1244.4352095295844
3024817,0.0
3024818,214.31505900595275
3024819,0.0
3024820,418.71758807803144
3024821,314.54235025146545
3024822,75.81866459886788
3024823,0.0
3024824,0.8327921313668867
3024825,1736.8627901817051
3024826,0.0
3024827,0.0
3024828,0.0
3024829,0.0
3024830,0.0
3024831,210.12253171834777
3024832,0.0
3024833,0.0
3024834,0.0
3024835,0.0
3024836,0.0
3024837,75.4106972636734
3024838,56.08727071550601
3024839,0.0
3024840,0.0
3024841,92.74124006323308
3024842,0.0
3024843,843.697786922101
3024844,0.0
3024845,0.0
3024846,21.54573456684028
3024847,18.731266054614025
3024848,18.731266054614025
3024849,2758.673171323703
3024850,18.731266054614025
3024851,373.01880488764596
3024852,23.069460707031737
3024853,1216.0898496818081
3024854,764.0655803309181
3024855,352.5740432474726
3024856,151.8423912573355
3024857,95.63575747220966
3024858,3700.2722517701754
3024859,18.372795105336706
3024860,18.731266054614025
3024861,33.912905159700415
3024862,7.209577401244019
3024863,18.731266054614025
3024864,310.67499820441105
3024865,20.827159205541875
3024866,20.827159205541875
3024867,14.508836903636961
3024868,0.0
3024869,18.731266054614025
3024870,216.14029940293082
3024871,318.606217177957
3024872,18.731266054614025
3024873,21.54573456684028
3024874,217.90275993842866
3024875,55.65104623384349
3024876,2402.6349389551597
3024877,18.731266054614025
3024878,22.35088534573333
3024879,0.23151955509018762
3024880,0.0
3024881,0.0
3024882,1139.198313983757
3024883,0.0
3024884,151.51759949473072
3024885,0.0
3024886,318.7821638443735
3024887,167.181532365824
3024888,60.08618691132551
3024889,0.0
3024890,9.187702854333452
3024891,1616.7554508835096
3024892,0.0
3024893,0.0
3024894,0.0
3024895,0.0
3024896,0.0
3024897,145.19791992705422
3024898,0.23151955509018762
3024899,0.9500949163885934
3024900,0.9500949163885934
3024901,3.8059928606124913
3024902,0.0
3024903,50.81715847675076
3024904,54.14334236776824
3024905,0.0
3024906,0.9500949163885934
3024907,68.14770127631044
3024908,39.19836294860778
3024909,752.7768265755985
3024910,0.0
3024911,0.0
3024912,16.59595815345449
3024913,13.781489641228234
3024914,13.781489641228234
3024915,2229.4263774757765
3024916,13.781489641228234
3024917,374.45149547960824
3024918,18.119684293645946
3024919,1156.2601621623571
3024920,510.90973053273217
3024921,253.13709107691648
3024922,97.52396784332723
3024923,98.5311223746296
3024924,3302.001295674287
3024925,13.423018691950915
3024926,13.781489641228234
3024927,1.3059340395658978
3024928,22.71827189670961
3024929,13.781489641228234
3024930,406.2186191647571
3024931,15.877382792156084
3024932,15.877382792156084
3024933,20.075554756508495
3024934,31.037747346774324
3024935,13.781489641228234
3024936,169.14505157989484
3024937,286.3119044766828
3024938,13.781489641228234
3024939,16.59595815345449
3024940,175.43567156201797
3024941,43.10419619754083
3024942,1386.6835635638397
3024943,13.781489641228234
3024944,17.40110893234754
3024945,8.120374062698431
3024946,6.024480911770581
3024947,6.024480911770581
3024948,2474.8399042438564
3024949,6.024480911770581
3024950,310.5993808439061
3024951,10.362675564188294
3024952,991.7349918980153
3024953,714.8806150202649
3024954,285.2662562947531
3024955,106.84916122421234
3024956,51.79915814786244
3024957,3649.965309819002
3024958,5.666009962493263
3024959,6.024480911770581
3024960,0.0
3024961,4.834675318152051
3024962,6.024480911770581
3024963,313.43694624102284
3024964,8.120374062698431
3024965,1.7846267410349128
3024966,8.838949423996837
3024967,9.770072769241096
3024968,6.024480911770581
3024969,163.96952450427378
3024970,251.63656795186006
3024971,6.743056273068987
3024972,8.838949423996837
3024973,126.94583075297786
3024974,0.0
3024975,1382.2180203816622
3024976,6.024480911770581
3024977,10.362675564188294
3024978,9.719583027633973
3024979,7.623689876706123
3024980,7.623689876706123
3024981,1461.7843527784075
3024982,7.623689876706123
3024983,208.34694921812098
3024984,0.0
3024985,570.6812801564754
3024986,254.7003912256505
3024987,57.396872354542666
3024988,0.0
3024989,10.350260012973195
3024990,1960.9722185979592
3024991,0.0
3024992,7.623689876706123
3024993,0.0
3024994,0.0
3024995,7.623689876706123
3024996,151.44790402408455
3024997,9.719583027633973
3024998,10.43815838893238
3024999,10.43815838893238
3025000,16.835412944965015
3025001,7.623689876706123
3025002,61.091329256083554
3025003,59.3877833639923
3025004,8.34226523800453
3025005,0.0
3025006,67.38194923820674
3025007,1.4143240589896777
3025008,639.610685659473
3025009,7.623689876706123
3025010,0.0
3025011,19.120345896882554
3025012,17.024452745954704
3025013,17.024452745954704
3025014,2313.7896091851817
3025015,17.024452745954704
3025016,281.5858249278816
3025017,7.800068198695385
3025018,978.8728512363614
3025019,701.9545291812783
3025020,382.34007771920227
3025021,97.87127321643328
3025022,91.48791039784169
3025023,3432.548932128732
3025024,3.103402597000354
3025025,17.024452745954704
3025026,18.82669239202994
3025027,23.340178253059094
3025028,17.024452745954704
3025029,315.32236939153574
3025030,19.120345896882554
3025031,9.94534185616385
3025032,19.83892125818096
3025033,57.89387371889359
3025034,17.024452745954704
3025035,180.195509395105
3025036,281.4971637186392
3025037,17.74302810725311
3025038,19.83892125818096
3025039,181.95796993060284
3025040,19.578080127889905
3025041,2523.362002518019
3025042,17.024452745954704
3025043,7.800068198695385
3025044,3.311724993381347
3025045,0.497256481155091
3025046,0.497256481155091
3025047,2526.2096573044105
3025048,0.497256481155091
3025049,377.3187821326611
3025050,4.835451133572803
3025051,853.6161605153497
3025052,753.5308569093958
3025053,209.31606098735026
3025054,161.19040165016375
3025055,88.90465692244896
3025056,3144.662973725019
3025057,0.0
3025058,0.497256481155091
3025059,4.737373134941436
3025060,0.3776112689241131
3025061,0.497256481155091
3025062,280.06499309197545
3025063,6.791321596435353
3025064,6.791321596435353
3025065,3.311724993381347
3025066,55.44534475244609
3025067,1.2158318424534968
3025068,245.9899905081739
3025069,215.77259268865632
3025070,1.2158318424534968
3025071,3.311724993381347
3025072,255.72349683757633
3025073,86.1808950345872
3025074,2283.944553795105
3025075,0.497256481155091
3025076,0.0
3025077,8.439946466597405
3025078,5.625477954371149
3025079,6.344053315669555
3025080,1952.9365670023076
3025081,5.625477954371149
3025082,245.74231897230254
3025083,13.443269209842867
3025084,918.1809155142029
3025085,644.2978863172605
3025086,0.0
3025087,90.11264292885801
3025088,59.02296300036949
3025089,3186.054612204905
3025090,0.0
3025091,5.625477954371149
3025092,16.18341515857685
3025093,12.74390901614828
3025094,5.625477954371149
3025095,238.22707345225913
3025096,11.91954306965141
3025097,8.439946466597405
3025098,11.91954306965141
3025099,0.0
3025100,6.344053315669555
3025101,177.3588887639735
3025102,98.19925613564686
3025103,6.344053315669555
3025104,8.439946466597405
3025105,184.64573811627062
3025106,16.30585565470983
3025107,1653.8912854031582
3025108,5.625477954371149
3025109,0.0
3025110,0.8249772477446413
3025111,0.0
3025112,0.0
3025113,2490.7715211283594
3025114,0.0
3025115,426.6341184123652
3025116,2.348703387936098
3025117,1069.8144422675523
3025118,639.2505972367526
3025119,294.8292865740686
3025120,133.24331991395988
3025121,77.03668612883433
3025122,3892.6378719546233
3025123,0.0
3025124,0.0
3025125,0.0
3025126,19.966060479653322
3025127,0.0
3025128,239.80132566042457
3025129,4.304573850798647
3025130,46.5241589124048
3025131,0.8249772477446413
3025132,0.0
3025133,0.0
3025134,192.22774727948584
3025135,349.89704881604575
3025136,0.0
3025137,0.8249772477446413
3025138,152.7065960575807
3025139,42.77841692783528
3025140,2585.846421584518
3025141,0.0
3025142,5.828299990990104
3025143,13.98273462111274
3025144,11.168266108886485
3025145,0.0
3025146,2603.3606099077415
3025147,11.168266108886485
3025148,284.4579463034378
3025149,18.98605736435826
3025150,756.4772949769385
3025151,703.3017234082494
3025152,0.0
3025153,228.49006414658575
3025154,148.66327869151704
3025155,2962.0085191299554
3025156,0.0
3025157,11.168266108886485
3025158,21.68690387203634
3025159,17.985490788098275
3025160,11.168266108886485
3025161,137.65348438166734
3025162,17.462331224166746
3025163,17.462331224166746
3025164,13.98273462111274
3025165,42.29400738696626
3025166,11.88684147018489
3025167,258.58537597454347
3025168,162.23412737232
3025169,11.88684147018489
3025170,17.462331224166746
3025171,275.9159187741031
3025172,111.65716179585726
3025173,1827.089423601411
3025174,11.88684147018489
3025175,103.33258746780683
3025176,15.47522286491784
3025177,13.37932971398999
3025178,0.0
3025179,2540.1156928528085
3025180,13.37932971398999
3025181,375.99443835237577
3025182,17.7175243664077
3025183,1365.9908527918053
3025184,502.0205553243727
3025185,310.8922102385811
3025186,101.91029702250563
3025187,102.91745155380812
3025188,4281.294002052178
3025189,16.500455367766676
3025190,13.37932971398999
3025191,0.0
3025192,161.86720536509105
3025193,13.37932971398999
3025194,396.2096240863126
3025195,16.193798226216245
3025196,16.193798226216245
3025197,16.193798226216245
3025198,30.63558741953608
3025199,14.097905075288395
3025200,174.16477414421834
3025201,277.80752943853724
3025202,14.097905075288395
3025203,16.193798226216245
3025204,179.18860735605168
3025205,47.490525376719404
3025206,1850.1692888696352
3025207,13.37932971398999
3025208,17.7175243664077
3025209,0.0
3025210,0.0
3025211,0.0
3025212,2143.1975152514096
3025213,0.0
3025214,228.0953396571526
3025215,0.9402150194636079
3025216,756.2249067389987
3025217,618.180276582591
3025218,0.0
3025219,135.1438464024088
3025220,0.0
3025221,2789.920558436871
3025222,0.0
3025223,0.0
3025224,8.385996290049661
3025225,11.909834131412254
3025226,0.0
3025227,177.87549258952683
3025228,0.0
3025229,0.0
3025230,0.0
3025231,0.0
3025232,0.0
3025233,180.94269145703313
3025234,103.34935755842676
3025235,0.0
3025236,0.0
3025237,173.24092032408626
3025238,18.94433743682532
3025239,1636.1117987219955
3025240,0.0
3025241,91.32462606759555
3025242,17.242074040265322
3025243,14.427605528039066
3025244,6.06031388995541
3025245,2234.454901134571
3025246,14.427605528039066
3025247,513.7498615455727
3025248,16.97874622954413
3025249,694.9852771449775
3025250,660.7813688778017
3025251,335.21856997202985
3025252,130.4794720332549
3025253,165.7934556968703
3025254,2637.5166078469265
3025255,27.549712993946684
3025256,14.427605528039066
3025257,16.88066823091276
3025258,26.88051421153017
3025259,14.427605528039066
3025260,323.64599354157104
3025261,20.721670643319328
3025262,20.721670643319328
3025263,17.242074040265322
3025264,84.64666814032
3025265,15.146180889337472
3025266,155.17409869909397
3025267,395.16064612768685
3025268,15.146180889337472
3025269,17.242074040265322
3025270,168.57654595493236
3025271,37.22617304650413
3025272,1749.1956740849037
3025273,14.427605528039066
3025274,21.531412086443083
3025275,10.252656979874075
3025276,7.438188467647819
3025277,0.0
3025278,3787.2941873163363
3025279,7.438188467647819
3025280,376.3238129894614
3025281,0.0008578713010933825
3025282,1201.0269114483908
3025283,778.927008387258
3025284,398.87172230651254
3025285,106.49361976293338
3025286,98.95362623556554
3025287,3714.728470586207
3025288,0.0
3025289,7.438188467647819
3025290,0.0
3025291,0.0
3025292,7.438188467647819
3025293,357.3852625536726
3025294,9.53408161857567
3025295,75.65993985241187
3025296,10.252656979874075
3025297,0.0
3025298,7.438188467647819
3025299,172.65732648835106
3025300,313.54427655456243
3025301,7.438188467647819
3025302,9.53408161857567
3025303,174.41978702384884
3025304,11.534679934118913
3025305,2007.6123568695493
3025306,7.438188467647819
3025307,0.0
3025308,183.8642213013724
3025309,0.0
3025310,0.0
3025311,8343.076018428925
3025312,0.0
3025313,992.9987555854126
3025314,4.961769893232088
3025315,2008.021743078965
3025316,1935.6203957037212
3025317,474.52176009049765
3025318,590.8967610068304
3025319,250.73736163498882
3025320,8609.949707512395
3025321,0.0
3025322,0.0
3025323,0.0
3025324,0.0
3025325,0.0
3025326,794.9537871651153
3025327,253.84328030786585
3025328,3.438043753040631
3025329,150.16769996385065
3025330,233.5714751166236
3025331,0.0
3025332,957.0496078641969
3025333,509.83188763520985
3025334,0.0
3025335,3.438043753040631
3025336,876.3830099043399
3025337,215.39119576320536
3025338,8073.579851071054
3025339,251.48295956791
3025340,15.088488682595141
3025341,0.0
3025342,0.0
3025343,0.0
3025344,8320.589383771163
3025345,0.0
3025346,920.0882400975306
3025347,0.0
3025348,1990.425541856782
3025349,2030.9104160999727
3025350,280.31084364101764
3025351,551.3839454595102
3025352,241.3325599214396
3025353,9023.922313480243
3025354,0.0
3025355,0.0
3025356,0.0
3025357,5.738968951199695
3025358,0.0
3025359,607.202173926825
3025360,0.0
3025361,0.0
3025362,0.0
3025363,5.8069931523444325
3025364,0.0
3025365,917.5367923168764
3025366,519.1678351508835
3025367,0.0
3025368,0.0
3025369,838.2749912164804
3025370,177.28317707534563
3025371,5444.941886875535
3025372,234.6926647792784
3025373,17.964768320488872
3025374,6.640133255338299
3025375,7.368765111328742
3025376,6.702145370282551
3025377,5406.010991659732
3025378,7.368765111328742
3025379,598.4747982760631
3025380,16.657825460532592
3025381,1681.69429664856
3025382,1456.0473499349173
3025383,332.36108184752385
3025384,215.87612259042584
3025385,90.09870849277621
3025386,6680.7332606240225
3025387,0.0
3025388,7.368765111328742
3025389,26.70827659465266
3025390,65.53748966511756
3025391,7.368765111328742
3025392,553.4556679152887
3025393,130.5067830326223
3025394,15.134099320341136
3025395,13.23468018147895
3025396,47.30100581501205
3025397,8.087340472627147
3025398,632.782594428724
3025399,489.6985714965013
3025400,8.087340472627147
3025401,42.23080886658363
3025402,553.5207933283282
3025403,75.4048311870813
3025404,2274.138275747487
3025405,10.840607443815145
3025406,0.0
3025407,169.16273074385012
3025408,11.5222482791645
3025409,14.06103576849381
3025410,6996.889776335626
3025411,11.5222482791645
3025412,706.7876832686344
3025413,23.839456240048776
3025414,1712.464744736382
3025415,1727.1725497374978
3025416,37.455545909008265
3025417,437.6035598868665
3025418,79.94453932686525
3025419,8466.835894902426
3025420,0.0
3025421,11.5222482791645
3025422,40.62101957310756
3025423,33.10466576368026
3025424,11.5222482791645
3025425,661.356611076835
3025426,14.141424502376026
3025427,22.31573009985732
3025428,17.72067502875234
3025429,44.36506437019216
3025430,13.698360352369605
3025431,854.5100317251647
3025432,211.55605059523901
3025433,13.698360352369605
3025434,22.31573009985732
3025435,775.2482306247687
3025436,63.502791502701484
3025437,4721.958219526862
3025438,191.7506558987808
3025439,18.015171115750547
3025440,0.0
3025441,0.0
3025442,0.0
3025443,4827.642347871058
3025444,0.0
3025445,588.5186751831658
3025446,3.4249889331489953
3025447,1712.6558052018213
3025448,1367.4609677587341
3025449,305.82049116246236
3025450,185.7288748496978
3025451,59.951460752048206
3025452,6508.211196144431
3025453,0.0
3025454,0.0
3025455,18.32021365164377
3025456,52.304653137733965
3025457,0.0
3025458,575.8224295573539
3025459,0.0
3025460,1.9012627929575387
3025461,0.0
3025462,0.0
3025463,0.0
3025464,602.6353466879962
3025465,405.42862781304785
3025466,0.0
3025467,28.997972339200032
3025468,523.3735455876002
3025469,45.257583446353294
3025470,1859.355645696129
3025471,46.373234849476546
3025472,0.0
3025473,32.617495706362774
3025474,31.28808058231516
3025475,1.2468322178017388
3025476,6198.772097183174
3025477,31.28808058231516
3025478,820.5629623271052
3025479,39.10587183778688
3025480,1788.1116938857976
3025481,1720.3653351502471
3025482,522.0898064864703
3025483,294.6249683442236
3025484,204.20241282238226
3025485,7130.126759679559
3025486,0.0
3025487,31.28808058231516
3025488,7.337409425373721
3025489,21.64743749154104
3025490,31.28808058231516
3025491,680.2604256344039
3025492,3.294628270188241
3025493,37.58214569759542
3025494,0.0
3025495,72.98760103656338
3025496,32.006655943613566
3025497,660.77781520159
3025498,582.0822750013793
3025499,32.006655943613566
3025500,37.58214569759542
3025501,525.4467761773919
3025502,154.1536769408791
3025503,5010.87580269164
3025504,81.977724533887
3025505,49.6769505081362
3025506,3.080715540266624
3025507,0.26624702804036815
3025508,0.0
3025509,1813.35883190461
3025510,0.26624702804036815
3025511,197.5700335251806
3025512,4.6044416804580806
3025513,618.4286910236699
3025514,444.3243703928226
3025515,0.0
3025516,131.87212176493514
3025517,65.09375590419017
3025518,2661.4475470534967
3025519,0.0
3025520,0.26624702804036815
3025521,1.8486013590469383
3025522,14.943345646375064
3025523,0.26624702804036815
3025524,212.218943450148
3025525,3.080715540266624
3025526,2.362140178968218
3025527,0.0
3025528,0.0
3025529,0.26624702804036815
3025530,156.6688699111381
3025531,122.82362974359748
3025532,0.26624702804036815
3025533,3.080715540266624
3025534,169.9691956866126
3025535,7.28915300445567
3025536,1592.8237401947902
3025537,0.26624702804036815
3025538,106.5326144484797
3025539,9.216547362008555
3025540,6.402078849782299
3025541,0.0
3025542,3836.0453838955455
3025543,6.402078849782299
3025544,424.7875545482711
3025545,15.69113919898615
3025546,1288.7464157801464
3025547,967.186970946519
3025548,149.7772711202264
3025549,49.73156151731729
3025550,0.0
3025551,5102.314653545354
3025552,0.0
3025553,6.402078849782299
3025554,32.69450800579074
3025555,36.479260535715696
3025556,6.402078849782299
3025557,474.8159492732306
3025558,0.0
3025559,8.49797200071015
3025560,9.216547362008555
3025561,0.0
3025562,7.120654211080705
3025563,350.730464894554
3025564,318.64817027602766
3025565,7.120654211080705
3025566,9.216547362008555
3025567,415.3818680186712
3025568,0.0
3025569,1401.6380625646377
3025570,29.70223612242495
3025571,0.0
3025572,3.499565557689891
3025573,1.4036724067620412
3025574,0.0
3025575,4140.110155055892
3025576,1.4036724067620412
3025577,501.23276638477614
3025578,5.741867059179754
3025579,1537.4803405459202
3025580,1349.9520874973623
3025581,192.33224023992838
3025582,357.08938670666197
3025583,82.408589546222
3025584,4564.420295792149
3025585,0.0
3025586,1.4036724067620412
3025587,15.710931114575885
3025588,31.21385503367935
3025589,1.4036724067620412
3025590,609.2023850780996
3025591,3.499565557689891
3025592,4.218140918988297
3025593,4.218140918988297
3025594,0.0
3025595,1.4036724067620412
3025596,637.8241964205681
3025597,344.58703112079235
3025598,2.122247768060447
3025599,0.0
3025600,498.47998963340046
3025601,71.10469192858847
3025602,3910.5388626679796
3025603,1.4036724067620412
3025604,9.06638847637879
3025605,60.53664153234894
3025606,57.72217302012268
3025607,0.0
3025608,3222.8497210234623
3025609,57.72217302012268
3025610,786.9775038773935
3025611,48.497788472863306
3025612,1208.7735295108869
3025613,1038.6680111495612
3025614,556.8623011264029
3025615,101.21068957125772
3025616,75.92374226231954
3025617,5003.3817485105155
3025618,57.02006412776234
3025619,57.72217302012268
3025620,14.785132818652187
3025621,0.0
3025622,57.72217302012268
3025623,462.8197333147101
3025624,59.81806617105053
3025625,0.0
3025626,59.81806617105053
3025627,0.0
3025628,57.72217302012268
3025629,134.57832671486872
3025630,685.1513693245748
3025631,57.72217302012268
3025632,59.81806617105053
3025633,141.64035017130766
3025634,0.9447173290294586
3025635,2615.365808484886
3025636,57.72217302012268
3025637,65.44522645359518
3025638,20.02817928047898
3025639,17.213710768252724
3025640,17.213710768252724
3025641,2060.3981472124365
3025642,17.213710768252724
3025643,394.4443745906484
3025644,19.764851469757843
3025645,861.0122392860104
3025646,768.6266977076697
3025647,198.89030649950791
3025648,194.14515999363888
3025649,217.7453549775336
3025650,2708.201460717734
3025651,8.746310856503271
3025652,17.213710768252724
3025653,16.18717686807247
3025654,57.99740988808048
3025655,17.213710768252724
3025656,232.1842019595989
3025657,19.309603919180574
3025658,19.309603919180574
3025659,19.309603919180574
3025660,101.37644173963037
3025661,17.213710768252724
3025662,290.6976300291951
3025663,338.4809478552345
3025664,17.213710768252724
3025665,19.309603919180574
3025666,233.64703077477705
3025667,103.49937720777723
3025668,1536.1539980996452
3025669,17.213710768252724
3025670,175.04153072830837
3025671,9.925810172424463
3025672,7.111341660198207
3025673,0.0
3025674,2016.983946000546
3025675,7.111341660198207
3025676,223.45663938686556
3025677,0.0
3025678,1001.0837793873757
3025679,338.0876137887832
3025680,143.40798631230294
3025681,50.78571605650632
3025682,100.94316324005939
3025683,2772.2693990417683
3025684,0.0
3025685,7.111341660198207
3025686,0.0
3025687,2.4855447160024937
3025688,7.111341660198207
3025689,230.08936826521216
3025690,9.207234811126057
3025691,9.207234811126057
3025692,9.207234811126057
3025693,0.0
3025694,7.111341660198207
3025695,127.94580762490324
3025696,161.2032889369127
3025697,7.111341660198207
3025698,9.207234811126057
3025699,133.60303422188144
3025700,1.2715588574041021
3025701,714.033080688709
3025702,7.111341660198207
3025703,0.0
3025704,10.688326849515022
3025705,7.873858337288766
3025706,0.0
3025707,2687.482230482671
3025708,7.873858337288766
3025709,283.33290456758164
3025710,17.16291868649256
3025711,861.8227692001326
3025712,792.3360215503226
3025713,22.320170546014992
3025714,142.52831893293077
3025715,105.72764855444214
3025716,4046.5446817412767
3025717,0.0
3025718,7.873858337288766
3025719,13.585244084807186
3025720,22.85129238691377
3025721,7.873858337288766
3025722,186.3443254948288
3025723,15.63919254630116
3025724,15.63919254630116
3025725,5.9524103253986596
3025726,0.0
3025727,8.592433698587172
3025728,274.15343722815163
3025729,169.7303660282591
3025730,8.592433698587172
3025731,15.63919254630116
3025732,298.548616666576
3025733,70.12632851824304
3025734,2221.5609528411596
3025735,8.592433698587172
3025736,80.81138700016686
3025737,4.854297565477111
3025738,2.0398290532508554
3025739,2.758404414549261
3025740,4251.519277785061
3025741,2.0398290532508554
3025742,437.806261092555
3025743,9.857620308722574
3025744,1013.142497105944
3025745,1344.7195349215017
3025746,131.92384496062792
3025747,320.8655706171016
3025748,52.05467149228474
3025749,3353.3742879365996
3025750,0.0
3025751,2.0398290532508554
3025752,0.0
3025753,0.0
3025754,2.0398290532508554
3025755,507.6396507963425
3025756,8.333894168531117
3025757,13.178667752905824
3025758,0.0
3025759,8.395710940725621
3025760,2.758404414549261
3025761,505.39404447021104
3025762,210.13669121857404
3025763,2.758404414549261
3025764,8.333894168531117
3025765,424.7274465103542
3025766,65.67550679262007
3025767,4233.709205539367
3025768,2.758404414549261
3025769,78.8073405602533
3025770,19.9583266428383
3025771,17.143858130612045
3025772,17.86243349191045
3025773,2615.5047125371116
3025774,17.143858130612045
3025775,573.100893909883
3025776,24.961649386083764
3025777,1199.3286146551193
3025778,1109.0229811233453
3025779,384.21012957559503
3025780,232.14080805562085
3025781,168.09725157387828
3025782,3631.4972098314424
3025783,0.0
3025784,17.143858130612045
3025785,14.649045075689799
3025786,26.08064038609342
3025787,17.143858130612045
3025788,512.2533504087862
3025789,23.437923245892307
3025790,23.437923245892307
3025791,0.0
3025792,84.96013397683316
3025793,17.86243349191045
3025794,580.8465797965739
3025795,494.1459594422966
3025796,17.86243349191045
3025797,23.437923245892307
3025798,500.17998183671705
3025799,125.00532965519119
3025800,3507.873649550604
3025801,17.86243349191045
3025802,0.0
3025803,0.0
3025804,0.0
3025805,0.0
3025806,3603.047623135765
3025807,0.0
3025808,418.33789166390955
3025809,3.6287736651518685
3025810,1158.7583107905484
3025811,827.3312914797698
3025812,412.79830499606794
3025813,173.05998898842338
3025814,121.26716056323906
3025815,5639.505702898025
3025816,0.0
3025817,0.0
3025818,0.0
3025819,0.0
3025820,0.0
3025821,204.18713841344024
3025822,2.105047524960412
3025823,0.0
3025824,0.0
3025825,0.0
3025826,0.0
3025827,237.9812620261408
3025828,356.8916696064712
3025829,0.0
3025830,2.105047524960412
3025831,251.41703876421997
3025832,87.1263033773539
3025833,1828.2015808922633
3025834,31.958708750903213
3025835,0.0
3025836,11.658518777653171
3025837,8.844050265426915
3025838,9.562625626725321
3025839,2365.125829224272
3025840,8.844050265426915
3025841,448.7461923188319
3025842,18.13311061463071
3025843,671.934797659231
3025844,650.2305311084637
3025845,178.20725375665083
3025846,236.1089231278957
3025847,148.67171831234364
3025848,2921.5952584162155
3025849,0.0
3025850,8.844050265426915
3025851,64.63683775817248
3025852,80.5223000019754
3025853,8.844050265426915
3025854,153.38358086674035
3025855,16.60938447443931
3025856,10.362355482448493
3025857,11.658518777653171
3025858,110.70954904890604
3025859,9.562625626725321
3025860,316.9578599367852
3025861,241.08797627459342
3025862,9.562625626725321
3025863,45.327559062737066
3025864,275.6107939090339
3025865,120.68081763662778
3025866,3657.182086082646
3025867,9.562625626725321
3025868,141.61745701534292
3025869,29.07853796159594
3025870,0.0
3025871,13.332970685990404
3025872,2193.090622637721
3025873,0.0
3025874,46.147314318865085
3025875,25.94932464094296
3025876,118.43612999429592
3025877,402.25794339204447
3025878,0.0
3025879,77.97881134834216
3025880,87.72270022105732
3025881,3563.245940331859
3025882,0.0
3025883,0.0
3025884,0.0
3025885,0.0
3025886,0.0
3025887,711.1768442042701
3025888,6.853553225902658
3025889,4.5762579704746145
3025890,7.788417842267108
3025891,5.376220237774987
3025892,5.692524691339258
3025893,161.94436268317781
3025894,0.0
3025895,5.692524691339258
3025896,37.98817770042854
3025897,159.9113426890208
3025898,0.0
3025899,483.2266393016366
3025900,0.0
3025901,0.0
3025902,1.0531484606843833
3025903,0.0
3025904,37.931366485878755
3025905,3732.0338673312685
3025906,0.0
3025907,458.3671188130693
3025908,6.056471203929846
3025909,1318.9503749291912
3025910,1347.0288655053441
3025911,384.88553409383394
3025912,214.60384651142695
3025913,156.35819104402017
3025914,6178.32438097745
3025915,0.0
3025916,0.0
3025917,49.65194086078128
3025918,46.80474719325889
3025919,0.0
3025920,210.06367090300253
3025921,40.64608169059926
3025922,1.0531484606843833
3025923,4.532745063738389
3025924,0.0
3025925,0.0
3025926,245.68641670691005
3025927,358.4489895220617
3025928,0.0
3025929,4.532745063738389
3025930,247.44887724240783
3025931,83.1581418555416
3025932,1169.1942201897166
3025933,0.0
3025934,0.0
3025935,13.064208709029344
3025936,10.249740196803089
3025937,10.249740196803089
3025938,1827.7658091997912
3025939,10.249740196803089
3025940,283.98187305167096
3025941,1.0253556495436555
3025942,815.729234790127
3025943,681.0568897355128
3025944,213.50671267453004
3025945,109.39823507360262
3025946,61.906454925986736
3025947,2923.6219119797693
3025948,0.0
3025949,10.249740196803089
3025950,2.561811361349328
3025951,7.095212346339451
3025952,10.249740196803089
3025953,206.073398259212
3025954,12.345633347730939
3025955,12.345633347730939
3025956,24.955148846280338
3025957,0.0
3025958,10.249740196803089
3025959,129.0251374943983
3025960,204.54458513817536
3025961,10.249740196803089
3025962,12.345633347730939
3025963,136.08716095083724
3025964,13.023487469814029
3025965,91.96080295385144
3025966,0.0
3025967,0.3067802882452497
3025968,13.064208709029344
3025969,10.249740196803089
3025970,10.249740196803089
3025971,1660.980471930175
3025972,10.249740196803089
3025973,286.3658802761015
3025974,1.0253556495436555
3025975,708.7853961474012
3025976,613.7721222909666
3025977,214.82974156128054
3025978,109.39823507360262
3025979,149.67981154554207
3025980,2796.643963545757
3025981,0.0
3025982,10.249740196803089
3025983,2.561811361349328
3025984,7.095212346339451
3025985,10.249740196803089
3025986,210.15876709756841
3025987,12.345633347730939
3025988,12.345633347730939
3025989,13.064208709029344
3025990,0.0
3025991,10.249740196803089
3025992,128.39174410925338
3025993,250.0594402180805
3025994,10.249740196803089
3025995,12.345633347730939
3025996,136.08716095083724
3025997,13.023487469814029
3025998,91.96080295385144
3025999,10.249740196803089
3026000,0.3067802882452497
3026001,2.8824725745215574
3026002,0.7865794235937074
3026003,0.0
3026004,1554.0031059656603
3026005,0.7865794235937074
3026006,265.2381400636125
3026007,0.0
3026008,803.9274290705418
3026009,570.1193762711674
3026010,250.0258799035845
3026011,95.32718639240966
3026012,52.18062552040783
3026013,2874.308465305448
3026014,0.0
3026015,0.7865794235937074
3026016,0.0
3026017,0.0
3026018,0.7865794235937074
3026019,187.68802610610894
3026020,2.8824725745215574
3026021,2.8824725745215574
3026022,3.601047935819963
3026023,40.0543800122951
3026024,0.7865794235937074
3026025,126.97525891599065
3026026,129.68801947822453
3026027,0.7865794235937074
3026028,2.8824725745215574
3026029,132.63248551296886
3026030,0.30101014849174135
3026031,310.30316870967226
3026032,0.0
3026033,0.0
3026034,9.58998562262559
3026035,7.494092471697741
3026036,7.494092471697741
3026037,1724.1777309956935
3026038,7.494092471697741
3026039,236.16786293820695
3026040,0.05676187535095778
3026041,797.8885363248144
3026042,765.5933612107175
3026043,163.21693250301743
3026044,97.28343024577958
3026045,98.29058477708196
3026046,3168.2475756275953
3026047,0.0
3026048,7.494092471697741
3026049,41.78492426433462
3026050,46.318325249324744
3026051,7.494092471697741
3026052,219.10285980382793
3026053,10.308560983923996
3026054,9.58998562262559
3026055,10.308560983923996
3026056,0.0
3026057,7.494092471697741
3026058,111.3713248347465
3026059,166.01182296520747
3026060,7.494092471697741
3026061,9.58998562262559
3026062,119.06674167633034
3026063,5.087219047585393
3026064,294.5562491279604
3026065,38.59743263847912
3026066,0.05676187535095778
3026067,0.0
3026068,8.178501289071278
3026069,8.178501289071278
3026070,1842.7242532352545
3026071,8.178501289071278
3026072,268.66111253091793
3026073,0.0
3026074,825.3624421897715
3026075,613.7526777271087
3026076,23.098509987256307
3026077,73.65808311749299
3026078,73.91768344163722
3026079,2724.257364030122
3026080,0.0
3026081,8.178501289071278
3026082,0.0
3026083,0.0
3026084,8.178501289071278
3026085,655.4592534844842
3026086,10.992969801297534
3026087,10.274394439999128
3026088,10.992969801297534
3026089,61.44959246810174
3026090,0.0
3026091,137.39395060784688
3026092,0.0
3026093,8.178501289071278
3026094,0.0
3026095,157.91817356468084
3026096,0.0
3026097,760.5045480812764
3026098,8.178501289071278
3026099,0.0
3026100,6.982799840713994
3026101,4.168331328487739
3026102,4.886906689786144
3026103,2598.1981746393335
3026104,4.168331328487739
3026105,364.28291299684656
3026106,11.9861225839594
3026107,1191.0062531247622
3026108,993.2773006179199
3026109,409.31714434507154
3026110,261.0511922662132
3026111,106.45676818819774
3026112,3932.7816521495665
3026113,16.477583568928594
3026114,4.168331328487739
3026115,77.40791319102271
3026116,81.94131417601284
3026117,4.168331328487739
3026118,340.01880921321725
3026119,10.462396443768
3026120,10.462396443768
3026121,54.50808242110065
3026122,74.85499067795865
3026123,4.886906689786144
3026124,184.49836667384923
3026125,328.2082972857607
3026126,4.886906689786144
3026127,10.462396443768
3026128,209.7585747252787
3026129,77.42709936080132
3026130,790.127426083636
3026131,0.0
3026132,21.174249170623625
3026133,0.0
3026134,0.0
3026135,30.29350935657385
3026136,1808.8910709610955
3026137,0.0
3026138,148.20395651533974
3026139,0.0
3026140,474.3852601027587
3026141,556.2604298043165
3026142,0.0
3026143,0.0
3026144,0.0
3026145,1982.7205318544648
3026146,0.0
3026147,0.0
3026148,28.177051494545253
3026149,128.79666441098124
3026150,0.0
3026151,217.07475875919155
3026152,2.1233524720177
3026153,2.1233524720177
3026154,33.008224561294355
3026155,0.0
3026156,0.0
3026157,0.0
3026158,0.0
3026159,0.0
3026160,2.1233524720177
3026161,0.0
3026162,0.0
3026163,748.7786794825738
3026164,45.885001541592544
3026165,0.0
3026166,10.308560983923996
3026167,7.494092471697741
3026168,30.00424394455115
3026169,2138.70376632685
3026170,7.494092471697741
3026171,271.3898987329178
3026172,0.05676187535095778
3026173,912.6887687856098
3026174,794.1112387061874
3026175,139.21105277784577
3026176,97.91682363092451
3026177,98.29058477708196
3026178,3259.8873406135544
3026179,0.0
3026180,7.494092471697741
3026181,1.59321758715663
3026182,6.126618572146754
3026183,7.494092471697741
3026184,208.68507494840645
3026185,10.308560983923996
3026186,9.58998562262559
3026187,10.308560983923996
3026188,0.0
3026189,7.494092471697741
3026190,112.00471821989137
3026191,158.0991535353651
3026192,7.494092471697741
3026193,9.58998562262559
3026194,119.06674167633034
3026195,0.0
3026196,285.9575017058737
3026197,27.713402440775212
3026198,0.05676187535095778
3026199,8.98541390490135
3026200,6.170945392675094
3026201,6.8895207539735
3026202,2980.383227473772
3026203,6.170945392675094
3026204,367.44058541790014
3026205,15.460005741878888
3026206,877.5844912691994
3026207,769.8304241918986
3026208,29.18553253668216
3026209,230.66509182376697
3026210,135.47782059846392
3026211,4216.173601080856
3026212,0.0
3026213,6.170945392675094
3026214,61.963732885420654
3026215,31.62473516009601
3026216,6.170945392675094
3026217,230.15343159503067
3026218,13.936279601687488
3026219,0.0
3026220,8.98541390490135
3026221,68.38136553146285
3026222,6.8895207539735
3026223,311.5140286326565
3026224,253.1406553771938
3026225,6.8895207539735
3026226,13.936279601687488
3026227,330.2493682916769
3026228,107.48691992274811
3026229,3679.3061525924036
3026230,6.8895207539735
3026231,129.05695268660813
3026232,3.7032551999293446
3026233,0.8887866877030888
3026234,64.13111136501806
3026235,2999.9764385954113
3026236,0.8887866877030888
3026237,372.7141522191133
3026238,6.919523992262157
3026239,1003.083031206246
3026240,640.4880198936493
3026241,374.82399596663936
3026242,230.23855620530972
3026243,66.63515863037122
3026244,4657.916831509595
3026245,0.0
3026246,0.8887866877030888
3026247,66.52077251979051
3026248,71.21743812148554
3026249,0.8887866877030888
3026250,287.0343972731603
3026251,7.18285180298335
3026252,7.18285180298335
3026253,47.80979904593306
3026254,82.27280975097256
3026255,1.6073620490014946
3026256,196.7191724402572
3026257,324.4557887643745
3026258,1.6073620490014946
3026259,7.18285180298335
3026260,210.1549491783364
3026261,62.737929472580674
3026262,624.0227602356615
3026263,50.33492389929245
3026264,0.0
3026265,1.7841337861233342
3026266,0.0
3026267,0.0
3026268,2546.4669788244705
3026269,0.0
3026270,346.83147040061465
3026271,1.5208059754021406
3026272,849.9074006750211
3026273,672.9982925867612
3026274,293.438053372697
3026275,167.82767791376412
3026276,126.8759136892044
3026277,3719.217417584687
3026278,0.30373697676111533
3026279,0.0
3026280,64.22916276027678
3026281,68.92582836197181
3026282,0.0
3026283,217.3435459123726
3026284,1.7841337861233342
3026285,1.0655584248249284
3026286,1.7841337861233342
3026287,143.61654919644542
3026288,0.0
3026289,118.4574865359694
3026290,328.63882669615583
3026291,0.0
3026292,1.7841337861233342
3026293,131.8932632740486
3026294,0.0
3026295,483.0386974995872
3026296,0.0
3026297,1.5208059754021406
3026298,0.08722519221197444
3026299,0.0
3026300,0.0
3026301,1317.5853434817318
3026302,0.0
3026303,247.11971959600277
3026304,5.035532697434974
3026305,711.3488404879683
3026306,377.0025608711974
3026307,89.31378562748233
3026308,100.1084232213409
3026309,142.0898312642571
3026310,2230.46705108074
3026311,0.0
3026312,0.0
3026313,62.9483357198402
3026314,70.38078528762946
3026315,0.0
3026316,172.83339514264628
3026317,0.08722519221197444
3026318,0.08722519221197444
3026319,5.298860508156167
3026320,62.72576810532615
3026321,0.0
3026322,64.84153964999689
3026323,158.62640258448928
3026324,0.0
3026325,0.08722519221197444
3026326,70.49876624697515
3026327,0.0
3026328,291.55047776284454
3026329,24.69198120861472
3026330,0.0
3026331,0.0
3026332,0.0
3026333,0.0
3026334,1679.173414473459
3026335,0.0
3026336,227.5181069839846
3026337,1.0266498832478987
3026338,604.4524955351073
3026339,470.7357711680427
3026340,85.13038568181287
3026341,185.94643043520264
3026342,111.197242044989
3026343,2309.925396278855
3026344,0.0
3026345,0.0
3026346,0.0
3026347,31.747425421445882
3026348,0.0
3026349,145.48152538053355
3026350,0.0
3026351,3.5956183052351776
3026352,4.314193666533583
3026353,69.05440945801041
3026354,0.0
3026355,231.74527548982707
3026356,94.6858618728341
3026357,0.0
3026358,0.0
3026359,224.0435043568801
3026360,69.11352808447424
3026361,1701.2681831384803
3026362,0.0
3026363,124.72268575584008
3026364,12.143752659612517
3026365,10.047859508684667
3026366,10.047859508684667
3026367,3306.7819109226425
3026368,10.047859508684667
3026369,626.2912945184864
3026370,14.38605416110238
3026371,1107.327789245246
3026372,1379.856189874141
3026373,433.5801059878389
3026374,249.9709930626766
3026375,204.11206951131228
3026376,4317.219127622657
3026377,0.0
3026378,10.047859508684667
3026379,45.75535149196429
3026380,113.21382860588452
3026381,10.047859508684667
3026382,199.77114629726375
3026383,12.143752659612517
3026384,99.06889473073755
3026385,12.862328020910923
3026386,183.4487773703669
3026387,10.047859508684667
3026388,334.7705819206868
3026389,437.02302814160106
3026390,10.766434869983073
3026391,12.862328020910923
3026392,353.83286895592926
3026393,162.39000464137413
3026394,5997.888118104234
3026395,10.047859508684667
3026396,0.0
3026397,2.3077384390497855
3026398,0.21184528812193548
3026399,1.9919374121104738
3026400,2311.3348217880125
3026401,0.21184528812193548
3026402,201.23397902328335
3026403,0.0
3026404,534.177384638336
3026405,449.9864238344418
3026406,34.18127903349375
3026407,97.96856057597404
3026408,38.94026112498028
3026409,2100.080714039956
3026410,0.0
3026411,0.21184528812193548
3026412,0.0
3026413,26.393672490902247
3026414,0.21184528812193548
3026415,116.55211895804149
3026416,2.3077384390497855
3026417,32.05804255446924
3026418,3.0263138003481913
3026419,100.2704176891404
3026420,0.9304206494203413
3026421,138.8655712781493
3026422,92.56136145620474
3026423,0.21184528812193548
3026424,3.0263138003481913
3026425,136.0656344976516
3026426,0.0
3026427,2697.4283934706973
3026428,0.21184528812193548
3026429,115.40602172143863
3026430,14.242218961198205
3026431,12.146325810270355
3026432,12.146325810270355
3026433,1248.7818150539292
3026434,12.146325810270355
3026435,164.32354975159828
3026436,2.921941263010922
3026437,153.53521593921033
3026438,238.53167466816564
3026439,33.114093523415704
3026440,95.85523129028684
3026441,0.0
3026442,1322.32601962081
3026443,8.184550292236054
3026444,12.146325810270355
3026445,2.823863264379554
3026446,7.520528866074585
3026447,12.146325810270355
3026448,24.241987002522535
3026449,14.242218961198205
3026450,0.0
3026451,14.96079432249661
3026452,47.10260296342608
3026453,12.146325810270355
3026454,115.98836902725992
3026455,0.0
3026456,12.86490117156876
3026457,14.96079432249661
3026458,133.31891182681937
3026459,26.03223588742594
3026460,1223.947416729925
3026461,12.146325810270355
3026462,9.228395065094844
3026463,0.0
3026464,0.0
3026465,9.331423157942197
3026466,2818.846244739687
3026467,0.0
3026468,427.4110094338216
3026469,0.0
3026470,905.5581625875031
3026471,831.8999923823569
3026472,199.04204862842872
3026473,229.61375248576738
3026474,142.16043746180426
3026475,3620.4877209587917
3026476,0.0
3026477,0.0
3026478,27.242011828734462
3026479,40.33675611606259
3026480,0.0
3026481,218.84725451098953
3026482,0.0
3026483,66.73013416100281
3026484,0.0
3026485,133.81280667506215
3026486,0.0
3026487,266.48054616385735
3026488,309.72153818796164
3026489,0.0
3026490,0.0
3026491,279.88299341969577
3026492,99.64004237302925
3026493,4123.4389602430865
3026494,0.0
3026495,90.71632112222898
3026496,21.850593978978395
3026497,19.754700828050545
3026498,45.69713900901826
3026499,2854.123652601753
3026500,19.754700828050545
3026501,353.7195660271598
3026502,24.092895480468314
3026503,1108.2953210564287
3026504,1006.8257993942135
3026505,252.85492583438324
3026506,170.13460302811248
3026507,164.38463359466564
3026508,3965.016129138359
3026509,19.396229878773283
3026510,19.754700828050545
3026511,50.59242947600177
3026512,55.2890950776968
3026513,19.754700828050545
3026514,299.3629729694857
3026515,21.850593978978395
3026516,22.5691693402768
3026517,22.5691693402768
3026518,105.50997834223799
3026519,19.754700828050545
3026520,183.60874584318097
3026521,265.35968352351705
3026522,20.47327618934895
3026523,22.5691693402768
3026524,197.67791596640504
3026525,58.44686338838204
3026526,859.8850295005486
3026527,19.754700828050545
3026528,24.092895480468314
3026529,0.0
3026530,0.0
3026531,0.0
3026532,2424.892979987902
3026533,0.0
3026534,446.5969518044176
3026535,0.0
3026536,983.7116594945766
3026537,1141.7922755224633
3026538,403.23101521162766
3026539,234.57951169765875
3026540,244.0844118247781
3026541,3556.476893397861
3026542,0.0
3026543,0.0
3026544,91.51068257032239
3026545,101.30858961150307
3026546,0.0
3026547,386.28969816603257
3026548,0.0
3026549,0.0
3026550,0.0
3026551,184.7071414889759
3026552,0.0
3026553,171.24122414919057
3026554,408.48198743866374
3026555,0.0
3026556,0.0
3026557,184.67700088726977
3026558,38.185374030267724
3026559,728.1510049193007
3026560,0.0
3026561,0.0
3026562,37.27132394877822
3026563,31.428707824871537
3026564,57.629270690745955
3026565,7646.815663513024
3026566,31.428707824871537
3026567,945.7418634090031
3026568,42.27464669202368
3026569,1750.7012657600328
3026570,2081.110129968237
3026571,391.1399175820579
3026572,622.9809296572168
3026573,315.8550285389166
3026574,7906.395880944144
3026575,0.0
3026576,31.428707824871537
3026577,19.6832529607467
3026578,34.56492977894368
3026579,31.428707824871537
3026580,737.2308111043916
3026581,40.75092055183222
3026582,524.475427284612
3026583,0.0
3026584,144.4369965663634
3026585,33.60481989807664
3026586,971.6867013981695
3026587,296.79004068800424
3026588,33.60481989807664
3026589,40.75092055183222
3026590,891.0201034383128
3026591,282.2159742759675
3026592,10158.435653335571
3026593,33.60481989807664
3026594,146.60932577384273
3026595,0.0
3026596,0.0
3026597,0.0
3026598,1143.4289993754637
3026599,0.0
3026600,175.2944514978429
3026601,0.0
3026602,357.53363863658126
3026603,450.3864883011645
3026604,31.187590058262685
3026605,17.056814029221187
3026606,0.0
3026607,1722.8267635796205
3026608,0.0
3026609,0.0
3026610,0.0
3026611,0.0
3026612,0.0
3026613,181.90867971038142
3026614,0.0
3026615,0.0
3026616,0.0
3026617,0.0
3026618,0.0
3026619,47.65309197164589
3026620,16.08602027020754
3026621,0.0
3026622,0.0
3026623,64.98363477120557
3026624,0.0
3026625,333.44516910661514
3026626,0.0
3026627,0.0
3026628,18.8690586467643
3026629,16.054590134538046
3026630,16.054590134538046
3026631,2787.6020431156376
3026632,16.054590134538046
3026633,351.5676078489745
3026634,20.392784786955758
3026635,1164.459284225174
3026636,817.4727292957589
3026637,338.1726829363248
3026638,199.2752050468604
3026639,143.0685712617346
3026640,3899.6734740331854
3026641,15.696119185260727
3026642,16.054590134538046
3026643,45.34825492428854
3026644,55.14616196546922
3026645,16.054590134538046
3026646,291.6761672284778
3026647,18.150483285465896
3026648,18.150483285465896
3026649,22.348655249818307
3026650,74.66809578523043
3026651,16.054590134538046
3026652,218.06109414764015
3026653,304.20485686680917
3026654,16.054590134538046
3026655,18.8690586467643
3026656,219.82355468313793
3026657,57.57184097855287
3026658,628.4907273768355
3026659,16.054590134538046
3026660,44.072583748424336
3026661,0.0
3026662,0.0
3026663,0.0
3026664,1081.0258914268752
3026665,0.0
3026666,169.27201324751886
3026667,0.0
3026668,322.0750164866607
3026669,334.9425101285553
3026670,100.7361677204338
3026671,11.667769164042056
3026672,33.53339188078377
3026673,1662.576537415371
3026674,0.0
3026675,0.0
3026676,6.913890760308732
3026677,0.0
3026678,0.0
3026679,129.54053035152123
3026680,0.0
3026681,0.0
3026682,0.0
3026683,4.997623227129623
3026684,0.0
3026685,23.059553184723256
3026686,5.985072117297307
3026687,0.0
3026688,0.0
3026689,40.39009598428294
3026690,11.440757656580274
3026691,269.2346152164834
3026692,0.0
3026693,0.0
3026694,12.468155830030867
3026695,9.65368731780461
3026696,9.65368731780461
3026697,2120.8466228323314
3026698,9.65368731780461
3026699,288.58269831161897
3026700,13.991881970222323
3026701,1066.4282800484398
3026702,830.1568841535611
3026703,213.13584063161804
3026704,115.27838159611517
3026705,116.28553612741749
3026706,3498.0301052770265
3026707,9.295216368527292
3026708,9.65368731780461
3026709,42.69015076095775
3026710,18.590469573285986
3026711,9.65368731780461
3026712,385.7686617854762
3026713,11.74958046873246
3026714,11.74958046873246
3026715,15.947752433084872
3026716,54.151805260914045
3026717,9.65368731780461
3026718,141.3874462878674
3026719,240.53797840743414
3026720,9.65368731780461
3026721,12.468155830030867
3026722,154.00884890293761
3026723,15.346590905513324
3026724,579.1060835786575
3026725,9.65368731780461
3026726,13.273306608923917
3026727,3.9879566697979385
3026728,1.8920635188700885
3026729,1.8920635188700885
3026730,2722.2263155024475
3026731,1.8920635188700885
3026732,284.26957420138984
3026733,6.230258171287801
3026734,935.3846001715942
3026735,820.5004548712913
3026736,272.11421238638036
3026737,155.53129141651235
3026738,100.48128834016251
3026739,3830.5464011132376
3026740,1.53359256959277
3026741,1.8920635188700885
3026742,41.774079223483
3026743,46.21427697006709
3026744,1.8920635188700885
3026745,292.98237379226515
3026746,3.9879566697979385
3026747,4.706532031096344
3026748,4.706532031096344
3026749,41.88941957527027
3026750,1.8920635188700885
3026751,167.1396356517583
3026752,229.3351068023371
3026753,2.6106388801684943
3026754,4.706532031096344
3026755,181.20880577498238
3026756,2.412284680152993
3026757,503.8310749830908
3026758,1.8920635188700885
3026759,6.230258171287801
3026760,10.07056195849242
3026761,7.974668807564569
3026762,7.974668807564569
3026763,1440.8276782898338
3026764,7.974668807564569
3026765,180.47912135645905
3026766,0.0
3026767,636.7567967628574
3026768,504.71184801983827
3026769,92.99107083807729
3026770,10.56816768525573
3026771,0.0
3026772,1985.119576873373
3026773,0.0
3026774,7.974668807564569
3026775,0.0
3026776,0.0
3026777,7.974668807564569
3026778,109.42164616446189
3026779,10.07056195849242
3026780,10.789137319790825
3026781,10.789137319790825
3026782,43.292979272056755
3026783,7.974668807564569
3026784,33.63326790851829
3026785,15.60756696056984
3026786,8.693244168862975
3026787,10.789137319790825
3026788,39.92388789064148
3026789,0.0
3026790,229.03982617445098
3026791,7.974668807564569
3026792,0.0
3026793,33.29615366991044
3026794,16.685336298230197
3026795,20.55080091791922
3026796,5177.629716074244
3026797,16.685336298230197
3026798,470.8702526215377
3026799,0.0
3026800,2692.490307336369
3026801,740.791772745587
3026802,434.92847055972055
3026803,208.58293385781093
3026804,261.35592768270396
3026805,6143.031187587418
3026806,0.0
3026807,16.685336298230197
3026808,5.622058730302911
3026809,0.0
3026810,16.685336298230197
3026811,1054.5558680957618
3026812,18.781229449158047
3026813,0.0
3026814,6.880464742680317
3026815,181.32493514904542
3026816,31.20026051898259
3026817,323.12373880132384
3026818,274.46183418476795
3026819,31.918835880280994
3026820,0.0
3026821,312.60756164635336
3026822,130.28445264680872
3026823,1848.4681174836076
3026824,16.685336298230197
3026825,7.460951750970764
3026826,0.0
3026827,0.0
3026828,10.456519507949338
3026829,2815.7369357749817
3026830,0.0
3026831,461.5822291980353
3026832,0.40767328590300167
3026833,931.4875102896631
3026834,802.5929092411499
3026835,287.1874107616639
3026836,205.9032846882084
3026837,179.12955900530957
3026838,3785.724905802447
3026839,0.0
3026840,0.0
3026841,0.3095952872716339
3026842,33.06377378043675
3026843,0.0
3026844,304.7171720779881
3026845,2.363543748765551
3026846,166.69284293023813
3026847,0.0
3026848,244.81589331982514
3026849,0.0
3026850,290.7028735462185
3026851,293.6439424629699
3026852,0.0
3026853,0.0
3026854,300.43637987562096
3026855,130.89377807263193
3026856,4289.401538907549
3026857,0.0
3026858,0.0
3026859,4.01216861892766
3026860,1.1977001067014044
3026861,30.454536739657726
3026862,2183.8242149319503
3026863,1.1977001067014044
3026864,317.0387605744753
3026865,9.015491362173123
3026866,973.4643815492454
3026867,850.811309106377
3026868,15.239220379781216
3026869,134.82552596690275
3026870,103.7358460384144
3026871,3389.876281021586
3026872,0.0
3026873,1.1977001067014044
3026874,57.26765635572258
3026875,60.74129433647977
3026876,1.1977001067014044
3026877,267.9301728333909
3026878,7.491765221981666
3026879,43.56564715693111
3026880,7.491765221981666
3026881,54.6779300549357
3026882,1.9162754679998102
3026883,218.46707376042255
3026884,182.6455140821013
3026885,1.9162754679998102
3026886,4.01216861892766
3026887,229.35862115431533
3026888,61.01873869275465
3026889,3157.2497916415255
3026890,1.1977001067014044
3026891,78.6892852020182
3026892,0.0
3026893,0.0
3026894,30.883414415860443
3026895,2663.95133612792
3026896,0.0
3026897,406.4322377764689
3026898,0.0
3026899,1013.4640505411314
3026900,1230.4622774829086
3026901,283.3714083870598
3026902,181.92545010625994
3026903,125.71881632113431
3026904,4281.436198685707
3026905,0.0
3026906,0.0
3026907,11.136977485057798
3026908,15.83364308675283
3026909,0.0
3026910,265.7095286824666
3026911,0.17215645789815426
3026912,0.17215645789815426
3026913,0.0
3026914,0.0
3026915,0.0
3026916,195.39785842697032
3026917,336.7450049076731
3026918,0.0
3026919,0.0
3026920,208.83363516504951
3026921,45.9485280753197
3026922,1226.9000702075718
3026923,0.0
3026924,1.6958825980896108
3026925,11.010698246267452
3026926,8.196229734041196
3026927,8.914805095339602
3026928,2830.9651253931925
3026929,8.196229734041196
3026930,365.296308563948
3026931,16.01402098951297
3026932,869.5505888019622
3026933,819.9143622712999
3026934,69.78624088867633
3026935,271.9536307818552
3026936,192.12684532678665
3026937,3563.9057212408134
3026938,0.0
3026939,8.196229734041196
3026940,12.436346387827598
3026941,60.52547345806846
3026942,8.196229734041196
3026943,160.7900780155669
3026944,14.490294849321458
3026945,0.0
3026946,11.010698246267452
3026947,140.74157587841327
3026948,8.914805095339602
3026949,291.7223389730283
3026950,241.03192914594734
3026951,8.914805095339602
3026952,14.490294849321458
3026953,319.3794854093726
3026954,155.120728431127
3026955,2959.203874005842
3026956,8.914805095339602
3026957,150.30902972401657
3026958,11.347420541494216
3026959,9.251527390566366
3026960,17.108937183828118
3026961,2454.6399171695334
3026962,9.251527390566366
3026963,324.8648412769674
3026964,13.806685841594685
3026965,1296.3736023216684
3026966,1079.474794802035
3026967,242.80657016552485
3026968,119.66471077529374
3026969,71.61253545660799
3026970,4456.710867768567
3026971,12.372653044343053
3026972,9.251527390566366
3026973,37.4432172493448
3026974,41.97661823433492
3026975,9.251527390566366
3026976,401.9490785567969
3026977,12.065995902792622
3026978,12.065995902792622
3026979,12.065995902792622
3026980,31.827217786053097
3026981,9.970102751864772
3026982,146.40716885219084
3026983,239.53380132437826
3026984,9.970102751864772
3026985,12.065995902792622
3026986,157.7617846969712
3026987,19.732920084691898
3026988,608.0668339087335
3026989,9.251527390566366
3026990,13.589722042984079
3026991,0.0
3026992,0.0
3026993,0.0
3026994,2372.725516639097
3026995,0.0
3026996,305.9666894314663
3026997,0.0
3026998,797.644996059827
3026999,668.0131857683982
3027000,0.0
3027001,179.85672944045362
3027002,83.69645535241955
3027003,3449.9904705364584
3027004,0.0
3027005,0.0
3027006,3.9582184423798026
3027007,59.907219451743686
3027008,0.0
3027009,183.6571991535553
3027010,0.0
3027011,5.437875484178505
3027012,0.0
3027013,55.79308797773632
3027014,0.0
3027015,225.6555744950778
3027016,181.22070733274055
3027017,0.0
3027018,0.0
3027019,217.95380336213108
3027020,63.65722047487003
3027021,2923.0491735423634
3027022,0.0
3027023,0.0
3027024,5.531717173784614
3027025,2.717248661558358
3027026,47.143411420191796
3027027,2556.2530777014417
3027028,2.717248661558358
3027029,591.6200676529769
3027030,5.26838936306342
3027031,759.4212689361733
3027032,716.0636912459349
3027033,413.08877607943407
3027034,167.9097760524888
3027035,256.0172141128213
3027036,3073.9868755567018
3027037,36.29764682771366
3027038,2.717248661558358
3027039,5.170311364432052
3027040,67.96361174176633
3027041,2.717248661558358
3027042,352.37553876326064
3027043,9.01131377683862
3027044,211.01828793731795
3027045,15.406408940759377
3027046,189.5143367370689
3027047,3.435824022856764
3027048,192.6044027183279
3027049,466.69403392684774
3027050,3.435824022856764
3027051,5.531717173784614
3027052,206.00684997416627
3027053,74.6564770657381
3027054,3460.578843976707
3027055,2.717248661558358
3027056,178.55478726140296
3027057,7.575981059798096
3027058,4.76151254757184
3027059,27.2940882905163
3027060,3698.129308853984
3027061,4.76151254757184
3027062,354.87261595078985
3027063,0.0
3027064,1167.233414336725
3027065,1015.1664082722377
3027066,384.4703619953647
3027067,153.92643355245812
3027068,146.38644002509054
3027069,3894.0602454776676
3027070,0.0
3027071,4.76151254757184
3027072,8.167626403893792
3027073,25.110519110430403
3027074,4.76151254757184
3027075,338.3864315777394
3027076,6.85740569849969
3027077,6.85740569849969
3027078,7.575981059798096
3027079,36.701537912351284
3027080,4.76151254757184
3027081,174.57812123306033
3027082,299.1429162434145
3027083,4.76151254757184
3027084,6.85740569849969
3027085,176.34058176855817
3027086,13.455474678828296
3027087,468.98341443109626
3027088,4.76151254757184
3027089,0.0
3027090,195.01581946490367
3027091,5.267429189611278
3027092,20.827548602974332
3027093,8933.962242504056
3027094,5.267429189611278
3027095,1091.6863219338034
3027096,16.11336805676342
3027097,2235.9952366080634
3027098,2130.665880499432
3027099,618.3681333162662
3027100,701.5846674963303
3027101,406.93728716930434
3027102,9657.607304125071
3027103,45.557993237676044
3027104,5.267429189611278
3027105,11.533064560766547
3027106,16.8428371859319
3027107,5.267429189611278
3027108,826.3604172203644
3027109,13.193582263400742
3027110,38.41478162174201
3027111,159.65285292810776
3027112,175.26143519946356
3027113,7.443541262816382
3027114,1067.737514353697
3027115,699.8905075424318
3027116,7.443541262816382
3027117,28.54016216525048
3027118,960.4063306456734
3027119,326.0791022527053
3027120,13586.103927007613
3027121,222.20140294584942
3027122,171.4793452389381
3027123,4.63848553965488
3027124,2.338969783964899
3027125,25.414223030860626
3027126,8458.799944658851
3027127,2.338969783964899
3027128,1026.8788610987958
3027129,13.184908651117041
3027130,2074.628279118777
3027131,2195.957045414636
3027132,387.1014646422828
3027133,625.0160997245066
3027134,360.4767332312516
3027135,9865.414230872408
3027136,0.0
3027137,2.338969783964899
3027138,32.81244997921965
3027139,17.61087852290035
3027140,2.338969783964899
3027141,663.3881582240822
3027142,58.188067965810944
3027143,293.06292630829273
3027144,0.0
3027145,245.61293052517073
3027146,4.515081857170003
3027147,991.1689465818728
3027148,672.1707028336018
3027149,4.515081857170003
3027150,55.069911959859155
3027151,911.9071454814766
3027152,250.91533134034216
3027153,7769.3254418525985
3027154,253.41689463367356
3027155,140.00493052792797
3027156,20.862626564967343
3027157,21.591258420957786
3027158,66.43665772472713
3027159,5562.6047682206145
3027160,21.591258420957786
3027161,637.1789685628476
3027162,30.880318770161637
3027163,1953.9308087777367
3027164,1604.882842391064
3027165,414.74993330191336
3027166,265.1065073085465
3027167,184.8411122557124
3027168,7129.081643098917
3027169,0.0
3027170,21.591258420957786
3027171,86.44278894909723
3027172,125.27200201956211
3027173,21.591258420957786
3027174,519.9712467270606
3027175,39.637530971987985
3027176,111.43762616615112
3027177,41.70238468533404
3027178,20.140625672187923
3027179,22.30983378225619
3027180,682.0129791468446
3027181,514.3580699524989
3027182,22.30983378225619
3027183,101.9653212210282
3027184,556.8391005916542
3027185,124.63521590520196
3027186,2998.4417149945116
3027187,68.5554624315485
3027188,103.95226062029758
3027189,158.53266295716128
3027190,0.8921804924755747
3027191,48.942987026620415
3027192,7166.390382389897
3027193,0.8921804924755747
3027194,783.6673678564298
3027195,13.20938845335985
3027196,1602.311148224513
3027197,1861.1984362118033
3027198,113.22542406991528
3027199,480.2149713115047
3027200,168.067969796319
3027201,8663.585062812179
3027202,0.0
3027203,0.8921804924755747
3027204,63.784799442055714
3027205,48.58322798573647
3027206,0.8921804924755747
3027207,683.8850100264149
3027208,70.15517242154658
3027209,80.37760512554416
3027210,0.0
3027211,0.0
3027212,3.0682925656806788
3027213,897.1214431498025
3027214,345.5819370695445
3027215,3.0682925656806788
3027216,11.685662313168393
3027217,817.8596420494068
3027218,106.11420292733979
3027219,6806.6879196105665
3027220,179.45414291281782
3027221,109.03459048283156
3027222,9.687837017621803
3027223,8.358421893574189
3027224,53.20382119734353
3027225,4958.820313226706
3027226,8.358421893574189
3027227,670.9075266375552
3027228,17.64748224277804
3027229,1807.0884182881557
3027230,1449.8498192131242
3027231,388.2093426168519
3027232,234.95925956781855
3027233,154.6938645149843
3027234,6912.249531047773
3027235,0.0
3027236,8.358421893574189
3027237,78.05472600608834
3027238,112.03916549217857
3027239,8.358421893574189
3027240,581.2307533516945
3027241,30.011351500270848
3027242,91.11799190287178
3027243,43.93962402813605
3027244,161.9406176656167
3027245,9.076997254872595
3027246,651.8657314061167
3027247,498.67108689488873
3027248,9.076997254872595
3027249,16.123756102586583
3027250,572.603930305721
3027251,94.48796816447395
3027252,1778.2180022861253
3027253,58.92928295983137
3027254,97.62224465732669
3027255,38.62579033268048
3027256,37.29637520863287
3027257,52.76714588893498
3027258,6264.794699340947
3027259,37.29637520863287
3027260,849.5788082208048
3027261,45.114166464104585
3027262,1852.0022257215733
3027263,1844.6053635463645
3027264,596.2644592575485
3027265,335.6411543790329
3027266,290.7306179020072
3027267,7607.525991791467
3027268,9.984608420973586
3027269,37.29637520863287
3027270,30.435055760497278
3027271,53.76436212660394
3027272,37.29637520863287
3027273,719.4271869969906
3027274,7.63647769723184
3027275,165.13988004347047
3027276,31.639529905208292
3027277,174.0764521450347
3027278,38.01495056993127
3027279,701.7940012363993
3027280,654.7828020626844
3027281,38.01495056993127
3027282,43.59044032391313
3027283,622.5322001360034
3027284,195.1698629756885
3027285,11052.382363693983
3027286,131.47838083830894
3027287,139.1011444853882
3027288,3.1317189468790048
3027289,0.31725043465274894
3027290,27.423788102329013
3027291,2093.988129962764
3027292,0.31725043465274894
3027293,269.3488299528957
3027294,4.655445087070461
3027295,736.2362332051108
3027296,545.0831478508695
3027297,2.950009879356685
3027298,176.8845487474422
3027299,110.10618288669721
3027300,3340.6928640084225
3027301,0.0
3027302,0.31725043465274894
3027303,55.809702496107946
3027304,60.50636809780298
3027305,0.31725043465274894
3027306,246.4008240855618
3027307,3.1317189468790048
3027308,14.963525932757761
3027309,0.0
3027310,41.534225972711624
3027311,0.31725043465274894
3027312,201.68129689364517
3027313,193.2924987521378
3027314,0.31725043465274894
3027315,3.1317189468790048
3027316,214.98162266911967
3027317,52.30157998696279
3027318,1915.3104026749775
3027319,0.31725043465274894
3027320,156.53209648614714
3027321,23.4390406716376
3027322,20.624572159411343
3027323,53.99784611560932
3027324,4303.83901517374
3027325,20.624572159411343
3027326,513.5685032937213
3027327,29.913632508615194
3027328,1371.1352672345358
3027329,1061.619584032854
3027330,232.16612257461594
3027331,98.961946235438
3027332,22.618617776118754
3027333,5634.046298452503
3027334,0.0
3027335,20.624572159411343
3027336,80.7108489710568
3027337,68.86323340317938
3027338,20.624572159411343
3027339,515.1470725916049
3027340,65.62220105916242
3027341,64.10936812359841
3027342,23.4390406716376
3027343,0.0
3027344,21.34314752070975
3027345,399.9608496126746
3027346,404.79227651415897
3027347,21.34314752070975
3027348,23.4390406716376
3027349,464.6122527367919
3027350,0.0
3027351,2388.8391138042093
3027352,3.491574646462084
3027353,81.54316983703916
3027354,14.517070508554184
3027355,12.421177357626334
3027356,47.05401478656751
3027357,4254.385457764517
3027358,12.421177357626334
3027359,626.0440627755661
3027360,16.759372010044046
3027361,1693.0963546644973
3027362,1533.0193922015515
3027363,317.1435366307182
3027364,403.11478306601776
3027365,173.94600495039347
3027366,4658.528928527426
3027367,7.654056390660799
3027368,12.421177357626334
3027369,72.24045511025571
3027370,129.94508069666708
3027371,12.421177357626334
3027372,691.9559533328741
3027373,14.517070508554184
3027374,189.4734939423786
3027375,15.23564586985259
3027376,0.0
3027377,12.421177357626334
3027378,683.849592779924
3027379,469.39832751158207
3027380,13.13975271892474
3027381,15.23564586985259
3027382,544.5053859927563
3027383,117.13008828794429
3027384,8105.173369703825
3027385,12.421177357626334
3027386,103.49979277817738
3027387,55.51794882999968
3027388,52.703480317773426
3027389,52.703480317773426
3027390,3327.684892927699
3027391,52.703480317773426
3027392,898.7748136962053
3027393,43.47909577051405
3027394,1311.1977529135065
3027395,1412.150594142151
3027396,672.7714774575774
3027397,132.21413982785725
3027398,159.72064691563608
3027399,5940.755148839655
3027400,89.90525173153173
3027401,52.703480317773426
3027402,21.297403936978185
3027403,0.0
3027404,52.703480317773426
3027405,220.3185819398002
3027406,54.799373468701276
3027407,332.8303172554111
3027408,54.799373468701276
3027409,388.4259396255975
3027410,52.703480317773426
3027411,165.58177697146846
3027412,802.7547113771133
3027413,52.703480317773426
3027414,54.799373468701276
3027415,172.6438004279074
3027416,31.94816758562922
3027417,8895.516761021521
3027418,52.703480317773426
3027419,151.12386845408153
3027420,12.111123359174258
3027421,9.296654846948002
3027422,69.12017148815613
3027423,2068.175997669029
3027424,9.296654846948002
3027425,485.2846152308036
3027426,11.847795548453007
3027427,961.5821084747705
3027428,848.5993984351071
3027429,277.1688415055819
3027430,233.67795863290635
3027431,199.4319818873184
3027432,3205.355602213993
3027433,21.287545635446122
3027434,9.296654846948002
3027435,8.270120946767634
3027436,102.87380836349269
3027437,9.296654846948002
3027438,277.06060043501105
3027439,11.392547997875852
3027440,25.325730133807895
3027441,11.392547997875852
3027442,162.71539509919072
3027443,9.296654846948002
3027444,330.2304286684626
3027445,367.48704634524046
3027446,9.296654846948002
3027447,11.392547997875852
3027448,273.1798294140446
3027449,143.0321758470447
3027450,2954.1069589386375
3027451,9.296654846948002
3027452,224.35438878995998
3027453,10.276789103282908
3027454,7.462320591056653
3027455,7.462320591056653
3027456,1916.2772797908874
3027457,7.462320591056653
3027458,241.51059708411597
3027459,0.0
3027460,857.5098821907242
3027461,586.8045345807388
3027462,95.54926000629428
3027463,68.83967375375698
3027464,75.47679891915038
3027465,2712.157481636131
3027466,0.0
3027467,7.462320591056653
3027468,0.0
3027469,2.8365236468609396
3027470,7.462320591056653
3027471,234.04556196279884
3027472,9.558213741984503
3027473,9.558213741984503
3027474,9.558213741984503
3027475,56.68304182293417
3027476,7.462320591056653
3027477,100.48774627733792
3027478,73.54815467411856
3027479,7.462320591056653
3027480,9.558213741984503
3027481,106.14497287431627
3027482,0.0
3027483,312.1260737153987
3027484,7.462320591056653
3027485,0.0
3027486,7.716290474669734
3027487,4.901821962443478
3027488,5.620397323741884
3027489,2962.3979432714873
3027490,4.901821962443478
3027491,351.9731373033054
3027492,14.190882311647272
3027493,974.8960630251563
3027494,846.3701711825897
3027495,98.94220391755334
3027496,185.99188556820033
3027497,141.58079582922855
3027498,4612.151970520863
3027499,0.0
3027500,4.901821962443478
3027501,60.69460945518904
3027502,30.355611729864393
3027503,4.901821962443478
3027504,228.88430816479908
3027505,12.667156171455872
3027506,0.0
3027507,8.442772841676515
3027508,104.68178562611646
3027509,5.620397323741884
3027510,322.55914040192687
3027511,243.480592408161
3027512,5.620397323741884
3027513,12.667156171455872
3027514,342.01218330184554
3027515,113.58989515351274
3027516,2938.250059783762
3027517,5.620397323741884
3027518,127.78782925637651
3027519,5.444809626251697
3027520,2.630341114025441
3027521,3.348916475323847
3027522,4486.065569081189
3027523,2.630341114025441
3027524,520.695900775313
3027525,10.44813236949716
3027526,1120.0045315623934
3027527,1473.8214212857126
3027528,214.81348464338598
3027529,370.59674356359073
3027530,147.29786348358934
3027531,4032.643687852573
3027532,0.0
3027533,2.630341114025441
3027534,52.62654979179689
3027535,57.32321539349192
3027536,2.630341114025441
3027537,516.212148674565
3027538,8.924406229305703
3027539,37.25543753104489
3027540,20.080943905800893
3027541,114.52184679053781
3027542,3.348916475323847
3027543,555.1252174167003
3027544,293.0263309013321
3027545,3.348916475323847
3027546,8.924406229305703
3027547,474.45861945684334
3027548,115.4066797391092
3027549,7608.689853965329
3027550,3.348916475323847
3027551,129.3463312520828
3027552,20.548838703612887
3027553,17.73437019138663
3027554,40.72952582688538
3027555,4915.292034386805
3027556,17.73437019138663
3027557,639.6770214595869
3027558,25.55216144685835
3027559,1308.2617263858497
3027560,1592.7279559637639
3027561,332.14978753844014
3027562,281.87198100211
3027563,217.8284245203675
3027564,5011.22167460727
3027565,0.0
3027566,17.73437019138663
3027567,51.1866094276707
3027568,62.618204738074326
3027569,17.73437019138663
3027570,549.6407868096045
3027571,24.028435306666893
3027572,0.0
3027573,0.0
3027574,195.7067376125878
3027575,18.452945552685037
3027576,630.5777527430631
3027577,453.1821499497907
3027578,18.452945552685037
3027579,24.028435306666893
3027580,549.9111547832063
3027581,174.73650260168046
3027582,6469.493163245265
3027583,18.452945552685037
3027584,136.91414637988632
3027585,0.0
3027586,0.0
3027587,31.371251554200285
3027588,3478.5253851719995
3027589,0.0
3027590,398.1360110280132
3027591,0.0
3027592,1117.711462060262
3027593,1377.2052987208638
3027594,401.3404268090592
3027595,221.74211918072345
3027596,124.43727171072359
3027597,6002.641440628122
3027598,0.0
3027599,0.0
3027600,40.3927402442601
3027601,37.95000771438151
3027602,0.0
3027603,182.03840024331853
3027604,0.0
3027605,0.0
3027606,0.0
3027607,0.0
3027608,0.0
3027609,241.15137317362527
3027610,343.73962569809845
3027611,0.0
3027612,0.0
3027613,254.58714991170444
3027614,90.29641452483844
3027615,1180.2325859755638
3027616,0.0
3027617,0.0
3027618,20.239151347889106
3027619,17.42468283566285
3027620,50.543104737863814
3027621,2330.9525331289215
3027622,17.42468283566285
3027623,418.17247686076854
3027624,26.713743184866757
3027625,695.8291051345689
3027626,620.1067238672342
3027627,193.3648989811044
3027628,209.1830323361648
3027629,121.74582752061283
3027630,2860.157120290401
3027631,0.0
3027632,17.42468283566285
3027633,73.21747032840841
3027634,118.03517914289381
3027635,17.42468283566285
3027636,216.1965877496442
3027637,25.190017044675244
3027638,25.190017044675244
3027639,20.239151347889106
3027640,64.97964716047875
3027641,18.143258196961256
3027642,290.0319691450545
3027643,305.2953752255923
3027644,18.143258196961256
3027645,25.190017044675244
3027646,248.68490311730307
3027647,93.75492684489711
3027648,1865.1507622501847
3027649,18.143258196961256
3027650,0.0
3027651,6.395777145907118
3027652,3.5813086336808624
3027653,4.299883994979268
3027654,1087.2272281533355
3027655,3.5813086336808624
3027656,244.30701410616877
3027657,0.0
3027658,610.1182906961872
3027659,280.22389896358425
3027660,194.11065336581638
3027661,89.0321235991658
3027662,90.40581010371147
3027663,2053.3913745491727
3027664,0.0
3027665,3.5813086336808624
3027666,29.378406565781574
3027667,33.9118075507717
3027668,3.5813086336808624
3027669,191.198849732594
3027670,11.346642842693257
3027671,11.346642842693257
3027672,6.395777145907118
3027673,26.72613854968921
3027674,4.299883994979268
3027675,311.31969714934206
3027676,210.5163885327637
3027677,4.299883994979268
3027678,11.346642842693257
3027679,113.74874649904905
3027680,45.61580071849443
3027681,152.3958473309565
3027682,33.75302968288685
3027683,0.0
3027684,6.925705923917292
3027685,4.111237411691036
3027686,43.80392394911166
3027687,3896.408191669646
3027688,4.111237411691036
3027689,486.2766606969084
3027690,11.929028667162754
3027691,1475.560335724899
3027692,980.852082324222
3027693,433.4446492085145
3027694,224.4987473187305
3027695,166.25309185132372
3027696,6342.174829593748
3027697,0.0
3027698,4.111237411691036
3027699,55.52449832401419
3027700,23.989542118472457
3027701,4.111237411691036
3027702,267.98391239310104
3027703,6.925705923917292
3027704,6.925705923917292
3027705,10.405302526971298
3027706,0.0
3027707,4.829812772989442
3027708,588.6055664000452
3027709,490.061870727641
3027710,4.829812772989442
3027711,10.405302526971298
3027712,243.96202346235134
3027713,93.0530426628452
3027714,1021.3689065800531
3027715,85.24946535626208
3027716,0.0
3027717,19.834593581247987
3027718,17.02012506902173
3027719,17.02012506902173
3027720,1925.8196032618096
3027721,17.02012506902173
3027722,350.92606280067
3027723,7.795740521762411
3027724,926.9097963644724
3027725,608.0119762529532
3027726,255.96519205158228
3027727,120.19096328989198
3027728,72.6991831422763
3027729,3087.4723605960667
3027730,3.0990749200673804
3027731,17.02012506902173
3027732,9.332196233568084
3027733,13.865597218558207
3027734,17.02012506902173
3027735,247.15564655728323
3027736,19.11601821994958
3027737,19.11601821994958
3027738,10.435413599170147
3027739,0.0
3027740,17.02012506902173
3027741,314.94382572355147
3027742,275.69618189243295
3027743,17.02012506902173
3027744,19.11601821994958
3027745,146.87988916712666
3027746,23.81621568610359
3027747,82.7441750895029
3027748,17.02012506902173
3027749,7.077165160464006
3027750,19.834593581247987
3027751,17.02012506902173
3027752,17.02012506902173
3027753,1797.3026911917755
3027754,17.02012506902173
3027755,350.29266941552515
3027756,7.795740521762411
3027757,824.0586953057531
3027758,570.6580878027627
3027759,267.7060057937543
3027760,120.19096328989198
3027761,160.47253976183154
3027762,2960.4944121620542
3027763,3.0990749200673804
3027764,17.02012506902173
3027765,9.332196233568084
3027766,13.865597218558207
3027767,17.02012506902173
3027768,224.89545717059008
3027769,19.11601821994958
3027770,19.11601821994958
3027771,19.834593581247987
3027772,0.0
3027773,17.02012506902173
3027774,338.50419044933034
3027775,224.80379045383438
3027776,17.02012506902173
3027777,19.11601821994958
3027778,146.87988916712666
3027779,23.81621568610359
3027780,82.7441750895029
3027781,0.0
3027782,7.077165160464006
3027783,9.652857446740256
3027784,7.556964295812406
3027785,0.0
3027786,1483.5341137163705
3027787,7.556964295812406
3027788,314.53565862865725
3027789,0.0
3027790,939.2348380201806
3027791,495.1119148252109
3027792,201.31023774591432
3027793,106.11991460869905
3027794,62.97335373669739
3027795,3038.1589139217463
3027796,0.0
3027797,7.556964295812406
3027798,9.226768771683169
3027799,0.1901637016043196
3027800,7.556964295812406
3027801,271.639767615566
3027802,9.652857446740256
3027803,9.652857446740256
3027804,10.371432808038662
3027805,44.905677664471966
3027806,7.556964295812406
3027807,230.99312424394682
3027808,228.00190212941408
3027809,7.556964295812406
3027810,9.652857446740256
3027811,143.42521372925822
3027812,11.093738364781302
3027813,301.0865408453236
3027814,44.66595013403753
3027815,0.0
3027816,16.360370494844233
3027817,14.264477343916383
3027818,36.77462881676979
3027819,1867.6166076272573
3027820,14.264477343916383
3027821,282.1826269492073
3027822,6.827146747569714
3027823,1048.1590656866047
3027824,413.9684758877457
3027825,181.66953215489795
3027826,114.50357474310633
3027827,109.08331299337144
3027828,3332.098024243892
3027829,2.1304811458746826
3027830,14.264477343916383
3027831,64.91603314809714
3027832,53.0887101215435
3027833,14.264477343916383
3027834,269.68783413329294
3027835,17.07894585614264
3027836,16.360370494844233
3027837,31.948651334344902
3027838,0.0
3027839,14.264477343916383
3027840,275.6959663752116
3027841,230.7713224284045
3027842,14.264477343916383
3027843,16.360370494844233
3027844,129.85946989261979
3027845,15.879947263874953
3027846,285.3396212636118
3027847,90.63524884570359
3027848,6.827146747569714
3027849,17.763354673516233
3027850,14.948886161289977
3027851,0.0
3027852,1702.38493136251
3027853,14.948886161289977
3027854,266.1987711285506
3027855,5.724501614030601
3027856,768.1179340190993
3027857,351.9046597817739
3027858,196.708855114825
3027859,95.23552931514888
3027860,95.60929046130673
3027861,2348.2644139571094
3027862,4.507432615389575
3027863,14.948886161289977
3027864,5.78968823210414
3027865,7.58208556708189
3027866,14.948886161289977
3027867,260.7455413824986
3027868,17.763354673516233
3027869,17.044779312217827
3027870,17.763354673516233
3027871,5.663353585216953
3027872,14.948886161289977
3027873,236.80171271613787
3027874,178.79127861162218
3027875,14.948886161289977
3027876,17.763354673516233
3027877,132.5408284357082
3027878,0.20935307123119173
3027879,185.21165050594357
3027880,14.948886161289977
3027881,5.724501614030601
3027882,13.753184712932637
3027883,10.93871620070638
3027884,66.82302013704259
3027885,2686.9968627863864
3027886,10.93871620070638
3027887,431.2271027458455
3027888,18.756507456178156
3027889,1331.8388833284953
3027890,732.3505723162324
3027891,462.19340857754526
3027892,271.84392048250254
3027893,272.2176816286602
3027894,4096.632100765864
3027895,23.247968441147236
3027896,10.93871620070638
3027897,15.34209747119769
3027898,88.7116990482316
3027899,10.93871620070638
3027900,356.81066706056737
3027901,17.232781315986642
3027902,17.232781315986642
3027903,49.88692322599843
3027904,79.70628833013552
3027905,11.657291562004787
3027906,606.372944823624
3027907,386.575699457897
3027908,11.657291562004787
3027909,17.232781315986642
3027910,311.3457912636407
3027911,88.219827577091
3027912,780.9107982192875
3027913,47.79103007507058
3027914,27.944634042842267
3027915,3.0450442384644703
3027916,0.23057572623821443
3027917,36.16606681980676
3027918,1988.84081093248
3027919,0.23057572623821443
3027920,214.25031885535284
3027921,0.0
3027922,607.5602102204066
3027923,339.65506686917684
3027924,22.189712907209696
3027925,0.0
3027926,0.0
3027927,2146.570980470761
3027928,0.0
3027929,0.23057572623821443
3027930,5.107958676292299
3027931,38.74627455947319
3027932,0.23057572623821443
3027933,315.81495680629087
3027934,7.995909935250609
3027935,7.995909935250609
3027936,38.880782024527264
3027937,0.0
3027938,0.9491510875366203
3027939,154.44150380292464
3027940,31.859247041058666
3027941,0.9491510875366203
3027942,7.995909935250609
3027943,0.0
3027944,0.0
3027945,737.4295927862345
3027946,142.47809907299
3027947,0.0
3027948,17.07894585614264
3027949,14.264477343916383
3027950,14.264477343916383
3027951,2274.0111752764888
3027952,14.264477343916383
3027953,303.11205268720596
3027954,6.827146747569714
3027955,1026.4231043079399
3027956,423.5333885711811
3027957,181.66953215489795
3027958,108.70955184721393
3027959,47.41088734270335
3027960,3423.7377892298514
3027961,2.1304811458746826
3027962,14.264477343916383
3027963,48.555309136553376
3027964,12.89700344436551
3027965,14.264477343916383
3027966,280.10561898871435
3027967,17.07894585614264
3027968,16.360370494844233
3027969,17.07894585614264
3027970,28.22199297330667
3027971,14.264477343916383
3027972,265.2422216026063
3027973,222.85865299856206
3027974,14.264477343916383
3027975,16.360370494844233
3027976,129.85946989261979
3027977,0.0
3027978,276.74087384152506
3027979,101.51927904340738
3027980,6.827146747569714
3027981,17.566046475137284
3027982,14.751577962911028
3027983,47.86999986511199
3027984,2904.5024788206506
3027985,14.751577962911028
3027986,388.0893685820162
3027987,24.040638312114936
3027988,890.5574462078505
3027989,906.5434277032957
3027990,42.15848747533363
3027991,203.7392010320361
3027992,116.16234916721643
3027993,4154.735462955042
3027994,0.0
3027995,14.751577962911028
3027996,20.462963710429563
3027997,86.42982769945951
3027998,14.751577962911028
3027999,236.81497694522483
3028000,22.516912171923423
3028001,22.516912171923423
3028002,74.4439903748538
3028003,41.23034618963601
3028004,15.470153324209434
3028005,284.5881378409258
3028006,286.5736331234312
3028007,15.470153324209434
3028008,22.516912171923423
3028009,303.3234774999461
3028010,80.56102913101739
3028011,1837.1469030452815
3028012,15.470153324209434
3028013,0.0
3028014,9.690185599460335
3028015,6.875717087234079
3028016,70.11804176454905
3028017,3167.847205517436
3028018,6.875717087234079
3028019,458.8294395966504
3028020,12.906454391793147
3028021,1038.8927135359058
3028022,839.7656735060996
3028023,448.2532944824079
3028024,240.2478299489113
3028025,76.64443237397307
3028026,5008.143663728106
3028027,0.0
3028028,6.875717087234079
3028029,20.27030224140782
3028030,24.96696784310285
3028031,6.875717087234079
3028032,342.07564407458136
3028033,13.169782202514341
3028034,13.169782202514341
3028035,53.79672944546405
3028036,86.34065293046172
3028037,7.594292448532485
3028038,392.9584638756956
3028039,410.72076003488297
3028040,7.594292448532485
3028041,13.169782202514341
3028042,220.164222921938
3028043,72.74720321618241
3028044,604.8277484047074
3028045,162.6783157473784
3028046,0.0
3028047,7.771064185654325
3028048,4.956595673428069
3028049,67.10785664373691
3028050,2479.416138734501
3028051,4.956595673428069
3028052,439.4421818630798
3028053,7.507736374933131
3028054,1120.9025309082522
3028055,697.8995413527183
3028056,368.56151760982954
3028057,177.83695165736572
3028058,136.88518743280622
3028059,4082.6260672239605
3028060,6.290667376292106
3028061,4.956595673428069
3028062,70.21609315980777
3028063,74.9127587615028
3028064,4.956595673428069
3028065,304.01282681072524
3028066,7.771064185654325
3028067,7.052488824355919
3028068,7.771064185654325
3028069,142.58315093644896
3028070,4.956595673428069
3028071,488.58469535549045
3028072,419.0648478728188
3028073,4.956595673428069
3028074,7.771064185654325
3028075,141.90253701765025
3028076,0.0
3028077,471.80398373954586
3028078,4.956595673428069
3028079,7.507736374933131
3028080,6.9719830007287555
3028081,4.8760898498009055
3028082,4.8760898498009055
3028083,1479.4571015538231
3028084,4.8760898498009055
3028085,340.62825846745375
3028086,11.920290505951755
3028087,788.86050021353
3028088,339.2024783362948
3028089,168.4397338238769
3028090,111.01552437392843
3028091,152.9969324168446
3028092,2580.69388329925
3028093,2.011989588312531
3028094,4.8760898498009055
3028095,69.83309352835698
3028096,90.83554915121522
3028097,4.8760898498009055
3028098,232.45088640734292
3028099,6.9719830007287555
3028100,6.9719830007287555
3028101,12.183618316672948
3028102,67.6914386938011
3028103,4.8760898498009055
3028104,213.46803442742802
3028105,251.64441689150215
3028106,4.8760898498009055
3028107,6.9719830007287555
3028108,81.4058673995628
3028109,0.0
3028110,282.44822283479397
3028111,82.42707635196314
3028112,6.708655190007562
3028113,4.603959710238428
3028114,1.789491198012172
3028115,2.5080665593105778
3028116,1812.8374180731353
3028117,1.789491198012172
3028118,248.16689014810083
3028119,9.607282453483833
3028120,615.731284752395
3028121,497.7766516232193
3028122,98.10334062046405
3028123,159.0205396434719
3028124,70.65182458193169
3028125,2248.487258153041
3028126,0.0
3028127,1.789491198012172
3028128,6.02960785179846
3028129,40.32805799168182
3028130,1.789491198012172
3028131,152.14307073072774
3028132,8.083556313292434
3028133,3.885384348940022
3028134,58.31487366283409
3028135,66.66219281336043
3028136,2.5080665593105778
3028137,204.81938469809617
3028138,121.72674232801094
3028139,2.5080665593105778
3028140,4.603959710238428
3028141,197.11761356514936
3028142,42.187637292743716
3028143,757.4035619251262
3028144,1.789491198012172
3028145,0.0
3028146,20.724385229848508
3028147,18.628492078920658
3028148,36.42539539140796
3028149,3266.7480714174662
3028150,18.628492078920658
3028151,651.1564065715742
3028152,22.96668673133837
3028153,1482.0266986815907
3028154,1401.139701484252
3028155,446.55306092649016
3028156,223.04510227094588
3028157,177.18617871958148
3028158,3883.833187249087
3028159,0.0
3028160,18.628492078920658
3028161,54.33598406220034
3028162,158.94067770172975
3028163,18.628492078920658
3028164,206.4326916474579
3028165,20.724385229848508
3028166,21.442960591146914
3028167,21.442960591146914
3028168,184.88412097286087
3028169,18.628492078920658
3028170,307.844691128956
3028171,545.8118454974996
3028172,19.347067440219064
3028173,21.442960591146914
3028174,326.90697816419845
3028175,135.46411384964338
3028176,2948.678279850676
3028177,18.628492078920658
3028178,97.06762490244722
3028179,10.888371009285777
3028180,8.792477858357927
3028181,8.792477858357927
3028182,2166.3738823496747
3028183,8.792477858357927
3028184,221.69995130631943
3028185,1.355147262011144
3028186,561.6586918086505
3028187,493.8578191838243
3028188,129.6112503051281
3028189,99.29584284601589
3028190,12.01437033324953
3028191,2038.6014105600423
3028192,0.0
3028193,8.792477858357927
3028194,16.70763340437435
3028195,34.97430506113835
3028196,8.792477858357927
3028197,133.94685409316406
3028198,10.888371009285777
3028199,11.606946370584183
3028200,11.606946370584183
3028201,84.30819498942151
3028202,9.511053219656333
3028203,140.19285354819115
3028204,145.66387171337172
3028205,8.792477858357927
3028206,11.606946370584183
3028207,137.3929167676935
3028208,0.0
3028209,974.7184175714644
3028210,8.792477858357927
3028211,2.28314332584614
3028212,22.82285153143414
3028213,20.72695838050629
3028214,16.55943617445172
3028215,1369.3482459849515
3028216,20.72695838050629
3028217,189.470610589991
3028218,11.50257383324697
3028219,365.57851110763727
3028220,267.26672084470636
3028221,78.37140930517035
3028222,68.9293404985562
3028223,0.0
3028224,1405.4922653039675
3028225,9.356457194852169
3028226,20.72695838050629
3028227,20.907445645566895
3028228,25.604111247261926
3028229,20.72695838050629
3028230,30.903532352716695
3028231,22.82285153143414
3028232,23.541426892732545
3028233,23.541426892732545
3028234,31.14038026370713
3028235,20.72695838050629
3028236,89.06247823552911
3028237,13.970293672093248
3028238,21.445533741804695
3028239,23.541426892732545
3028240,106.39302103508874
3028241,0.0
3028242,908.6785440251622
3028243,20.72695838050629
3028244,17.809027635330892
3028245,0.7793219626370274
3028246,0.0
3028247,0.0
3028248,2729.6032468075846
3028249,0.0
3028250,511.6886192309312
3028251,6.5012200671808955
3028252,918.5311175261545
3028253,975.6708720090186
3028254,375.0309396140349
3028255,202.68786169403663
3028256,115.23454667007329
3028257,3187.101780585222
3028258,0.0
3028259,0.0
3028260,2.923545465495522
3028261,48.91738868629864
3028262,0.0
3028263,152.38217333830409
3028264,0.7793219626370274
3028265,4.977493926989439
3028266,1.4978973239354332
3028267,117.8505839753432
3028268,0.0
3028269,239.55465537212663
3028270,336.76241864313835
3028271,0.0
3028272,1.4978973239354332
3028273,252.957102627965
3028274,72.71415158129855
3028275,2188.7465598641793
3028276,0.0
3028277,99.29695369246508
3028278,27.72315144221136
3028279,25.62725829128351
3028280,25.62725829128351
3028281,2960.3517428627897
3028282,25.62725829128351
3028283,419.76592836717293
3028284,56.526713178461534
3028285,1217.6640601565464
3028286,785.1383376915537
3028287,301.41404094906375
3028288,180.02950383541597
3028289,100.63784495682086
3028290,4128.866577754656
3028291,25.268787342006135
3028292,25.62725829128351
3028293,56.464986939234734
3028294,61.161652540929765
3028295,25.62725829128351
3028296,392.12782480423897
3028297,27.72315144221136
3028298,28.441726803509766
3028299,28.441726803509766
3028300,117.97140909392053
3028301,25.62725829128351
3028302,331.2126288284205
3028303,331.21164337196893
3028304,26.345833652581916
3028305,28.441726803509766
3028306,207.57281677370864
3028307,68.34176419568581
3028308,848.5359428042091
3028309,25.62725829128351
3028310,29.965452943701166
3028311,4.142616505278113
3028312,2.046723354350263
3028313,2.046723354350263
3028314,2591.3365545798147
3028315,2.046723354350263
3028316,539.2076632668826
3028317,4.597864055855382
3028318,1143.4509587346763
3028319,892.6934037626784
3028320,478.3544794487601
3028321,244.58878544126037
3028322,254.0936855683797
3028323,3919.8855430371345
3028324,0.0
3028325,2.046723354350263
3028326,97.49761296985326
3028327,107.29552001103397
3028328,2.046723354350263
3028329,469.41033419120845
3028330,4.142616505278113
3028331,4.861191866576519
3028332,4.861191866576519
3028333,192.18170373747094
3028334,2.046723354350263
3028335,522.814300369959
3028336,439.36107672952954
3028337,2.765298715648669
3028338,4.861191866576519
3028339,194.68627463087142
3028340,48.194647773869576
3028341,716.9162911592593
3028342,2.046723354350263
3028343,4.597864055855382
3028344,53.18067505498988
3028345,47.3380589310832
3028346,73.53862179695767
3028347,7155.254621780321
3028348,47.3380589310832
3028349,769.6862653958232
3028350,58.18399779823534
3028351,1680.3875758519603
3028352,2023.3821823259855
3028353,131.73553891432084
3028354,515.1288641439141
3028355,208.002963025614
3028356,7429.410318102472
3028357,0.0
3028358,47.3380589310832
3028359,35.59260406695836
3028360,106.6257424178649
3028361,47.3380589310832
3028362,739.559949524277
3028363,56.66027165804388
3028364,196.8077288357249
3028365,0.0
3028366,93.45185652522252
3028367,49.5141710042883
3028368,863.8346358848668
3028369,170.48224146389833
3028370,49.5141710042883
3028371,56.66027165804388
3028372,783.1680379250101
3028373,174.36390876266444
3028374,6602.974831493202
3028375,49.5141710042883
3028376,162.51867688005436
3028377,0.0
3028378,0.0
3028379,0.0
3028380,1286.867876007028
3028381,0.0
3028382,230.12965167954354
3028383,0.0
3028384,466.74688886173715
3028385,333.3282697499935
3028386,77.56533175593307
3028387,27.84954224551069
3028388,29.379934100444473
3028389,1886.6772121959182
3028390,0.0
3028391,0.0
3028392,0.0
3028393,0.0
3028394,0.0
3028395,242.911438895268
3028396,0.0
3028397,0.0
3028398,0.0
3028399,2.682189360525797
3028400,0.0
3028401,222.80875083389736
3028402,107.0310893403751
3028403,0.0
3028404,0.0
3028405,75.77636298749502
3028406,0.0
3028407,324.2285412422666
3028408,0.0
3028409,0.0
3028410,24.74161610999721
3028411,21.927147597770954
3028412,21.927147597770954
3028413,2849.597229339617
3028414,21.927147597770954
3028415,417.6139701889876
3028416,26.265342250188667
3028417,1299.7965593521853
3028418,734.3599968812382
3028419,368.98911851422196
3028420,209.17010585416395
3028421,152.96347206903826
3028422,4063.5239226494828
3028423,21.568676648493636
3028424,21.927147597770954
3028425,51.22081238752145
3028426,55.91747798921648
3028427,21.927147597770954
3028428,400.2947182363211
3028429,24.023040748698804
3028430,24.023040748698804
3028431,28.221212713051216
3028432,78.62156602842151
3028433,21.927147597770954
3028434,552.84920192501
3028435,368.0665289210203
3028436,21.927147597770954
3028437,24.74161610999721
3028438,229.71845549044158
3028439,67.46674178585664
3028440,625.1019387514086
3028441,21.927147597770954
3028442,25.54676688889026
3028443,2.874102103885207
3028444,0.7782089529573568
3028445,0.7782089529573568
3028446,1218.887074324498
3028447,0.7782089529573568
3028448,180.06474146380822
3028449,0.0
3028450,468.6385697872256
3028451,193.01299572691977
3028452,97.4609704201979
3028453,22.46049738033156
3028454,0.0
3028455,1861.4698618447944
3028456,0.0
3028457,0.7782089529573568
3028458,0.0
3028459,0.0
3028460,0.7782089529573568
3028461,190.54328953640774
3028462,2.874102103885207
3028463,3.5926774651836126
3028464,3.5926774651836126
3028465,9.84892087930649
3028466,0.7782089529573568
3028467,187.87180415839288
3028468,77.0077717688826
3028469,1.4967843142557626
3028470,3.5926774651836126
3028471,51.182824200572384
3028472,22.233485872869835
3028473,82.32870456824998
3028474,0.7782089529573568
3028475,0.0
3028476,204.57187679214078
3028477,16.42407219002331
3028478,24.28148198328506
3028479,3671.031664919793
3028480,16.42407219002331
3028481,483.4968255105657
3028482,206.09560293233224
3028483,2104.8504578217544
3028484,1026.2017500464563
3028485,473.5351553127521
3028486,374.7922470815382
3028487,266.8775478852072
3028488,4881.866067888634
3028489,16.282565039356598
3028490,16.42407219002331
3028491,424.4747411583368
3028492,272.62787573188103
3028493,16.42407219002331
3028494,1082.5158389456915
3028495,18.51996534095116
3028496,18.51996534095116
3028497,281.05481376898433
3028498,227.94142676189242
3028499,35.140438151487956
3028500,340.2492283969923
3028501,548.7405301057727
3028502,35.140438151487956
3028503,19.455504500860172
3028504,393.74619128494277
3028505,146.3429309951231
3028506,1122.5116030032705
3028507,16.42407219002331
3028508,27.90110127440437
3028509,9.860514133030847
3028510,7.764620982102997
3028511,7.764620982102997
3028512,2797.421788782365
3028513,7.764620982102997
3028514,294.16447500869333
3028515,12.10281563452071
3028516,1092.3657613067721
3028517,781.4167531238536
3028518,299.2166038640431
3028519,165.42619222381583
3028520,84.96123707227628
3028521,4007.5786671502974
3028522,7.406150032825678
3028523,7.764620982102997
3028524,25.023507124542903
3028525,57.188075872785646
3028526,7.764620982102997
3028527,318.2426952235111
3028528,9.860514133030847
3028529,10.579089494329253
3028530,10.579089494329253
3028531,55.85368990343272
3028532,7.764620982102997
3028533,246.59546511328654
3028534,286.8046815654875
3028535,8.483196343401403
3028536,10.579089494329253
3028537,191.10370658228598
3028538,12.307185487456763
3028539,492.4819882867514
3028540,7.764620982102997
3028541,12.10281563452071
3028542,16.84094683071112
3028543,14.745053679783268
3028544,23.13984627153326
3028545,1613.375739787372
3028546,14.745053679783268
3028547,178.46282858071325
3028548,5.520669132523892
3028549,750.4911322851875
3028550,264.4609196651628
3028551,110.19908239883424
3028552,21.360895901545348
3028553,0.0
3028554,2359.0760270485926
3028555,0.8240035308288611
3028556,14.745053679783268
3028557,24.22383290157154
3028558,6.63966013253355
3028559,14.745053679783268
3028560,217.37926739909042
3028561,16.84094683071112
3028562,17.559522192009524
3028563,17.559522192009524
3028564,48.14427692423362
3028565,14.745053679783268
3028566,191.63763931551728
3028567,82.55175670956902
3028568,15.463629041081674
3028569,17.559522192009524
3028570,50.71661610693104
3028571,0.0
3028572,215.4199657039511
3028573,14.745053679783268
3028574,5.520669132523892
3028575,24.6537869123909
3028576,22.55789376146305
3028577,22.55789376146305
3028578,2639.939628402631
3028579,22.55789376146305
3028580,359.5873904855586
3028581,13.33350921420373
3028582,1210.3111811768501
3028583,795.5008784812446
3028584,419.8496435455437
3028585,158.55079883607044
3028586,152.16743601747874
3028587,3825.458401407315
3028588,8.636843612508699
3028589,22.55789376146305
3028590,17.939249389124484
3028591,22.452735250153523
3028592,22.55789376146305
3028593,358.7660296638545
3028594,24.6537869123909
3028595,25.372362273689305
3028596,25.372362273689305
3028597,71.07715474120772
3028598,22.55789376146305
3028599,355.8706292890332
3028600,339.174912509859
3028601,23.276469122761455
3028602,25.372362273689305
3028603,197.12547650542447
3028604,34.74558670271182
3028605,668.1021062247303
3028606,22.55789376146305
3028607,13.33350921420373
3028608,7.464579715947536
3028609,4.650111203721281
3028610,19.037152078185386
3028611,2786.4932149257647
3028612,4.650111203721281
3028613,488.6231096532118
3028614,8.988305856138993
3028615,942.7662995069503
3028616,823.2416924052657
3028617,300.16036570031514
3028618,178.97739389647765
3028619,162.4058835657809
3028620,3705.410906765756
3028621,0.0
3028622,4.650111203721281
3028623,8.890227857507625
3028624,41.64440635067268
3028625,4.650111203721281
3028626,350.88095238232506
3028627,10.944176319001542
3028628,10.944176319001542
3028629,7.464579715947536
3028630,130.78192826131644
3028631,5.368686565019686
3028632,263.7769827544878
3028633,377.92155226007947
3028634,5.368686565019686
3028635,7.464579715947536
3028636,273.51048908389026
3028637,103.96788728090118
3028638,2322.0588744121596
3028639,4.650111203721281
3028640,0.0
3028641,12.592801189163652
3028642,9.778332676937396
3028643,39.03516930989372
3028644,2153.906324583272
3028645,9.778332676937396
3028646,350.6545492017927
3028647,17.596123932409114
3028648,938.4190895685399
3028649,872.0948207164884
3028650,28.212175318432685
3028651,107.899635175172
3028652,56.83059315284487
3028653,3328.4381428957718
3028654,0.0
3028655,9.778332676937396
3028656,65.84828892595857
3028657,99.15685528016917
3028658,9.778332676937396
3028659,303.7156874891378
3028660,16.072397792217657
3028661,12.592801189163652
3028662,16.072397792217657
3028663,38.71570735521675
3028664,10.496908038235802
3028665,195.14588101028747
3028666,200.93571796304852
3028667,10.496908038235802
3028668,12.592801189163652
3028669,202.43273036258458
3028670,34.09284790102396
3028671,1692.0056060202123
3028672,9.778332676937396
3028673,0.0
3028674,2.565117318077057
3028675,0.0
3028676,36.75597187909335
3028677,2814.8190457257765
3028678,0.0
3028679,472.4786001164821
3028680,4.088843458268514
3028681,1148.8013256681427
3028682,683.5681280915303
3028683,331.9305235017403
3028684,191.82035091356354
3028685,135.61371712843786
3028686,4445.286647302003
3028687,0.0
3028688,0.0
3028689,17.009534948290707
3028690,46.1305504379265
3028691,0.0
3028692,301.8135811371986
3028693,6.044713921131063
3028694,6.044713921131063
3028695,44.08192178356876
3028696,0.0
3028697,0.469224167149207
3028698,498.37499851660743
3028699,400.60667696188415
3028700,0.469224167149207
3028701,2.565117318077057
3028702,218.72853597235306
3028703,55.84342888262347
3028704,1215.5509835112325
3028705,41.267453271342504
3028706,7.568440061322519
3028707,19.5913308165035
3028708,16.776862304277245
3028709,47.217427117115506
3028710,2861.720681626861
3028711,16.776862304277245
3028712,388.12086013015283
3028713,24.594653559748906
3028714,970.0892298146446
3028715,870.0073988106233
3028716,82.75919582732791
3028717,245.02773999012447
3028718,143.57728391088338
3028719,3521.343444025875
3028720,0.0
3028721,16.776862304277245
3028722,21.016978958063532
3028723,69.10610602830451
3028724,16.776862304277245
3028725,204.59783989137046
3028726,23.070927419557506
3028727,23.070927419557506
3028728,19.5913308165035
3028729,210.69849390011203
3028730,17.49543766557565
3028731,275.1230518180822
3028732,263.3748780314272
3028733,17.49543766557565
3028734,23.070927419557506
3028735,292.45359461764184
3028736,128.19483763939613
3028737,1833.948373789602
3028738,17.49543766557565
3028739,158.88966229425264
3028740,18.117805413712915
3028741,16.021912262785065
3028742,23.879322056046817
3028743,2619.0242441348223
3028744,16.021912262785065
3028745,391.8090310259664
3028746,20.360106915202778
3028747,1414.0201535755114
3028748,535.317102806614
3028749,295.68283439799836
3028750,130.45743899158313
3028751,131.4645935228855
3028752,4601.685455473986
3028753,19.143037916561752
3028754,16.021912262785065
3028755,44.2136021215635
3028756,48.74700310655362
3028757,16.021912262785065
3028758,438.94595801651167
3028759,18.83638077501132
3028760,18.83638077501132
3028761,18.83638077501132
3028762,58.60094298585267
3028763,16.74048762408347
3028764,393.30028162549587
3028765,306.4690691896641
3028766,16.74048762408347
3028767,18.83638077501132
3028768,162.22373028031356
3028769,30.52564830098146
3028770,598.850206044385
3028771,16.021912262785065
3028772,20.360106915202778
3028773,2.850768240539878
3028774,0.7548750896120282
3028775,0.7548750896120282
3028776,2333.3658466333814
3028777,0.7548750896120282
3028778,337.2238987756147
3028779,5.093069742029741
3028780,839.9062573068489
3028781,723.0925068120812
3028782,0.0
3028783,152.9308386487228
3028784,56.770564560688854
3028785,3016.6045301628888
3028786,0.0
3028787,0.7548750896120282
3028788,12.538851012615794
3028789,60.08977333634658
3028790,0.7548750896120282
3028791,185.4378766316404
3028792,3.569343601838284
3028793,3.569343601838284
3028794,3.569343601838284
3028795,39.83086527801737
3028796,1.473450450910434
3028797,198.72968370334704
3028798,206.56742206655346
3028799,1.473450450910434
3028800,3.569343601838284
3028801,191.02791257040028
3028802,36.73132968313945
3028803,1311.86619704963
3028804,0.7548750896120282
3028805,0.0
3028806,14.226722680318687
3028807,11.412254168092431
3028808,11.412254168092431
3028809,2553.5737059746766
3028810,11.412254168092431
3028811,645.2252972306057
3028812,13.963394869597494
3028813,800.65273871864
3028814,855.299566138493
3028815,452.6260801405372
3028816,141.09825819705603
3028817,229.20569625738855
3028818,3198.925121033101
3028819,37.583926666627804
3028820,11.412254168092431
3028821,13.865316870966126
3028822,18.561982472661157
3028823,11.412254168092431
3028824,250.7676278430642
3028825,17.706319283372693
3028826,17.706319283372693
3028827,42.60081661014743
3028828,275.29762089721385
3028829,12.130829529390837
3028830,165.7928848628951
3028831,526.6360818127196
3028832,12.130829529390837
3028833,14.226722680318687
3028834,179.1953321187335
3028835,47.84495921030543
3028836,1787.4232239713463
3028837,11.412254168092431
3028838,187.24979276793707
3028839,13.448538523031004
3028840,10.634070010804749
3028841,10.634070010804749
3028842,3833.466583980995
3028843,10.634070010804749
3028844,420.91897829080295
3028845,3.1967394144580226
3028846,1269.2031866479222
3028847,803.0331683135407
3028848,504.0849378992385
3028849,163.8213343597616
3028850,78.14388005019816
3028851,4057.910694093965
3028852,0.0
3028853,10.634070010804749
3028854,26.28641097196828
3028855,18.73684946882173
3028856,10.634070010804749
3028857,418.4187331762253
3028858,12.729963161732599
3028859,12.729963161732599
3028860,13.448538523031004
3028861,49.162968664033826
3028862,10.634070010804749
3028863,514.6181209364552
3028864,363.00458829762556
3028865,10.634070010804749
3028866,12.729963161732599
3028867,186.2354825758617
3028868,23.350375486132066
3028869,457.6343277347569
3028870,10.634070010804749
3028871,2.4781640531596167
3028872,210.3698980334661
3028873,20.62150775817372
3028874,36.18162717153683
3028875,8455.904441085748
3028876,20.62150775817372
3028877,1039.296465488288
3028878,31.467446625325863
3028879,2099.8251822925286
3028880,2076.75821286218
3028881,402.4592367909866
3028882,590.4959852445716
3028883,295.8486049175456
3028884,9413.682085047922
3028885,26.614022983353664
3028886,20.62150775817372
3028887,26.887143129328933
3028888,88.3483772872039
3028889,20.62150775817372
3028890,893.3388569763633
3028891,128.92556673011435
3028892,29.943720485134406
3028893,231.15839302937985
3028894,313.78750605404133
3028895,22.797619831378825
3028896,993.8916854514864
3028897,539.5332793516825
3028898,22.797619831378825
3028899,29.943720485134406
3028900,913.2250874916296
3028901,214.99042000094641
3028902,8276.472522229813
3028903,364.29360125285973
3028904,152.53537498461552
3028905,19.992564108217323
3028906,17.69304835252734
3028907,40.768301599423125
3028908,8272.464660134854
3028909,17.69304835252734
3028910,869.1332218958955
3028911,28.538987219679484
3028912,2022.5853451065716
3028913,2140.710643785682
3028914,171.19256811700308
3028915,513.9274174727475
3028916,169.41916860145346
3028917,9551.069104441618
3028918,0.0
3028919,17.69304835252734
3028920,48.166528547782036
3028921,89.11641862417235
3028922,17.69304835252734
3028923,887.2576519910302
3028924,129.6936080670828
3028925,27.015261079488027
3028926,26.989227431591132
3028927,312.5687788897223
3028928,19.869160425732446
3028929,917.3231176796622
3028930,357.5639995693902
3028931,19.869160425732446
3028932,27.015261079488027
3028933,838.0613165792663
3028934,139.82664908858277
3028935,5636.01788384159
3028936,356.7423833543661
3028937,121.06096027360542
3028938,38.65089268435008
3028939,39.379524540340526
3028940,84.22492384410987
3028941,5331.697916944883
3028942,39.379524540340526
3028943,646.0281471764837
3028944,48.66858488954438
3028945,1887.6036334760026
3028946,1567.655650713921
3028947,230.76904216855786
3028948,191.73847391050572
3028949,111.47307885767157
3028950,6912.750270714216
3028951,7.055287520890943
3028952,39.379524540340526
3028953,36.04752116597513
3028954,143.831808133788
3028955,39.379524540340526
3028956,668.6287251502438
3028957,88.92111140131323
3028958,47.14485874935292
3028959,121.71288769015143
3028960,178.39074749532767
3028961,40.09809990163893
3028962,645.8877990983525
3028963,537.2519203969216
3028964,40.09809990163893
3028965,47.14485874935292
3028966,566.6259979979566
3028967,51.26718250716124
3028968,2484.3357041099257
3028969,162.13039795020654
3028970,122.72893921969325
3028971,173.8867415257237
3028972,16.246259061038018
3028973,64.29706559518291
3028974,6834.484096644561
3028975,16.246259061038018
3028976,610.7672503958545
3028977,28.563467021922293
3028978,1742.5172877652756
3028979,1800.233871831095
3028980,0.0
3028981,369.12628905974594
3028982,56.97928754456012
3028983,8349.239936381382
3028984,0.0
3028985,16.246259061038018
3028986,79.1388780106181
3028987,120.08876808700848
3028988,16.246259061038018
3028989,844.8812786615503
3028990,73.35045161768505
3028991,27.039740881730836
3028992,92.8413585375614
3028993,122.50168301076513
3028994,18.42237113424312
3028995,823.2756142475924
3028996,292.80800537719495
3028997,18.42237113424312
3028998,27.039740881730836
3028999,699.8496062108709
3029000,0.0
3029001,4646.639330163459
3029002,282.77963163351035
3029003,90.0906202285089
3029004,21.6834596752106
3029005,20.354044551162985
3029006,65.19944385493233
3029007,4727.913461950975
3029008,20.354044551162985
3029009,529.9354145689039
3029010,29.643104900366836
3029011,1781.2553269161208
3029012,1353.0759928001676
3029013,204.22845148349646
3029014,155.79858270798385
3029015,75.53318765514967
3029016,6695.918158663073
3029017,0.0
3029018,20.354044551162985
3029019,90.05034866367714
3029020,124.03478814976734
3029021,20.354044551162985
3029022,613.2934560004686
3029023,98.15843569056926
3029024,28.11937876017538
3029025,85.44331285669148
3029026,0.0
3029027,21.07261991246139
3029028,609.9479078958307
3029029,404.57472019717784
3029030,21.07261991246139
3029031,28.11937876017538
3029032,530.6861067954347
3029033,15.327291304639289
3029034,1892.1242010131334
3029035,113.7375088921716
3029036,110.60627979492841
3029037,50.62141299026928
3029038,49.291997866221664
3029039,64.76276854652377
3029040,6093.212955648641
3029041,49.291997866221664
3029042,753.765503029532
3029043,57.10978912169338
3029044,2031.8953880071147
3029045,1815.5688045575805
3029046,412.28356812419304
3029047,256.48047751919825
3029048,211.5699410421725
3029049,7391.194619406766
3029050,22.968643558575423
3029051,49.291997866221664
3029052,70.85334575409576
3029053,111.74060580459872
3029054,49.291997866221664
3029055,696.0731327582923
3029056,155.75370605110413
3029057,55.586062981501925
3029058,85.00663754828292
3029059,143.3855626097291
3029060,50.01057322752007
3029061,659.8761777261132
3029062,679.1507782168803
3029063,50.01057322752007
3029064,55.586062981501925
3029065,580.6143766257171
3029066,116.0091861158536
3029067,4879.274117321715
3029068,186.28660677064934
3029069,152.08517962298987
3029070,11.712351517114996
3029071,8.89788300488874
3029072,8.89788300488874
3029073,2054.628459957048
3029074,8.89788300488874
3029075,296.3897104080724
3029076,13.236077657306453
3029077,792.895004298897
3029078,635.1667898817045
3029079,166.78312903763387
3029080,149.9586579557114
3029081,83.1802920949666
3029082,3260.378864971732
3029083,0.0
3029084,8.89788300488874
3029085,15.2152466960286
3029086,69.08700066803897
3029087,8.89788300488874
3029088,191.24947208617365
3029089,11.712351517114996
3029090,10.99377615581659
3029091,0.0
3029092,25.572003272992674
3029093,8.89788300488874
3029094,174.75540610191436
3029095,229.62510726230428
3029096,8.89788300488874
3029097,11.712351517114996
3029098,188.05573187738887
3029099,25.3756891952321
3029100,1635.4168420661265
3029101,8.89788300488874
3029102,165.11272905638316
3029103,35.434663329226396
3029104,32.62019481700014
3029105,33.338770178298546
3029106,4009.1660195827903
3029107,32.62019481700014
3029108,366.2042939340091
3029109,41.90925516620399
3029110,1360.3383351696857
3029111,1084.5134344772764
3029112,48.185231441260385
3029113,19.801269375603283
3029114,0.0
3029115,5404.53310864704
3029116,6.205540054984226
3029117,32.62019481700014
3029118,42.37021782942145
3029119,137.01031759347774
3029120,32.62019481700014
3029121,479.160247543878
3029122,173.7782407942215
3029123,67.98960861662022
3029124,35.434663329226396
3029125,101.50526312025153
3029126,33.338770178298546
3029127,358.04302610238847
3029128,257.4280671544469
3029129,33.338770178298546
3029130,35.434663329226396
3029131,422.6944292265057
3029132,0.0
3029133,1676.1806584188353
3029134,103.45860745618086
3029135,94.52720497464077
3029136,31.331556591775723
3029137,29.235663440847873
3029138,29.235663440847873
3029139,4379.7814535305015
3029140,29.235663440847873
3029141,559.6166643026473
3029142,33.573858093265585
3029143,1544.5709493697193
3029144,1441.0200916400668
3029145,207.70735909309556
3029146,364.19438888268047
3029147,135.0256107670563
3029148,4738.548689596051
3029149,25.45695495389532
3029150,29.235663440847873
3029151,89.05494119347725
3029152,104.55786511258077
3029153,29.235663440847873
3029154,464.40500789577817
3029155,31.331556591775723
3029156,32.05013195307413
3029157,32.05013195307413
3029158,0.0
3029159,29.235663440847873
3029160,682.1720519461352
3029161,530.1321870485629
3029162,29.95423880214628
3029163,32.05013195307413
3029164,542.8278451589674
3029165,78.2096941046072
3029166,3930.483260122846
3029167,29.235663440847873
3029168,121.30269134141182
3029169,62.93635766105672
3029170,60.12188914883046
3029171,60.12188914883046
3029172,3461.4075899289596
3029173,60.12188914883046
3029174,980.5216593620087
3029175,50.897504601571086
3029176,1453.9712823783946
3029177,1499.2037597166807
3029178,732.5119065411392
3029179,127.73820582687358
3029180,155.2447129146524
3029181,6202.09546304408
3029182,98.31207304260175
3029183,60.12188914883046
3029184,28.71581276803522
3029185,73.7630558740019
3029186,60.12188914883046
3029187,603.0370925557814
3029188,62.21778229975831
3029189,62.21778229975831
3029190,62.21778229975831
3029191,2.632356939428746
3029192,60.12188914883046
3029193,160.20801556149888
3029194,935.9322541511233
3029195,60.12188914883046
3029196,62.21778229975831
3029197,167.27003901793788
3029198,27.472233584645664
3029199,3538.9217582028105
3029200,60.12188914883046
3029201,159.53068976515146
3029202,20.806128865708274
3029203,17.99166035348202
3029204,17.99166035348202
3029205,2289.3481278264826
3029206,17.99166035348202
3029207,528.0223048957149
3029208,20.542801054987137
3029209,1044.1718353058643
3029210,874.0505179293069
3029211,376.89813796058195
3029212,206.86644077747366
3029213,172.62046403188577
3029214,3330.293847690391
3029215,22.57382547436032
3029216,17.99166035348202
3029217,16.965126453301764
3029218,111.56881387002673
3029219,17.99166035348202
3029220,127.04280772461755
3029221,20.08755350440987
3029222,20.08755350440987
3029223,20.08755350440987
3029224,195.28947314946643
3029225,17.99166035348202
3029226,303.41891081302987
3029227,423.2769662086713
3029228,17.99166035348202
3029229,20.08755350440987
3029230,246.36831155861182
3029231,116.2206579916122
3029232,1578.1748489312633
3029233,17.99166035348202
3029234,24.117897751588373
3029235,17.047173975501607
3029236,14.232705463275352
3029237,14.232705463275352
3029238,2094.7944839609872
3029239,14.232705463275352
3029240,294.52554768347284
3029241,5.008320916015975
3029242,968.6904437650702
3029243,309.79455689912265
3029244,152.50403414135425
3029245,79.6324019700462
3029246,129.78984915359928
3029247,2922.3833650004444
3029248,0.3116553143209444
3029249,14.232705463275352
3029250,5.073507534089515
3029251,6.865904869067322
3029252,14.232705463275352
3029253,275.12095132509995
3029254,16.3285986142032
3029255,16.3285986142032
3029256,16.3285986142032
3029257,47.96433342004207
3029258,14.232705463275352
3029259,203.022580288501
3029260,182.1825719966872
3029261,14.232705463275352
3029262,16.3285986142032
3029263,116.93770109060549
3029264,0.0
3029265,302.9094458510502
3029266,14.232705463275352
3029267,4.28974555471757
3029268,16.296923044905668
3029269,13.482454532679412
3029270,46.60087643488038
3029271,2933.1542224222703
3029272,13.482454532679412
3029273,386.9958183942967
3029274,22.77151488188332
3029275,1075.4347040378384
3029276,953.3235342009425
3029277,111.9151588562049
3029278,159.06599477646952
3029279,114.65490503749774
3029280,4531.837971484169
3029281,0.0
3029282,13.482454532679412
3029283,19.193840280197946
3029284,95.08770583281006
3029285,13.482454532679412
3029286,235.5458535149932
3029287,21.247788741691807
3029288,21.247788741691807
3029289,41.05632359115708
3029290,144.87102445910702
3029291,14.201029893977818
3029292,290.69111307169044
3029293,268.3457044612488
3029294,14.201029893977818
3029295,21.247788741691807
3029296,315.0862925101147
3029297,86.66400436178196
3029298,2264.5578349836887
3029299,14.201029893977818
3029300,136.36846182661262
3029301,23.535892384950273
3029302,20.721423872724017
3029303,43.716579508222765
3029304,4534.384603702573
3029305,20.721423872724017
3029306,431.9329184479456
3029307,28.539215128195735
3029308,944.1375137967271
3029309,1496.9939920382124
3029310,38.94646687771973
3029311,309.3407655258044
3029312,86.04188544580319
3029313,3970.567336703057
3029314,0.0
3029315,20.721423872724017
3029316,60.90859281771668
3029317,85.34129971577255
3029318,20.721423872724017
3029319,462.0627185841029
3029320,27.01548898800428
3029321,31.860262572378986
3029322,23.535892384950273
3029323,64.22953684476323
3029324,21.439999234022423
3029325,493.8692393789138
3029326,204.26334857396452
3029327,21.439999234022423
3029328,27.01548898800428
3029329,413.20264141905693
3029330,54.15070170132299
3029331,4170.117885180899
3029332,21.439999234022423
3029333,147.4374140107814
3029334,33.82105803667872
3029335,31.006589524452465
3029336,54.00174515995121
3029337,4547.3089448835835
3029338,31.006589524452465
3029339,476.3693255364863
3029340,38.824380779924184
3029341,1095.6618325425152
3029342,1610.1559435412546
3029343,81.73805617704107
3029344,180.3757202878263
3029345,105.13142563187694
3029346,4621.223185174217
3029347,0.0
3029348,31.006589524452465
3029349,64.45882876073654
3029350,95.626465367501
3029351,31.006589524452465
3029352,532.3709954571168
3029353,37.30065463973273
3029354,37.30065463973273
3029355,0.0
3029356,83.17290272558364
3029357,31.72516488575087
3029358,529.0814920287792
3029359,283.4823567356296
3029360,31.72516488575087
3029361,37.30065463973273
3029362,448.4148940689225
3029363,73.24024188739673
3029364,3863.9605307230063
3029365,31.72516488575087
3029366,150.18636571295218
3029367,0.36559099223882185
3029368,0.0
3029369,37.24380901743319
3029370,3672.4786189651163
3029371,0.0
3029372,464.1823733680264
3029373,5.368913735484284
3029374,1373.1691750282343
3029375,878.040919625608
3029376,448.2053762023759
3029377,231.63701998802708
3029378,134.33217251802714
3029379,6203.7569375647445
3029380,0.0
3029381,0.0
3029382,46.265297707493005
3029383,43.82256517761442
3029384,0.0
3029385,292.8191281108415
3029386,3.8451875952928276
3029387,3.8451875952928276
3029388,42.59329578273986
3029389,0.0
3029390,0.0
3029391,564.3564744255226
3029392,481.92741507581843
3029393,0.0
3029394,3.8451875952928276
3029395,251.10029613164787
3029396,100.19131533214204
3029397,1168.883499279224
3029398,58.9183604179421
3029399,0.0
